[2026-07-20 06:42:44:4244] [[32minfo[39m]: [32mDatabase connection established successfully.[39m
[2026-07-20 06:42:44:4244] [[32minfo[39m]: [32mServer is running in development mode on port 5000[39m
[2026-07-20 06:43:36:4336] [[35mhttp[39m]: [35mGET / 404 98 - 3.521 ms[39m
[2026-07-20 06:43:37:4337] [[35mhttp[39m]: [35mGET /favicon.ico 404 120 - 0.732 ms[39m
[2026-07-20 06:56:05:565] [[32minfo[39m]: [32mReceived shutdown signal. Closing server...[39m
[2026-07-20 06:56:20:5620] [[32minfo[39m]: [32mDatabase connection established successfully.[39m
[2026-07-20 06:56:20:5620] [[32minfo[39m]: [32mServer is running in development mode on port 5000[39m
[2026-07-20 06:56:31:5631] [[35mhttp[39m]: [35mGET / 404 98 - 7.250 ms[39m
[2026-07-20 06:58:11:5811] [[35mhttp[39m]: [35mGET / 404 98 - 0.727 ms[39m
[2026-07-20 06:59:11:5911] [[35mhttp[39m]: [35mGET / 404 98 - 0.522 ms[39m
[2026-07-20 07:17:18:1718] [[35mhttp[39m]: [35mGET /api/v1 404 110 - 1.385 ms[39m
[2026-07-20 07:19:09:199] [[35mhttp[39m]: [35mGET /health 200 130 - 1.501 ms[39m
[2026-07-20 07:25:40:2540] [[35mhttp[39m]: [35mGET /health 200 130 - 0.897 ms[39m
[2026-07-20 07:51:17:5117] [[32minfo[39m]: [32mDatabase connection established successfully.[39m
[2026-07-20 07:51:17:5117] [[32minfo[39m]: [32mServer is running in development mode on port 5000[39m
[2026-07-20 07:51:50:5150] [[32minfo[39m]: [32mDatabase connection established successfully.[39m
[2026-07-20 07:51:50:5150] [[32minfo[39m]: [32mServer is running in development mode on port 5000[39m
[2026-07-20 07:55:45:5545] [[35mhttp[39m]: [35mGET / 404 98 - 6.983 ms[39m
[2026-07-20 08:02:14:214] [[32minfo[39m]: [32mReceived shutdown signal. Closing server...[39m
[2026-07-20 08:02:26:226] [[32minfo[39m]: [32mDatabase connection established successfully.[39m
[2026-07-20 08:02:26:226] [[32minfo[39m]: [32mServer is running in development mode on port 5000[39m
[2026-07-20 08:03:12:312] [[35mhttp[39m]: [35mGET / 404 98 - 6.116 ms[39m
[2026-07-20 08:03:47:347] [[35mhttp[39m]: [35mPOST /api/v1/auth/login 400 150 - 15.678 ms[39m
[2026-07-20 08:03:50:350] [[35mhttp[39m]: [35mPOST /api/v1/auth/login 400 150 - 3.910 ms[39m
[2026-07-20 08:03:55:355] [[35mhttp[39m]: [35mPOST /api/v1/auth/login 400 150 - 2.518 ms[39m
[2026-07-20 08:09:35:935] [[35mhttp[39m]: [35mPOST /api/v1/auth/login 400 150 - 3.842 ms[39m
[2026-07-20 08:09:44:944] [[35mhttp[39m]: [35mPOST /api/v1/auth/login 400 150 - 4.707 ms[39m
[2026-07-20 08:09:50:950] [[35mhttp[39m]: [35mPOST /api/v1/auth/login 400 150 - 3.077 ms[39m
[2026-07-20 08:10:03:103] [[35mhttp[39m]: [35mPOST /api/v1/auth/login 400 150 - 2.969 ms[39m
[2026-07-20 08:10:14:1014] [[35mhttp[39m]: [35mPOST /api/v1/auth/login 400 150 - 3.454 ms[39m
[2026-07-20 08:10:17:1017] [[35mhttp[39m]: [35mPOST /api/v1/auth/login 200 691 - 225.268 ms[39m
[2026-07-20 08:10:46:1046] [[35mhttp[39m]: [35mPOST /api/v1/auth/login 200 691 - 169.196 ms[39m
[2026-07-20 09:20:24:2024] [[35mhttp[39m]: [35mGET /api/v1/auth/me 401 92 - 1.774 ms[39m
[2026-07-20 09:20:24:2024] [[35mhttp[39m]: [35mGET /api/v1/auth/me 401 92 - 0.838 ms[39m
[2026-07-20 13:22:38:2238] [[32minfo[39m]: [32mDatabase connection established successfully.[39m
[2026-07-20 13:25:33:2533] [[35mhttp[39m]: [35mPOST /api/v1/auth/login 200 691 - 480.581 ms[39m
[2026-07-20 13:28:45:2845] [[32minfo[39m]: [32mDatabase connection established successfully.[39m
[2026-07-20 13:28:45:2845] [[32minfo[39m]: [32mServer is running in development mode on port 5000[39m
[2026-07-20 13:28:57:2857] [[35mhttp[39m]: [35mPOST /api/v1/auth/login 200 691 - 223.465 ms[39m
[2026-07-20 13:29:42:2942] [[35mhttp[39m]: [35mPOST /api/v1/auth/login 200 691 - 161.123 ms[39m
[2026-07-20 13:29:42:2942] [[35mhttp[39m]: [35mGET /api/v1/dashboard 200 152 - 35.231 ms[39m
[2026-07-20 13:29:42:2942] [[35mhttp[39m]: [35mGET /api/v1/dashboard 304 - - 17.900 ms[39m
[2026-07-20 13:30:04:304] [[35mhttp[39m]: [35mGET /api/v1/users 200 702 - 9.817 ms[39m
[2026-07-20 13:30:04:304] [[35mhttp[39m]: [35mGET /api/v1/users 304 - - 12.925 ms[39m
[2026-07-20 13:30:10:3010] [[35mhttp[39m]: [35mGET /api/v1/survey-sites 200 82 - 4.449 ms[39m
[2026-07-20 13:30:10:3010] [[35mhttp[39m]: [35mGET /api/v1/survey-sites 304 - - 8.398 ms[39m
[2026-07-20 13:32:08:328] [[32minfo[39m]: [32mDatabase connection established successfully.[39m
[2026-07-20 13:32:08:328] [[32minfo[39m]: [32mServer is running in development mode on port 5000[39m
[2026-07-20 13:32:08:328] [[32minfo[39m]: [32mDatabase connection established successfully.[39m
[2026-07-20 13:32:17:3217] [[32minfo[39m]: [32mDatabase connection established successfully.[39m
[2026-07-20 13:32:17:3217] [[32minfo[39m]: [32mServer is running in development mode on port 5000[39m
[2026-07-20 13:35:45:3545] [[35mhttp[39m]: [35mGET /api/v1/survey-sites 401 130 - 4.465 ms[39m
[2026-07-20 13:35:55:3555] [[35mhttp[39m]: [35mPOST /api/v1/auth/login 200 691 - 215.077 ms[39m
[2026-07-20 13:35:55:3555] [[35mhttp[39m]: [35mGET /api/v1/survey-sites 200 1037 - 10.069 ms[39m
[2026-07-20 13:36:12:3612] [[32minfo[39m]: [32mDatabase connection established successfully.[39m
[2026-07-20 13:36:12:3612] [[32minfo[39m]: [32mServer is running in development mode on port 5000[39m
[2026-07-20 13:36:12:3612] [[32minfo[39m]: [32mDatabase connection established successfully.[39m
[2026-07-20 13:36:44:3644] [[35mhttp[39m]: [35mPOST /api/v1/auth/login 200 691 - 743.520 ms[39m
[2026-07-20 13:36:44:3644] [[35mhttp[39m]: [35mGET /api/v1/survey-sites 200 1386 - 40.648 ms[39m
[2026-07-20 13:37:55:3755] [[32minfo[39m]: [32mDatabase connection established successfully.[39m
[2026-07-20 13:37:55:3755] [[32minfo[39m]: [32mServer is running in development mode on port 5000[39m
[2026-07-20 13:37:55:3755] [[32minfo[39m]: [32mDatabase connection established successfully.[39m
[2026-07-20 13:55:24:5524] [[32minfo[39m]: [32mDatabase connection established successfully.[39m
[2026-07-20 13:55:24:5524] [[32minfo[39m]: [32mServer is running in development mode on port 5000[39m
[2026-07-20 13:55:24:5524] [[32minfo[39m]: [32mDatabase connection established successfully.[39m
[2026-07-20 13:55:24:5524] [[32minfo[39m]: [32mDatabase connection established successfully.[39m
[2026-07-20 13:55:25:5525] [[32minfo[39m]: [32mDatabase connection established successfully.[39m
[2026-07-20 13:56:23:5623] [[32minfo[39m]: [32mDatabase connection established successfully.[39m
[2026-07-20 13:56:23:5623] [[32minfo[39m]: [32mServer is running in development mode on port 5000[39m
[2026-07-20 13:56:53:5653] [[35mhttp[39m]: [35mPOST /api/v1/auth/login 200 691 - 243.057 ms[39m
[2026-07-20 13:56:54:5654] [[35mhttp[39m]: [35mPOST /api/v1/auth/login 200 727 - 235.379 ms[39m
[2026-07-20 13:56:54:5654] [[35mhttp[39m]: [35mPOST /api/v1/auth/login 200 743 - 165.396 ms[39m
[2026-07-20 13:56:54:5654] [[35mhttp[39m]: [35mPOST /api/v1/auth/login 200 746 - 162.146 ms[39m
[2026-07-20 13:56:54:5654] [[35mhttp[39m]: [35mPOST /api/v1/survey-sites 201 517 - 119.381 ms[39m
[2026-07-20 13:56:54:5654] [[35mhttp[39m]: [35mPOST /api/v1/survey-assignments 404 148 - 1.503 ms[39m
[2026-07-20 13:57:13:5713] [[35mhttp[39m]: [35mPOST /api/v1/auth/login 200 691 - 196.175 ms[39m
[2026-07-20 13:57:13:5713] [[35mhttp[39m]: [35mPOST /api/v1/auth/login 200 727 - 292.859 ms[39m
[2026-07-20 13:57:13:5713] [[35mhttp[39m]: [35mPOST /api/v1/auth/login 200 743 - 198.441 ms[39m
[2026-07-20 13:57:13:5713] [[35mhttp[39m]: [35mPOST /api/v1/auth/login 200 746 - 169.201 ms[39m
[2026-07-20 13:57:13:5713] [[35mhttp[39m]: [35mPOST /api/v1/survey-sites 201 517 - 26.366 ms[39m
[2026-07-20 13:57:13:5713] [[35mhttp[39m]: [35mPOST /api/v1/survey-assignments 404 148 - 1.688 ms[39m
[2026-07-20 13:57:36:5736] [[35mhttp[39m]: [35mPOST /api/v1/auth/login 200 691 - 252.138 ms[39m
[2026-07-20 13:57:36:5736] [[35mhttp[39m]: [35mPOST /api/v1/auth/login 200 727 - 245.600 ms[39m
[2026-07-20 13:57:36:5736] [[35mhttp[39m]: [35mPOST /api/v1/auth/login 200 743 - 187.444 ms[39m
[2026-07-20 13:57:37:5737] [[35mhttp[39m]: [35mPOST /api/v1/auth/login 200 746 - 163.534 ms[39m
[2026-07-20 13:57:37:5737] [[35mhttp[39m]: [35mPOST /api/v1/survey-sites 201 517 - 24.776 ms[39m
[2026-07-20 13:57:37:5737] [[35mhttp[39m]: [35mPOST /api/v1/survey-assignments 404 148 - 0.431 ms[39m
[2026-07-20 13:58:08:588] [[35mhttp[39m]: [35mPOST /api/v1/auth/login 200 691 - 216.009 ms[39m
[2026-07-20 13:58:08:588] [[35mhttp[39m]: [35mPOST /api/v1/auth/login 200 743 - 206.862 ms[39m
[2026-07-20 13:58:08:588] [[35mhttp[39m]: [35mPOST /api/v1/auth/login 200 746 - 169.678 ms[39m
[2026-07-20 13:58:08:588] [[35mhttp[39m]: [35mPOST /api/v1/survey-sites 201 473 - 27.571 ms[39m
[2026-07-20 13:58:08:588] [[35mhttp[39m]: [35mPOST /api/v1/survey-assignments 404 148 - 0.350 ms[39m
[2026-07-20 13:58:08:588] [[35mhttp[39m]: [35mPOST /api/v1/surveys/step1 404 138 - 0.337 ms[39m
[2026-07-20 13:58:34:5834] [[32minfo[39m]: [32mDatabase connection established successfully.[39m
[2026-07-20 13:58:34:5834] [[32minfo[39m]: [32mServer is running in development mode on port 5000[39m
[2026-07-20 13:58:34:5834] [[32minfo[39m]: [32mDatabase connection established successfully.[39m
[2026-07-20 13:58:34:5834] [[32minfo[39m]: [32mDatabase connection established successfully.[39m
[2026-07-20 13:58:35:5835] [[32minfo[39m]: [32mDatabase connection established successfully.[39m
[2026-07-20 13:58:35:5835] [[32minfo[39m]: [32mDatabase connection established successfully.[39m
[2026-07-20 13:58:35:5835] [[32minfo[39m]: [32mDatabase connection established successfully.[39m
[2026-07-20 13:58:43:5843] [[35mhttp[39m]: [35mPOST /api/v1/auth/login 200 691 - 309.930 ms[39m
[2026-07-20 13:58:44:5844] [[35mhttp[39m]: [35mPOST /api/v1/auth/login 200 727 - 283.299 ms[39m
[2026-07-20 13:58:44:5844] [[35mhttp[39m]: [35mPOST /api/v1/auth/login 200 743 - 206.994 ms[39m
[2026-07-20 13:58:44:5844] [[35mhttp[39m]: [35mPOST /api/v1/auth/login 200 746 - 215.318 ms[39m
[2026-07-20 13:58:44:5844] [[35mhttp[39m]: [35mPOST /api/v1/survey-sites 201 517 - 173.406 ms[39m
[2026-07-20 13:58:44:5844] [[35mhttp[39m]: [35mPOST /api/v1/survey-assignments 400 2262 - 46.206 ms[39m
[2026-07-20 13:59:04:594] [[35mhttp[39m]: [35mPOST /api/v1/auth/login 200 691 - 231.017 ms[39m
[2026-07-20 13:59:04:594] [[35mhttp[39m]: [35mPOST /api/v1/auth/login 200 743 - 290.027 ms[39m
[2026-07-20 13:59:04:594] [[35mhttp[39m]: [35mPOST /api/v1/auth/login 200 746 - 235.796 ms[39m
[2026-07-20 13:59:05:595] [[35mhttp[39m]: [35mPOST /api/v1/survey-sites 201 473 - 99.511 ms[39m
[2026-07-20 13:59:05:595] [[35mhttp[39m]: [35mPOST /api/v1/survey-assignments 400 2262 - 37.752 ms[39m
[2026-07-20 13:59:05:595] [[35mhttp[39m]: [35mPOST /api/v1/surveys/step1 400 130 - 4.771 ms[39m
[2026-07-20 13:59:26:5926] [[32minfo[39m]: [32mDatabase connection established successfully.[39m
[2026-07-20 13:59:26:5926] [[32minfo[39m]: [32mServer is running in development mode on port 5000[39m
[2026-07-20 13:59:26:5926] [[32minfo[39m]: [32mDatabase connection established successfully.[39m
[2026-07-20 13:59:27:5927] [[32minfo[39m]: [32mDatabase connection established successfully.[39m
[2026-07-20 13:59:27:5927] [[32minfo[39m]: [32mDatabase connection established successfully.[39m
[2026-07-20 13:59:28:5928] [[32minfo[39m]: [32mDatabase connection established successfully.[39m
[2026-07-20 13:59:28:5928] [[32minfo[39m]: [32mDatabase connection established successfully.[39m
[2026-07-20 13:59:38:5938] [[35mhttp[39m]: [35mPOST /api/v1/auth/login 200 691 - 284.438 ms[39m
[2026-07-20 13:59:38:5938] [[35mhttp[39m]: [35mPOST /api/v1/auth/login 200 727 - 221.738 ms[39m
[2026-07-20 13:59:38:5938] [[35mhttp[39m]: [35mPOST /api/v1/auth/login 200 743 - 235.766 ms[39m
[2026-07-20 13:59:38:5938] [[35mhttp[39m]: [35mPOST /api/v1/auth/login 200 746 - 168.831 ms[39m
[2026-07-20 13:59:38:5938] [[35mhttp[39m]: [35mPOST /api/v1/survey-sites 201 517 - 79.944 ms[39m
[2026-07-20 13:59:38:5938] [[35mhttp[39m]: [35mPOST /api/v1/survey-assignments 201 1863 - 143.077 ms[39m
[2026-07-20 13:59:40:5940] [[35mhttp[39m]: [35mPOST /api/v1/surveys/step1 201 4347 - 1089.278 ms[39m
[2026-07-20 13:59:40:5940] [[35mhttp[39m]: [35mPOST /api/v1/surveys/lock-asset 200 549 - 55.125 ms[39m
[2026-07-20 13:59:40:5940] [[35mhttp[39m]: [35mPOST /api/v1/surveys/lock-asset 400 156 - 9.533 ms[39m
[2026-07-20 13:59:40:5940] [[35mhttp[39m]: [35mPOST /api/v1/surveys/lock-asset 200 549 - 85.337 ms[39m
[2026-07-20 13:59:40:5940] [[35mhttp[39m]: [35mPOST /api/v1/surveys/save-asset 200 553 - 205.303 ms[39m
[2026-07-20 13:59:40:5940] [[35mhttp[39m]: [35mPOST /api/v1/surveys/save-asset 200 552 - 110.313 ms[39m
[2026-07-20 14:02:19:219] [[35mhttp[39m]: [35mGET /api/v1/auth/me 200 212 - 4.438 ms[39m
[2026-07-20 14:02:19:219] [[35mhttp[39m]: [35mGET /api/v1/auth/me 304 - - 3.683 ms[39m
[2026-07-20 14:02:28:228] [[35mhttp[39m]: [35mGET /api/v1/dashboard 200 1234 - 43.316 ms[39m
[2026-07-20 14:02:28:228] [[35mhttp[39m]: [35mGET /api/v1/dashboard 304 - - 20.996 ms[39m
[2026-07-20 14:02:47:247] [[35mhttp[39m]: [35mGET /api/v1/survey 200 1081 - 18.279 ms[39m
[2026-07-20 14:02:47:247] [[35mhttp[39m]: [35mGET /api/v1/survey 304 - - 20.542 ms[39m
[2026-07-20 14:02:55:255] [[35mhttp[39m]: [35mGET /api/v1/auth/me 304 - - 3.293 ms[39m
[2026-07-20 14:02:55:255] [[35mhttp[39m]: [35mGET /api/v1/auth/me 304 - - 10.734 ms[39m
[2026-07-20 14:02:55:255] [[35mhttp[39m]: [35mGET /api/v1/dashboard 304 - - 68.008 ms[39m
[2026-07-20 14:02:55:255] [[35mhttp[39m]: [35mGET /api/v1/dashboard 304 - - 25.462 ms[39m
[2026-07-20 14:03:29:329] [[32minfo[39m]: [32mDatabase connection established successfully.[39m
[2026-07-20 14:03:29:329] [[32minfo[39m]: [32mServer is running in development mode on port 5000[39m
[2026-07-20 14:04:38:438] [[35mhttp[39m]: [35mGET /api/v1/auth/me 304 - - 42.494 ms[39m
[2026-07-20 14:04:38:438] [[35mhttp[39m]: [35mGET /api/v1/auth/me 304 - - 5.766 ms[39m
[2026-07-20 14:04:38:438] [[35mhttp[39m]: [35mGET /api/v1/dashboard 304 - - 117.634 ms[39m
[2026-07-20 14:04:38:438] [[35mhttp[39m]: [35mGET /api/v1/dashboard 304 - - 32.260 ms[39m
[2026-07-20 14:04:43:443] [[35mhttp[39m]: [35mGET /api/v1/survey-sites 200 4589 - 11.072 ms[39m
[2026-07-20 14:04:43:443] [[35mhttp[39m]: [35mGET /api/v1/survey-sites 304 - - 8.281 ms[39m
[2026-07-20 14:04:51:451] [[35mhttp[39m]: [35mGET /api/v1/survey-sites/02ffba1a-e02a-4d93-90db-f3b6f5590460 200 481 - 6.361 ms[39m
[2026-07-20 14:04:51:451] [[35mhttp[39m]: [35mGET /api/v1/survey-sites/02ffba1a-e02a-4d93-90db-f3b6f5590460 304 - - 5.261 ms[39m
[2026-07-20 14:04:58:458] [[35mhttp[39m]: [35mGET /api/v1/survey-sites 304 - - 7.166 ms[39m
[2026-07-20 14:04:58:458] [[35mhttp[39m]: [35mGET /api/v1/survey-sites 304 - - 13.906 ms[39m
[2026-07-20 14:05:02:52] [[35mhttp[39m]: [35mGET /api/v1/users 200 1554 - 9.913 ms[39m
[2026-07-20 14:05:02:52] [[35mhttp[39m]: [35mGET /api/v1/users 304 - - 6.449 ms[39m
[2026-07-20 14:05:07:57] [[35mhttp[39m]: [35mGET /api/v1/survey-sites 304 - - 7.551 ms[39m
[2026-07-20 14:05:07:57] [[35mhttp[39m]: [35mGET /api/v1/survey-sites 304 - - 5.893 ms[39m
[2026-07-20 14:05:12:512] [[35mhttp[39m]: [35mGET /api/v1/users 304 - - 12.932 ms[39m
[2026-07-20 14:05:12:512] [[35mhttp[39m]: [35mGET /api/v1/survey-sites 304 - - 16.328 ms[39m
[2026-07-20 14:05:12:512] [[35mhttp[39m]: [35mGET /api/v1/users 304 - - 6.411 ms[39m
[2026-07-20 14:05:12:512] [[35mhttp[39m]: [35mGET /api/v1/survey-sites 304 - - 6.845 ms[39m
[2026-07-20 14:05:24:524] [[35mhttp[39m]: [35mGET /api/v1/users 304 - - 5.230 ms[39m
[2026-07-20 14:05:24:524] [[35mhttp[39m]: [35mGET /api/v1/users 304 - - 7.639 ms[39m
[2026-07-20 14:05:29:529] [[35mhttp[39m]: [35mGET /api/v1/survey-sites 304 - - 9.916 ms[39m
[2026-07-20 14:05:29:529] [[35mhttp[39m]: [35mGET /api/v1/survey-sites 304 - - 7.455 ms[39m
[2026-07-20 14:05:35:535] [[35mhttp[39m]: [35mGET /api/v1/users 304 - - 5.365 ms[39m
[2026-07-20 14:05:35:535] [[35mhttp[39m]: [35mGET /api/v1/survey-sites 304 - - 8.760 ms[39m
[2026-07-20 14:05:35:535] [[35mhttp[39m]: [35mGET /api/v1/survey-sites 304 - - 6.655 ms[39m
[2026-07-20 14:05:35:535] [[35mhttp[39m]: [35mGET /api/v1/users 304 - - 9.532 ms[39m
[2026-07-20 14:05:43:543] [[35mhttp[39m]: [35mPOST /api/v1/survey-assignment 201 1863 - 227.959 ms[39m
[2026-07-20 14:05:43:543] [[35mhttp[39m]: [35mGET /api/v1/survey-sites 200 4590 - 6.691 ms[39m
[2026-07-20 14:05:43:543] [[35mhttp[39m]: [35mGET /api/v1/survey-sites 304 - - 7.092 ms[39m
[2026-07-20 14:05:52:552] [[35mhttp[39m]: [35mGET /api/v1/users 304 - - 15.608 ms[39m
[2026-07-20 14:05:52:552] [[35mhttp[39m]: [35mGET /api/v1/users 304 - - 8.466 ms[39m
[2026-07-20 14:05:56:556] [[35mhttp[39m]: [35mGET /api/v1/users/b914ef0c-b961-43df-8fc9-9b56747f364f 200 382 - 8.921 ms[39m
[2026-07-20 14:05:56:556] [[35mhttp[39m]: [35mGET /api/v1/users/b914ef0c-b961-43df-8fc9-9b56747f364f 304 - - 6.267 ms[39m
[2026-07-20 14:06:52:652] [[35mhttp[39m]: [35mPOST /api/v1/auth/login 200 743 - 1023.513 ms[39m
[2026-07-20 14:06:56:656] [[35mhttp[39m]: [35mGET /api/v1/survey-assignment 200 3749 - 21.211 ms[39m
[2026-07-20 14:06:56:656] [[35mhttp[39m]: [35mGET /api/v1/survey-assignment 304 - - 8.498 ms[39m
[2026-07-20 14:07:00:70] [[35mhttp[39m]: [35mGET /api/v1/survey-assignment 304 - - 11.237 ms[39m
[2026-07-20 14:07:00:70] [[35mhttp[39m]: [35mGET /api/v1/survey-assignment 304 - - 8.264 ms[39m
[2026-07-20 14:07:00:70] [[35mhttp[39m]: [35mGET /api/v1/survey/site/6d48b44b-33ba-4341-af50-3a9852670792 200 87 - 8.067 ms[39m
[2026-07-20 14:07:00:70] [[35mhttp[39m]: [35mGET /api/v1/survey/site/6d48b44b-33ba-4341-af50-3a9852670792 304 - - 10.652 ms[39m
[2026-07-20 14:08:29:829] [[35mhttp[39m]: [35mPOST /api/v1/survey/step1 201 4829 - 1183.573 ms[39m
[2026-07-20 14:08:29:829] [[35mhttp[39m]: [35mGET /api/v1/survey/c0d7a170-5aca-4aa9-b712-fd6e4f1d921b 200 4809 - 21.956 ms[39m
[2026-07-20 14:08:29:829] [[35mhttp[39m]: [35mGET /api/v1/survey/c0d7a170-5aca-4aa9-b712-fd6e4f1d921b 304 - - 20.912 ms[39m
[2026-07-20 14:09:44:944] [[35mhttp[39m]: [35mPOST /api/v1/survey/lock-asset 200 549 - 82.129 ms[39m
[2026-07-20 14:09:44:944] [[35mhttp[39m]: [35mGET /api/v1/masters/charger-manufacturer 200 2108 - 12.072 ms[39m
[2026-07-20 14:09:44:944] [[35mhttp[39m]: [35mGET /api/v1/masters/connector 200 870 - 31.100 ms[39m
[2026-07-20 14:09:44:944] [[35mhttp[39m]: [35mGET /api/v1/survey/c0d7a170-5aca-4aa9-b712-fd6e4f1d921b 200 4966 - 30.572 ms[39m
[2026-07-20 14:09:44:944] [[35mhttp[39m]: [35mGET /api/v1/masters/charger-manufacturer 304 - - 6.488 ms[39m
[2026-07-20 14:09:44:944] [[35mhttp[39m]: [35mGET /api/v1/masters/connector 304 - - 6.628 ms[39m
[2026-07-20 14:09:44:944] [[35mhttp[39m]: [35mGET /api/v1/survey/c0d7a170-5aca-4aa9-b712-fd6e4f1d921b 304 - - 20.132 ms[39m
[2026-07-20 14:10:39:1039] [[35mhttp[39m]: [35mGET /api/v1/survey/c0d7a170-5aca-4aa9-b712-fd6e4f1d921b 304 - - 29.702 ms[39m
[2026-07-20 14:10:39:1039] [[35mhttp[39m]: [35mGET /api/v1/survey/c0d7a170-5aca-4aa9-b712-fd6e4f1d921b 304 - - 18.673 ms[39m
[2026-07-20 14:23:54:2354] [[35mhttp[39m]: [35mGET /api/v1/auth/me 200 234 - 4.306 ms[39m
[2026-07-20 14:23:54:2354] [[35mhttp[39m]: [35mGET /api/v1/auth/me 304 - - 2.526 ms[39m
[2026-07-20 14:23:54:2354] [[35mhttp[39m]: [35mGET /api/v1/survey/c0d7a170-5aca-4aa9-b712-fd6e4f1d921b 304 - - 38.205 ms[39m
[2026-07-20 14:23:54:2354] [[35mhttp[39m]: [35mGET /api/v1/survey/c0d7a170-5aca-4aa9-b712-fd6e4f1d921b 304 - - 33.731 ms[39m
[2026-07-20 14:24:15:2415] [[32minfo[39m]: [32mDatabase connection established successfully.[39m
[2026-07-20 14:24:15:2415] [[32minfo[39m]: [32mDatabase connection established successfully.[39m
[2026-07-20 14:24:15:2415] [[32minfo[39m]: [32mServer is running in development mode on port 5000[39m
[2026-07-20 14:24:15:2415] [[32minfo[39m]: [32mDatabase connection established successfully.[39m
[2026-07-20 14:24:15:2415] [[32minfo[39m]: [32mDatabase connection established successfully.[39m
[2026-07-20 14:24:15:2415] [[32minfo[39m]: [32mDatabase connection established successfully.[39m
[2026-07-20 14:24:15:2415] [[32minfo[39m]: [32mDatabase connection established successfully.[39m
[2026-07-20 14:32:42:3242] [[32minfo[39m]: [32mDatabase connection established successfully.[39m
[2026-07-20 14:33:38:3338] [[35mhttp[39m]: [35mGET /api/v1/auth/me 304 - - 63.459 ms[39m
[2026-07-20 14:33:38:3338] [[35mhttp[39m]: [35mGET /api/v1/auth/me 304 - - 10.974 ms[39m
[2026-07-20 14:33:39:3339] [[35mhttp[39m]: [35mGET /api/v1/survey/c0d7a170-5aca-4aa9-b712-fd6e4f1d921b 304 - - 166.721 ms[39m
[2026-07-20 14:33:39:3339] [[35mhttp[39m]: [35mGET /api/v1/survey/c0d7a170-5aca-4aa9-b712-fd6e4f1d921b 304 - - 52.159 ms[39m
[2026-07-20 14:42:30:4230] [[35mhttp[39m]: [35mGET /health 200 130 - 2.286 ms[39m
[2026-07-20 23:50:48:5048] [[32minfo[39m]: [32mDatabase connection established successfully.[39m
[2026-07-20 23:51:54:5154] [[35mhttp[39m]: [35mGET /api/v1/auth/me 304 - - 4.343 ms[39m
[2026-07-20 23:51:54:5154] [[35mhttp[39m]: [35mGET /api/v1/auth/me 304 - - 5.931 ms[39m
[2026-07-20 23:51:55:5155] [[35mhttp[39m]: [35mGET /api/v1/auth/me 304 - - 2.750 ms[39m
[2026-07-20 23:51:56:5156] [[35mhttp[39m]: [35mGET /api/v1/auth/me 304 - - 4.245 ms[39m
[2026-07-20 23:57:48:5748] [[35mhttp[39m]: [35mPOST /api/v1/auth/login 200 691 - 159.158 ms[39m
[2026-07-20 23:57:48:5748] [[35mhttp[39m]: [35mGET /api/v1/dashboard 200 2219 - 36.136 ms[39m
[2026-07-20 23:57:48:5748] [[35mhttp[39m]: [35mGET /api/v1/dashboard 304 - - 16.479 ms[39m
[2026-07-20 23:58:30:5830] [[35mhttp[39m]: [35mPOST /api/v1/auth/login 200 727 - 133.588 ms[39m
[2026-07-20 23:58:34:5834] [[35mhttp[39m]: [35mGET /api/v1/survey-sites 200 4593 - 11.379 ms[39m
[2026-07-20 23:58:35:5835] [[35mhttp[39m]: [35mGET /api/v1/survey-sites 304 - - 11.664 ms[39m
[2026-07-20 23:58:39:5839] [[35mhttp[39m]: [35mGET /api/v1/survey 200 2084 - 8.448 ms[39m
[2026-07-20 23:58:39:5839] [[35mhttp[39m]: [35mGET /api/v1/survey 304 - - 11.432 ms[39m
[2026-07-20 23:58:50:5850] [[35mhttp[39m]: [35mGET /api/v1/auth/me 200 228 - 30.231 ms[39m
[2026-07-20 23:58:50:5850] [[35mhttp[39m]: [35mGET /api/v1/auth/me 304 - - 2.805 ms[39m
[2026-07-20 23:58:58:5858] [[35mhttp[39m]: [35mGET /api/v1/survey 304 - - 11.877 ms[39m
[2026-07-20 23:58:58:5858] [[35mhttp[39m]: [35mGET /api/v1/survey 304 - - 12.226 ms[39m
[2026-07-20 23:59:07:597] [[35mhttp[39m]: [35mGET /api/v1/auth/me 304 - - 2.470 ms[39m
[2026-07-20 23:59:07:597] [[35mhttp[39m]: [35mGET /api/v1/auth/me 304 - - 18.172 ms[39m
[2026-07-20 23:59:12:5912] [[35mhttp[39m]: [35mGET /api/v1/survey 304 - - 9.255 ms[39m
[2026-07-20 23:59:12:5912] [[35mhttp[39m]: [35mGET /api/v1/survey 304 - - 15.766 ms[39m
[2026-07-20 23:59:19:5919] [[35mhttp[39m]: [35mGET /api/v1/auth/me 304 - - 2.383 ms[39m
[2026-07-20 23:59:19:5919] [[35mhttp[39m]: [35mGET /api/v1/auth/me 304 - - 4.246 ms[39m
[2026-07-21 00:03:25:325] [[35mhttp[39m]: [35mGET /auth/login 404 118 - 0.745 ms[39m
[2026-07-21 00:44:24:4424] [[35mhttp[39m]: [35mPOST /api/v1/auth/login 400 104 - 139.623 ms[39m
[2026-07-21 00:44:42:4442] [[35mhttp[39m]: [35mPOST /api/v1/auth/login 200 691 - 120.012 ms[39m
[2026-07-21 00:44:42:4442] [[35mhttp[39m]: [35mGET /api/v1/dashboard 304 - - 19.173 ms[39m
[2026-07-21 00:44:42:4442] [[35mhttp[39m]: [35mGET /api/v1/dashboard 304 - - 18.253 ms[39m
[2026-07-21 00:54:43:5443] [[35mhttp[39m]: [35mPOST /api/v1/auth/login 200 727 - 127.332 ms[39m
[2026-07-21 00:59:05:595] [[35mhttp[39m]: [35mGET /api/v1/auth/me 304 - - 5.145 ms[39m
[2026-07-21 00:59:05:595] [[35mhttp[39m]: [35mGET /api/v1/auth/me 304 - - 2.652 ms[39m
[2026-07-21 00:59:07:597] [[35mhttp[39m]: [35mGET /api/v1/auth/me 304 - - 3.778 ms[39m
[2026-07-21 00:59:07:597] [[35mhttp[39m]: [35mGET /api/v1/auth/me 304 - - 4.836 ms[39m
[2026-07-21 00:59:09:599] [[35mhttp[39m]: [35mGET /api/v1/auth/me 304 - - 2.274 ms[39m
[2026-07-21 00:59:09:599] [[35mhttp[39m]: [35mGET /api/v1/auth/me 304 - - 3.510 ms[39m
[2026-07-21 00:59:36:5936] [[35mhttp[39m]: [35mPOST /api/v1/auth/login 200 727 - 131.491 ms[39m
[2026-07-21 01:01:25:125] [[35mhttp[39m]: [35mGET /api/v1/auth/me 304 - - 5.397 ms[39m
[2026-07-21 01:01:25:125] [[35mhttp[39m]: [35mGET /api/v1/auth/me 304 - - 10.301 ms[39m
[2026-07-21 01:01:25:125] [[35mhttp[39m]: [35mGET /api/v1/auth/me 304 - - 6.895 ms[39m
[2026-07-21 01:01:26:126] [[35mhttp[39m]: [35mGET /api/v1/auth/me 304 - - 344.791 ms[39m
[2026-07-21 01:01:29:129] [[35mhttp[39m]: [35mGET /api/v1/auth/me 304 - - 2.325 ms[39m
[2026-07-21 01:01:29:129] [[35mhttp[39m]: [35mGET /api/v1/auth/me 304 - - 24.180 ms[39m
[2026-07-21 01:01:34:134] [[35mhttp[39m]: [35mGET /api/v1/auth/me 304 - - 2.961 ms[39m
[2026-07-21 01:01:34:134] [[35mhttp[39m]: [35mGET /api/v1/auth/me 304 - - 6.931 ms[39m
[2026-07-21 01:01:59:159] [[35mhttp[39m]: [35mPOST /api/v1/auth/login 200 727 - 124.357 ms[39m
[2026-07-21 01:03:59:359] [[32minfo[39m]: [32mDatabase connection established successfully.[39m
[2026-07-21 01:03:59:359] [[32minfo[39m]: [32mServer is running in development mode on port 5000[39m
[2026-07-21 01:04:00:40] [[32minfo[39m]: [32mDatabase connection established successfully.[39m
[2026-07-21 01:04:00:40] [[32minfo[39m]: [32mDatabase connection established successfully.[39m
[2026-07-21 01:04:00:40] [[32minfo[39m]: [32mDatabase connection established successfully.[39m
[2026-07-21 01:04:00:40] [[32minfo[39m]: [32mDatabase connection established successfully.[39m
[2026-07-21 01:06:22:622] [[35mhttp[39m]: [35mGET /api/v1/auth/me 304 - - 37.268 ms[39m
[2026-07-21 01:06:22:622] [[35mhttp[39m]: [35mGET /api/v1/auth/me 304 - - 7.345 ms[39m
[2026-07-21 01:06:41:641] [[35mhttp[39m]: [35mGET /api/v1/auth/me 304 - - 8.385 ms[39m
[2026-07-21 01:06:41:641] [[35mhttp[39m]: [35mGET /api/v1/auth/me 304 - - 28.123 ms[39m
[2026-07-21 01:06:42:642] [[35mhttp[39m]: [35mGET /api/v1/auth/me 304 - - 5.816 ms[39m
[2026-07-21 01:06:42:642] [[35mhttp[39m]: [35mGET /api/v1/auth/me 304 - - 21.265 ms[39m
[2026-07-21 01:09:09:99] [[35mhttp[39m]: [35mGET /api/v1/survey-sites 304 - - 15.678 ms[39m
[2026-07-21 01:09:09:99] [[35mhttp[39m]: [35mGET /api/v1/survey-sites 304 - - 13.218 ms[39m
[2026-07-21 01:09:10:910] [[35mhttp[39m]: [35mGET /api/v1/survey 304 - - 10.782 ms[39m
[2026-07-21 01:09:10:910] [[35mhttp[39m]: [35mGET /api/v1/survey 304 - - 7.409 ms[39m
[2026-07-21 01:09:15:915] [[35mhttp[39m]: [35mGET /api/v1/auth/me 304 - - 6.249 ms[39m
[2026-07-21 01:09:15:915] [[35mhttp[39m]: [35mGET /api/v1/auth/me 304 - - 20.953 ms[39m
[2026-07-21 01:09:17:917] [[35mhttp[39m]: [35mGET /api/v1/survey-sites 304 - - 8.073 ms[39m
[2026-07-21 01:09:17:917] [[35mhttp[39m]: [35mGET /api/v1/survey-sites 304 - - 6.149 ms[39m
[2026-07-21 01:09:19:919] [[35mhttp[39m]: [35mGET /api/v1/survey-sites 304 - - 19.222 ms[39m
[2026-07-21 01:09:19:919] [[35mhttp[39m]: [35mGET /api/v1/survey-sites 304 - - 7.310 ms[39m
[2026-07-21 01:09:21:921] [[35mhttp[39m]: [35mGET /api/v1/survey-sites 304 - - 8.234 ms[39m
[2026-07-21 01:09:21:921] [[35mhttp[39m]: [35mGET /api/v1/survey-sites 304 - - 8.310 ms[39m
[2026-07-21 01:10:16:1016] [[35mhttp[39m]: [35mGET /api/v1/auth/me 304 - - 6.719 ms[39m
[2026-07-21 01:10:16:1016] [[35mhttp[39m]: [35mGET /api/v1/auth/me 304 - - 39.955 ms[39m
[2026-07-21 01:11:38:1138] [[35mhttp[39m]: [35mGET /api/v1/auth/me 304 - - 2.328 ms[39m
[2026-07-21 01:11:38:1138] [[35mhttp[39m]: [35mGET /api/v1/auth/me 304 - - 12.324 ms[39m
[2026-07-21 01:13:56:1356] [[35mhttp[39m]: [35mGET /api/v1/auth/me 304 - - 7.981 ms[39m
[2026-07-21 01:13:56:1356] [[35mhttp[39m]: [35mGET /api/v1/auth/me 304 - - 6.809 ms[39m
[2026-07-21 01:14:06:146] [[35mhttp[39m]: [35mGET /api/v1/auth/me 304 - - 2.201 ms[39m
[2026-07-21 01:14:06:146] [[35mhttp[39m]: [35mGET /api/v1/auth/me 304 - - 4.789 ms[39m
[2026-07-21 01:14:46:1446] [[35mhttp[39m]: [35mGET /api/v1/auth/me 304 - - 2.649 ms[39m
[2026-07-21 01:14:46:1446] [[35mhttp[39m]: [35mGET /api/v1/auth/me 304 - - 13.433 ms[39m
[2026-07-21 01:20:18:2018] [[35mhttp[39m]: [35mGET /api/v1/survey-sites 304 - - 6.449 ms[39m
[2026-07-21 01:20:18:2018] [[35mhttp[39m]: [35mGET /api/v1/survey-sites 304 - - 7.262 ms[39m
[2026-07-21 01:21:33:2133] [[35mhttp[39m]: [35mGET /api/v1/survey 304 - - 8.042 ms[39m
[2026-07-21 01:21:33:2133] [[35mhttp[39m]: [35mGET /api/v1/survey 304 - - 9.492 ms[39m
[2026-07-21 01:21:36:2136] [[35mhttp[39m]: [35mGET /api/v1/auth/me 304 - - 3.055 ms[39m
[2026-07-21 01:21:36:2136] [[35mhttp[39m]: [35mGET /api/v1/auth/me 304 - - 2.645 ms[39m
[2026-07-21 01:21:36:2136] [[35mhttp[39m]: [35mGET /api/v1/survey-sites 304 - - 14.966 ms[39m
[2026-07-21 01:21:36:2136] [[35mhttp[39m]: [35mGET /api/v1/survey-sites 304 - - 10.884 ms[39m
[2026-07-21 01:27:10:2710] [[35mhttp[39m]: [35mGET /api/v1/auth/me 304 - - 5.898 ms[39m
[2026-07-21 01:27:10:2710] [[35mhttp[39m]: [35mGET /api/v1/auth/me 304 - - 2.670 ms[39m
[2026-07-21 01:27:40:2740] [[35mhttp[39m]: [35mGET /api/v1/survey-sites 304 - - 6.450 ms[39m
[2026-07-21 01:27:40:2740] [[35mhttp[39m]: [35mGET /api/v1/survey-sites 304 - - 13.454 ms[39m
[2026-07-21 01:27:44:2744] [[35mhttp[39m]: [35mGET /api/v1/survey 304 - - 10.822 ms[39m
[2026-07-21 01:27:44:2744] [[35mhttp[39m]: [35mGET /api/v1/survey 304 - - 7.403 ms[39m
[2026-07-21 01:27:51:2751] [[35mhttp[39m]: [35mGET /api/v1/auth/me 304 - - 6.812 ms[39m
[2026-07-21 01:27:51:2751] [[35mhttp[39m]: [35mGET /api/v1/auth/me 304 - - 2.973 ms[39m
[2026-07-21 01:27:51:2751] [[35mhttp[39m]: [35mGET /api/v1/survey-sites 304 - - 6.254 ms[39m
[2026-07-21 01:27:51:2751] [[35mhttp[39m]: [35mGET /api/v1/survey-sites 304 - - 34.433 ms[39m
[2026-07-21 01:27:56:2756] [[35mhttp[39m]: [35mGET /api/v1/survey 304 - - 8.442 ms[39m
[2026-07-21 01:27:56:2756] [[35mhttp[39m]: [35mGET /api/v1/survey 304 - - 8.460 ms[39m
[2026-07-21 01:28:19:2819] [[35mhttp[39m]: [35mGET /api/v1/auth/me 304 - - 2.339 ms[39m
[2026-07-21 01:28:19:2819] [[35mhttp[39m]: [35mGET /api/v1/auth/me 304 - - 2.659 ms[39m
[2026-07-21 01:28:19:2819] [[35mhttp[39m]: [35mGET /api/v1/survey-sites 304 - - 6.394 ms[39m
[2026-07-21 01:28:19:2819] [[35mhttp[39m]: [35mGET /api/v1/survey-sites 304 - - 11.842 ms[39m
[2026-07-21 01:31:31:3131] [[35mhttp[39m]: [35mGET /api/v1/auth/me 304 - - 3.791 ms[39m
[2026-07-21 01:31:31:3131] [[35mhttp[39m]: [35mGET /api/v1/auth/me 304 - - 2.896 ms[39m
[2026-07-21 01:35:44:3544] [[35mhttp[39m]: [35mGET /api/v1/auth/me 304 - - 4.022 ms[39m
[2026-07-21 01:35:44:3544] [[35mhttp[39m]: [35mGET /api/v1/auth/me 304 - - 3.394 ms[39m
[2026-07-21 01:35:59:3559] [[35mhttp[39m]: [35mPOST /api/v1/auth/login 200 691 - 244.289 ms[39m
[2026-07-21 01:35:59:3559] [[35mhttp[39m]: [35mGET /api/v1/dashboard 304 - - 35.634 ms[39m
[2026-07-21 01:35:59:3559] [[35mhttp[39m]: [35mGET /api/v1/dashboard 304 - - 17.255 ms[39m
[2026-07-21 02:30:45:3045] [[35mhttp[39m]: [35mGET /api/v1/auth/me 200 212 - 2.765 ms[39m
[2026-07-21 02:30:45:3045] [[35mhttp[39m]: [35mGET /api/v1/auth/me 304 - - 3.034 ms[39m
[2026-07-21 02:30:45:3045] [[35mhttp[39m]: [35mGET /api/v1/dashboard 304 - - 26.288 ms[39m
[2026-07-21 02:30:45:3045] [[35mhttp[39m]: [35mGET /api/v1/dashboard 304 - - 34.776 ms[39m
[2026-07-21 02:30:47:3047] [[35mhttp[39m]: [35mGET /api/v1/auth/me 304 - - 2.288 ms[39m
[2026-07-21 02:30:47:3047] [[35mhttp[39m]: [35mGET /api/v1/auth/me 304 - - 3.105 ms[39m
[2026-07-21 02:30:47:3047] [[35mhttp[39m]: [35mGET /api/v1/dashboard 304 - - 38.716 ms[39m
[2026-07-21 02:30:47:3047] [[35mhttp[39m]: [35mGET /api/v1/dashboard 304 - - 21.768 ms[39m
[2026-07-21 02:30:50:3050] [[35mhttp[39m]: [35mGET /api/v1/auth/me 304 - - 4.799 ms[39m
[2026-07-21 02:30:50:3050] [[35mhttp[39m]: [35mGET /api/v1/auth/me 304 - - 3.176 ms[39m
[2026-07-21 02:30:50:3050] [[35mhttp[39m]: [35mGET /api/v1/dashboard 304 - - 26.716 ms[39m
[2026-07-21 02:30:50:3050] [[35mhttp[39m]: [35mGET /api/v1/dashboard 304 - - 38.190 ms[39m
[2026-07-21 02:32:44:3244] [[35mhttp[39m]: [35mGET /api/v1/auth/me 304 - - 2.642 ms[39m
[2026-07-21 02:32:44:3244] [[35mhttp[39m]: [35mGET /api/v1/auth/me 304 - - 2.134 ms[39m
[2026-07-21 02:32:44:3244] [[35mhttp[39m]: [35mGET /api/v1/dashboard 304 - - 42.047 ms[39m
[2026-07-21 02:32:44:3244] [[35mhttp[39m]: [35mGET /api/v1/dashboard 304 - - 46.129 ms[39m
[2026-07-21 02:49:53:4953] [[35mhttp[39m]: [35mGET /api/v1/auth/me 304 - - 2.949 ms[39m
[2026-07-21 02:49:53:4953] [[35mhttp[39m]: [35mGET /api/v1/auth/me 304 - - 2.845 ms[39m
[2026-07-21 02:49:53:4953] [[35mhttp[39m]: [35mGET /api/v1/auth/me 304 - - 4.134 ms[39m
[2026-07-21 02:49:53:4953] [[35mhttp[39m]: [35mGET /api/v1/auth/me 304 - - 2.375 ms[39m
[2026-07-21 02:49:53:4953] [[35mhttp[39m]: [35mGET /api/v1/dashboard 304 - - 19.591 ms[39m
[2026-07-21 02:49:53:4953] [[35mhttp[39m]: [35mGET /api/v1/dashboard 304 - - 40.109 ms[39m
[2026-07-21 02:49:53:4953] [[35mhttp[39m]: [35mGET /api/v1/dashboard 304 - - 36.921 ms[39m
[2026-07-21 02:49:53:4953] [[35mhttp[39m]: [35mGET /api/v1/dashboard 304 - - 13.699 ms[39m
[2026-07-21 02:49:57:4957] [[35mhttp[39m]: [35mGET /api/v1/auth/me 304 - - 2.496 ms[39m
[2026-07-21 02:49:57:4957] [[35mhttp[39m]: [35mGET /api/v1/auth/me 304 - - 36.271 ms[39m
[2026-07-21 02:49:57:4957] [[35mhttp[39m]: [35mGET /api/v1/dashboard 304 - - 18.704 ms[39m
[2026-07-21 02:49:57:4957] [[35mhttp[39m]: [35mGET /api/v1/dashboard 304 - - 21.916 ms[39m
[2026-07-21 02:50:00:500] [[35mhttp[39m]: [35mGET /api/v1/auth/me 304 - - 44.633 ms[39m
[2026-07-21 02:50:00:500] [[35mhttp[39m]: [35mGET /api/v1/auth/me 304 - - 5.165 ms[39m
[2026-07-21 02:50:00:500] [[35mhttp[39m]: [35mGET /api/v1/dashboard 304 - - 33.082 ms[39m
[2026-07-21 02:50:00:500] [[35mhttp[39m]: [35mGET /api/v1/dashboard 304 - - 46.027 ms[39m
[2026-07-21 02:55:55:5555] [[35mhttp[39m]: [35mGET /api/v1/auth/me 304 - - 5.265 ms[39m
[2026-07-21 02:55:55:5555] [[35mhttp[39m]: [35mGET /api/v1/auth/me 304 - - 2.287 ms[39m
[2026-07-21 02:55:55:5555] [[35mhttp[39m]: [35mGET /api/v1/dashboard 304 - - 32.880 ms[39m
[2026-07-21 02:55:55:5555] [[35mhttp[39m]: [35mGET /api/v1/dashboard 304 - - 34.724 ms[39m
[2026-07-21 02:56:14:5614] [[35mhttp[39m]: [35mPOST /api/v1/auth/login 200 727 - 104.413 ms[39m
[2026-07-21 02:56:18:5618] [[35mhttp[39m]: [35mGET /api/v1/survey-sites 304 - - 11.997 ms[39m
[2026-07-21 02:56:18:5618] [[35mhttp[39m]: [35mGET /api/v1/survey-sites 304 - - 5.148 ms[39m
[2026-07-21 02:57:18:5718] [[35mhttp[39m]: [35mGET /api/v1/survey-sites 304 - - 16.010 ms[39m
[2026-07-21 02:57:18:5718] [[35mhttp[39m]: [35mGET /api/v1/survey-sites 304 - - 12.629 ms[39m
[2026-07-21 02:57:21:5721] [[35mhttp[39m]: [35mGET /api/v1/auth/me 200 228 - 8.164 ms[39m
[2026-07-21 02:57:21:5721] [[35mhttp[39m]: [35mGET /api/v1/auth/me 304 - - 3.264 ms[39m
[2026-07-21 02:57:21:5721] [[35mhttp[39m]: [35mGET /api/v1/survey-sites 304 - - 4.712 ms[39m
[2026-07-21 02:57:22:5722] [[35mhttp[39m]: [35mGET /api/v1/survey-sites 304 - - 9.666 ms[39m
[2026-07-21 02:57:43:5743] [[35mhttp[39m]: [35mPOST /api/v1/auth/login 200 743 - 100.517 ms[39m
[2026-07-21 03:03:35:335] [[35mhttp[39m]: [35mGET /api/v1/auth/me 200 234 - 2.373 ms[39m
[2026-07-21 03:03:35:335] [[35mhttp[39m]: [35mGET /api/v1/auth/me 304 - - 3.329 ms[39m
[2026-07-21 03:03:38:338] [[35mhttp[39m]: [35mGET /api/v1/auth/me 304 - - 7.143 ms[39m
[2026-07-21 03:03:38:338] [[35mhttp[39m]: [35mGET /api/v1/auth/me 304 - - 8.248 ms[39m
[2026-07-21 03:03:40:340] [[35mhttp[39m]: [35mGET /api/v1/auth/me 304 - - 42.182 ms[39m
[2026-07-21 03:03:40:340] [[35mhttp[39m]: [35mGET /api/v1/auth/me 304 - - 4.778 ms[39m
[2026-07-21 03:03:46:346] [[35mhttp[39m]: [35mGET /api/v1/auth/me 304 - - 2.364 ms[39m
[2026-07-21 03:03:46:346] [[35mhttp[39m]: [35mGET /api/v1/auth/me 304 - - 46.257 ms[39m
[2026-07-21 03:04:50:450] [[35mhttp[39m]: [35mGET /api/v1/auth/me 304 - - 4.082 ms[39m
[2026-07-21 03:04:50:450] [[35mhttp[39m]: [35mGET /api/v1/auth/me 304 - - 4.710 ms[39m
[2026-07-21 03:04:57:457] [[35mhttp[39m]: [35mGET /api/v1/auth/me 304 - - 2.197 ms[39m
[2026-07-21 03:04:57:457] [[35mhttp[39m]: [35mGET /api/v1/auth/me 304 - - 7.647 ms[39m
[2026-07-21 03:05:15:515] [[35mhttp[39m]: [35mPOST /api/v1/auth/login 200 691 - 104.133 ms[39m
[2026-07-21 03:05:15:515] [[35mhttp[39m]: [35mGET /api/v1/dashboard 304 - - 21.731 ms[39m
[2026-07-21 03:05:15:515] [[35mhttp[39m]: [35mGET /api/v1/dashboard 304 - - 17.400 ms[39m
[2026-07-21 03:05:42:542] [[35mhttp[39m]: [35mGET /api/v1/auth/me 200 212 - 1.957 ms[39m
[2026-07-21 03:05:42:542] [[35mhttp[39m]: [35mGET /api/v1/auth/me 304 - - 9.113 ms[39m
[2026-07-21 03:05:42:542] [[35mhttp[39m]: [35mGET /api/v1/dashboard 304 - - 35.054 ms[39m
[2026-07-21 03:05:43:543] [[35mhttp[39m]: [35mGET /api/v1/dashboard 304 - - 37.831 ms[39m
[2026-07-21 03:05:46:546] [[35mhttp[39m]: [35mGET /api/v1/auth/me 304 - - 5.752 ms[39m
[2026-07-21 03:05:46:546] [[35mhttp[39m]: [35mGET /api/v1/auth/me 304 - - 18.024 ms[39m
[2026-07-21 03:05:46:546] [[35mhttp[39m]: [35mGET /api/v1/dashboard 304 - - 27.794 ms[39m
[2026-07-21 03:05:46:546] [[35mhttp[39m]: [35mGET /api/v1/dashboard 304 - - 23.465 ms[39m
[2026-07-21 03:05:59:559] [[35mhttp[39m]: [35mPOST /api/v1/auth/login 200 727 - 106.355 ms[39m
[2026-07-21 03:20:52:2052] [[35mhttp[39m]: [35mGET /api/v1/dashboard 304 - - 15.579 ms[39m
[2026-07-21 03:20:52:2052] [[35mhttp[39m]: [35mGET /api/v1/dashboard 304 - - 15.647 ms[39m
[2026-07-21 03:25:01:251] [[35mhttp[39m]: [35mGET /api/v1/auth/me 200 228 - 2.729 ms[39m
[2026-07-21 03:25:01:251] [[35mhttp[39m]: [35mGET /api/v1/auth/me 304 - - 2.316 ms[39m
[2026-07-21 03:25:07:257] [[35mhttp[39m]: [35mGET /api/v1/survey 304 - - 22.048 ms[39m
[2026-07-21 03:25:07:257] [[35mhttp[39m]: [35mGET /api/v1/survey 304 - - 15.758 ms[39m
[2026-07-21 03:25:32:2532] [[35mhttp[39m]: [35mPOST /api/v1/auth/login 200 691 - 189.280 ms[39m
[2026-07-21 03:25:32:2532] [[35mhttp[39m]: [35mGET /api/v1/dashboard 304 - - 18.065 ms[39m
[2026-07-21 03:25:32:2532] [[35mhttp[39m]: [35mGET /api/v1/dashboard 304 - - 19.050 ms[39m
[2026-07-21 03:26:10:2610] [[35mhttp[39m]: [35mGET /api/v1/dashboard 304 - - 11.998 ms[39m
[2026-07-21 03:26:10:2610] [[35mhttp[39m]: [35mGET /api/v1/dashboard 304 - - 17.483 ms[39m
[2026-07-21 03:26:18:2618] [[35mhttp[39m]: [35mGET /api/v1/dashboard 304 - - 23.480 ms[39m
[2026-07-21 03:26:18:2618] [[35mhttp[39m]: [35mGET /api/v1/dashboard 304 - - 22.946 ms[39m
[2026-07-21 03:26:19:2619] [[35mhttp[39m]: [35mGET /api/v1/auth/me 200 212 - 4.371 ms[39m
[2026-07-21 03:26:19:2619] [[35mhttp[39m]: [35mGET /api/v1/auth/me 304 - - 2.837 ms[39m
[2026-07-21 03:26:19:2619] [[35mhttp[39m]: [35mGET /api/v1/dashboard 304 - - 157.065 ms[39m
[2026-07-21 03:26:19:2619] [[35mhttp[39m]: [35mGET /api/v1/dashboard 304 - - 43.483 ms[39m
[2026-07-21 03:26:31:2631] [[35mhttp[39m]: [35mGET /api/v1/auth/me 304 - - 7.311 ms[39m
[2026-07-21 03:26:31:2631] [[35mhttp[39m]: [35mGET /api/v1/auth/me 304 - - 5.339 ms[39m
[2026-07-21 03:26:31:2631] [[35mhttp[39m]: [35mGET /api/v1/dashboard 304 - - 98.169 ms[39m
[2026-07-21 03:26:31:2631] [[35mhttp[39m]: [35mGET /api/v1/dashboard 304 - - 40.999 ms[39m
[2026-07-21 03:26:45:2645] [[35mhttp[39m]: [35mPOST /api/v1/auth/login 200 727 - 186.551 ms[39m
[2026-07-21 03:26:58:2658] [[35mhttp[39m]: [35mGET /api/v1/auth/me 200 228 - 4.351 ms[39m
[2026-07-21 03:26:58:2658] [[35mhttp[39m]: [35mGET /api/v1/auth/me 304 - - 6.594 ms[39m
[2026-07-21 03:31:04:314] [[35mhttp[39m]: [35mGET /api/v1/auth/me 304 - - 2.838 ms[39m
[2026-07-21 03:31:04:314] [[35mhttp[39m]: [35mGET /api/v1/auth/me 304 - - 2.465 ms[39m
[2026-07-21 03:32:41:3241] [[35mhttp[39m]: [35mPOST /api/v1/auth/login 200 691 - 200.994 ms[39m
[2026-07-21 03:32:41:3241] [[35mhttp[39m]: [35mGET /api/v1/dashboard 304 - - 37.450 ms[39m
[2026-07-21 03:32:41:3241] [[35mhttp[39m]: [35mGET /api/v1/dashboard 304 - - 18.800 ms[39m
[2026-07-21 03:33:28:3328] [[35mhttp[39m]: [35mGET /api/v1/users 304 - - 9.758 ms[39m
[2026-07-21 03:33:28:3328] [[35mhttp[39m]: [35mGET /api/v1/users 304 - - 10.171 ms[39m
[2026-07-21 03:33:30:3330] [[35mhttp[39m]: [35mGET /api/v1/survey-sites 304 - - 10.299 ms[39m
[2026-07-21 03:33:30:3330] [[35mhttp[39m]: [35mGET /api/v1/survey-sites 304 - - 9.458 ms[39m
[2026-07-21 03:33:37:3337] [[35mhttp[39m]: [35mGET /api/v1/survey-sites 304 - - 9.613 ms[39m
[2026-07-21 03:33:37:3337] [[35mhttp[39m]: [35mGET /api/v1/survey-sites 304 - - 6.816 ms[39m
[2026-07-21 03:33:38:3338] [[35mhttp[39m]: [35mGET /api/v1/survey 304 - - 12.851 ms[39m
[2026-07-21 03:33:38:3338] [[35mhttp[39m]: [35mGET /api/v1/survey 304 - - 11.328 ms[39m
[2026-07-21 03:33:44:3344] [[35mhttp[39m]: [35mGET /api/v1/auth/me 200 212 - 3.064 ms[39m
[2026-07-21 03:33:44:3344] [[35mhttp[39m]: [35mGET /api/v1/auth/me 304 - - 11.140 ms[39m
[2026-07-21 03:33:44:3344] [[35mhttp[39m]: [35mGET /api/v1/users 304 - - 11.530 ms[39m
[2026-07-21 03:33:45:3345] [[35mhttp[39m]: [35mGET /api/v1/users 304 - - 9.795 ms[39m
[2026-07-21 03:33:47:3347] [[35mhttp[39m]: [35mGET /api/v1/survey 304 - - 10.382 ms[39m
[2026-07-21 03:33:47:3347] [[35mhttp[39m]: [35mGET /api/v1/survey 304 - - 12.606 ms[39m
[2026-07-21 03:33:50:3350] [[35mhttp[39m]: [35mGET /api/v1/auth/me 304 - - 2.612 ms[39m
[2026-07-21 03:33:50:3350] [[35mhttp[39m]: [35mGET /api/v1/auth/me 304 - - 6.980 ms[39m
[2026-07-21 03:33:50:3350] [[35mhttp[39m]: [35mGET /api/v1/survey 304 - - 9.152 ms[39m
[2026-07-21 03:33:50:3350] [[35mhttp[39m]: [35mGET /api/v1/survey 304 - - 5.683 ms[39m
[2026-07-21 03:33:54:3354] [[35mhttp[39m]: [35mGET /api/v1/auth/me 304 - - 2.389 ms[39m
[2026-07-21 03:33:54:3354] [[35mhttp[39m]: [35mGET /api/v1/auth/me 304 - - 6.574 ms[39m
[2026-07-21 03:33:56:3356] [[35mhttp[39m]: [35mGET /api/v1/survey-sites 304 - - 10.335 ms[39m
[2026-07-21 03:33:56:3356] [[35mhttp[39m]: [35mGET /api/v1/survey-sites 304 - - 6.459 ms[39m
[2026-07-21 03:33:58:3358] [[35mhttp[39m]: [35mGET /api/v1/users 304 - - 8.209 ms[39m
[2026-07-21 03:33:58:3358] [[35mhttp[39m]: [35mGET /api/v1/users 304 - - 5.331 ms[39m
[2026-07-21 03:34:00:340] [[35mhttp[39m]: [35mGET /api/v1/dashboard 304 - - 18.768 ms[39m
[2026-07-21 03:34:01:341] [[35mhttp[39m]: [35mGET /api/v1/dashboard 304 - - 25.193 ms[39m
[2026-07-21 03:34:05:345] [[35mhttp[39m]: [35mGET /api/v1/users 304 - - 9.092 ms[39m
[2026-07-21 03:34:05:345] [[35mhttp[39m]: [35mGET /api/v1/users 304 - - 8.452 ms[39m
[2026-07-21 03:34:07:347] [[35mhttp[39m]: [35mGET /api/v1/users/b914ef0c-b961-43df-8fc9-9b56747f364f 304 - - 8.696 ms[39m
[2026-07-21 03:34:07:347] [[35mhttp[39m]: [35mGET /api/v1/users/b914ef0c-b961-43df-8fc9-9b56747f364f 304 - - 6.109 ms[39m
[2026-07-21 03:34:10:3410] [[35mhttp[39m]: [35mGET /api/v1/users 304 - - 6.836 ms[39m
[2026-07-21 03:34:10:3410] [[35mhttp[39m]: [35mGET /api/v1/users 304 - - 8.248 ms[39m
[2026-07-21 03:34:15:3415] [[35mhttp[39m]: [35mGET /api/v1/survey-sites 304 - - 8.052 ms[39m
[2026-07-21 03:34:15:3415] [[35mhttp[39m]: [35mGET /api/v1/survey-sites 304 - - 7.807 ms[39m
[2026-07-21 03:34:24:3424] [[35mhttp[39m]: [35mGET /api/v1/dashboard 304 - - 18.633 ms[39m
[2026-07-21 03:34:24:3424] [[35mhttp[39m]: [35mGET /api/v1/dashboard 304 - - 14.422 ms[39m
[2026-07-21 03:34:29:3429] [[35mhttp[39m]: [35mGET /api/v1/survey 304 - - 10.249 ms[39m
[2026-07-21 03:34:29:3429] [[35mhttp[39m]: [35mGET /api/v1/survey 304 - - 14.256 ms[39m
[2026-07-21 03:34:31:3431] [[35mhttp[39m]: [35mGET /api/v1/auth/me 304 - - 6.562 ms[39m
[2026-07-21 03:34:31:3431] [[35mhttp[39m]: [35mGET /api/v1/auth/me 304 - - 5.814 ms[39m
[2026-07-21 03:34:31:3431] [[35mhttp[39m]: [35mGET /api/v1/survey 304 - - 12.118 ms[39m
[2026-07-21 03:34:31:3431] [[35mhttp[39m]: [35mGET /api/v1/survey 304 - - 15.708 ms[39m
[2026-07-21 03:34:33:3433] [[35mhttp[39m]: [35mGET /api/v1/auth/me 304 - - 4.898 ms[39m
[2026-07-21 03:34:33:3433] [[35mhttp[39m]: [35mGET /api/v1/auth/me 304 - - 2.960 ms[39m
[2026-07-21 03:34:33:3433] [[35mhttp[39m]: [35mGET /api/v1/survey 304 - - 10.794 ms[39m
[2026-07-21 03:34:33:3433] [[35mhttp[39m]: [35mGET /api/v1/survey 304 - - 13.271 ms[39m
[2026-07-21 03:34:38:3438] [[35mhttp[39m]: [35mGET /api/v1/auth/me 304 - - 4.123 ms[39m
[2026-07-21 03:34:38:3438] [[35mhttp[39m]: [35mGET /api/v1/auth/me 304 - - 20.688 ms[39m
[2026-07-21 03:34:38:3438] [[35mhttp[39m]: [35mGET /api/v1/dashboard 304 - - 142.700 ms[39m
[2026-07-21 03:34:38:3438] [[35mhttp[39m]: [35mGET /api/v1/dashboard 304 - - 21.388 ms[39m
[2026-07-21 03:34:46:3446] [[35mhttp[39m]: [35mGET /api/v1/dashboard 304 - - 19.048 ms[39m
[2026-07-21 03:34:46:3446] [[35mhttp[39m]: [35mGET /api/v1/dashboard 304 - - 30.339 ms[39m
[2026-07-21 03:34:48:3448] [[35mhttp[39m]: [35mGET /api/v1/auth/me 304 - - 2.268 ms[39m
[2026-07-21 03:34:49:3449] [[35mhttp[39m]: [35mGET /api/v1/auth/me 304 - - 24.488 ms[39m
[2026-07-21 03:34:49:3449] [[35mhttp[39m]: [35mGET /api/v1/dashboard 304 - - 18.086 ms[39m
[2026-07-21 03:34:49:3449] [[35mhttp[39m]: [35mGET /api/v1/dashboard 304 - - 132.768 ms[39m
[2026-07-21 03:34:50:3450] [[35mhttp[39m]: [35mGET /api/v1/users 304 - - 5.847 ms[39m
[2026-07-21 03:34:50:3450] [[35mhttp[39m]: [35mGET /api/v1/users 304 - - 12.146 ms[39m
[2026-07-21 03:34:55:3455] [[35mhttp[39m]: [35mGET /api/v1/survey-sites 304 - - 8.172 ms[39m
[2026-07-21 03:34:55:3455] [[35mhttp[39m]: [35mGET /api/v1/survey-sites 304 - - 6.489 ms[39m
[2026-07-21 03:35:02:352] [[35mhttp[39m]: [35mGET /api/v1/auth/me 304 - - 4.351 ms[39m
[2026-07-21 03:35:02:352] [[35mhttp[39m]: [35mGET /api/v1/auth/me 304 - - 2.262 ms[39m
[2026-07-21 03:35:02:352] [[35mhttp[39m]: [35mGET /api/v1/survey-sites 304 - - 5.705 ms[39m
[2026-07-21 03:35:02:352] [[35mhttp[39m]: [35mGET /api/v1/survey-sites 304 - - 14.844 ms[39m
[2026-07-21 03:35:05:355] [[35mhttp[39m]: [35mGET /api/v1/survey-sites 304 - - 14.634 ms[39m
[2026-07-21 03:35:05:355] [[35mhttp[39m]: [35mGET /api/v1/survey-sites 304 - - 13.796 ms[39m
[2026-07-21 03:35:06:356] [[35mhttp[39m]: [35mGET /api/v1/survey 304 - - 10.477 ms[39m
[2026-07-21 03:35:06:356] [[35mhttp[39m]: [35mGET /api/v1/survey 304 - - 13.897 ms[39m
[2026-07-21 03:35:10:3510] [[35mhttp[39m]: [35mGET /api/v1/auth/me 304 - - 2.530 ms[39m
[2026-07-21 03:35:10:3510] [[35mhttp[39m]: [35mGET /api/v1/auth/me 304 - - 6.153 ms[39m
[2026-07-21 03:35:10:3510] [[35mhttp[39m]: [35mGET /api/v1/survey-sites 304 - - 31.966 ms[39m
[2026-07-21 03:35:10:3510] [[35mhttp[39m]: [35mGET /api/v1/survey-sites 304 - - 7.890 ms[39m
[2026-07-21 03:35:22:3522] [[35mhttp[39m]: [35mGET /api/v1/survey-sites 304 - - 7.596 ms[39m
[2026-07-21 03:35:22:3522] [[35mhttp[39m]: [35mGET /api/v1/survey-sites 304 - - 7.160 ms[39m
[2026-07-21 03:37:01:371] [[35mhttp[39m]: [35mGET /api/v1/dashboard 304 - - 11.213 ms[39m
[2026-07-21 03:37:01:371] [[35mhttp[39m]: [35mGET /api/v1/dashboard 304 - - 19.124 ms[39m
[2026-07-21 03:37:15:3715] [[35mhttp[39m]: [35mGET /api/v1/dashboard 304 - - 13.113 ms[39m
[2026-07-21 03:37:21:3721] [[35mhttp[39m]: [35mGET /api/v1/masters/charger-manufacturer 304 - - 11.756 ms[39m
[2026-07-21 03:37:21:3721] [[35mhttp[39m]: [35mGET /api/v1/masters/charger-manufacturer 304 - - 6.734 ms[39m
[2026-07-21 03:37:23:3723] [[35mhttp[39m]: [35mGET /api/v1/masters/charger-manufacturer 304 - - 12.207 ms[39m
[2026-07-21 03:37:23:3723] [[35mhttp[39m]: [35mGET /api/v1/masters/charger-manufacturer 304 - - 10.122 ms[39m
[2026-07-21 03:37:23:3723] [[35mhttp[39m]: [35mGET /api/v1/masters/charger-model 200 2633 - 15.124 ms[39m
[2026-07-21 03:37:23:3723] [[35mhttp[39m]: [35mGET /api/v1/masters/charger-model 304 - - 11.625 ms[39m
[2026-07-21 03:37:26:3726] [[35mhttp[39m]: [35mGET /api/v1/masters/connector 304 - - 6.644 ms[39m
[2026-07-21 03:37:26:3726] [[35mhttp[39m]: [35mGET /api/v1/masters/connector 304 - - 5.365 ms[39m
[2026-07-21 03:37:31:3731] [[35mhttp[39m]: [35mGET /api/v1/masters/equipment 200 85 - 6.832 ms[39m
[2026-07-21 03:37:31:3731] [[35mhttp[39m]: [35mGET /api/v1/masters/equipment 304 - - 6.443 ms[39m
[2026-07-21 03:37:36:3736] [[35mhttp[39m]: [35mGET /api/v1/masters/photo-category 200 1753 - 6.412 ms[39m
[2026-07-21 03:37:36:3736] [[35mhttp[39m]: [35mGET /api/v1/masters/photo-category 304 - - 7.867 ms[39m
[2026-07-21 03:37:43:3743] [[35mhttp[39m]: [35mGET /api/v1/masters/connector 304 - - 6.555 ms[39m
[2026-07-21 03:37:43:3743] [[35mhttp[39m]: [35mGET /api/v1/masters/connector 304 - - 9.874 ms[39m
[2026-07-21 03:37:44:3744] [[35mhttp[39m]: [35mGET /api/v1/masters/charger-model 304 - - 8.261 ms[39m
[2026-07-21 03:37:44:3744] [[35mhttp[39m]: [35mGET /api/v1/masters/charger-manufacturer 304 - - 11.107 ms[39m
[2026-07-21 03:37:44:3744] [[35mhttp[39m]: [35mGET /api/v1/masters/charger-model 304 - - 9.383 ms[39m
[2026-07-21 03:37:44:3744] [[35mhttp[39m]: [35mGET /api/v1/masters/charger-manufacturer 304 - - 8.788 ms[39m
[2026-07-21 03:37:55:3755] [[35mhttp[39m]: [35mGET /api/v1/survey-sites 304 - - 7.361 ms[39m
[2026-07-21 03:37:55:3755] [[35mhttp[39m]: [35mGET /api/v1/survey-sites 304 - - 8.902 ms[39m
[2026-07-21 03:38:01:381] [[35mhttp[39m]: [35mGET /api/v1/users 304 - - 9.427 ms[39m
[2026-07-21 03:38:01:381] [[35mhttp[39m]: [35mGET /api/v1/users 304 - - 7.956 ms[39m
[2026-07-21 03:38:03:383] [[35mhttp[39m]: [35mGET /api/v1/dashboard 304 - - 32.371 ms[39m
[2026-07-21 03:38:03:383] [[35mhttp[39m]: [35mGET /api/v1/dashboard 304 - - 15.792 ms[39m
[2026-07-21 03:38:12:3812] [[35mhttp[39m]: [35mGET /api/v1/masters/charger-manufacturer 304 - - 4.667 ms[39m
[2026-07-21 03:38:12:3812] [[35mhttp[39m]: [35mGET /api/v1/masters/charger-manufacturer 304 - - 6.840 ms[39m
[2026-07-21 03:39:25:3925] [[35mhttp[39m]: [35mGET /api/v1/masters/charger-model 304 - - 9.727 ms[39m
[2026-07-21 03:39:25:3925] [[35mhttp[39m]: [35mGET /api/v1/masters/charger-manufacturer 304 - - 8.346 ms[39m
[2026-07-21 03:39:25:3925] [[35mhttp[39m]: [35mGET /api/v1/masters/charger-model 304 - - 12.998 ms[39m
[2026-07-21 03:39:25:3925] [[35mhttp[39m]: [35mGET /api/v1/masters/charger-manufacturer 304 - - 10.813 ms[39m
[2026-07-21 03:41:08:418] [[35mhttp[39m]: [35mGET /api/v1/masters/charger-manufacturer 304 - - 13.429 ms[39m
[2026-07-21 03:41:08:418] [[35mhttp[39m]: [35mGET /api/v1/masters/charger-manufacturer 304 - - 8.586 ms[39m
[2026-07-21 03:41:09:419] [[35mhttp[39m]: [35mGET /api/v1/masters/connector 304 - - 5.306 ms[39m
[2026-07-21 03:41:09:419] [[35mhttp[39m]: [35mGET /api/v1/masters/connector 304 - - 3.813 ms[39m
[2026-07-21 03:41:10:4110] [[35mhttp[39m]: [35mGET /api/v1/masters/equipment 304 - - 7.295 ms[39m
[2026-07-21 03:41:10:4110] [[35mhttp[39m]: [35mGET /api/v1/masters/equipment 304 - - 3.689 ms[39m
[2026-07-21 03:41:11:4111] [[35mhttp[39m]: [35mGET /api/v1/masters/photo-category 304 - - 5.207 ms[39m
[2026-07-21 03:41:11:4111] [[35mhttp[39m]: [35mGET /api/v1/masters/photo-category 304 - - 5.890 ms[39m
[2026-07-21 03:41:12:4112] [[35mhttp[39m]: [35mGET /api/v1/masters/charger-model 304 - - 5.660 ms[39m
[2026-07-21 03:41:12:4112] [[35mhttp[39m]: [35mGET /api/v1/masters/charger-manufacturer 304 - - 11.089 ms[39m
[2026-07-21 03:41:12:4112] [[35mhttp[39m]: [35mGET /api/v1/masters/charger-model 304 - - 8.644 ms[39m
[2026-07-21 03:41:12:4112] [[35mhttp[39m]: [35mGET /api/v1/masters/charger-manufacturer 304 - - 7.917 ms[39m
[2026-07-21 03:41:19:4119] [[35mhttp[39m]: [35mGET /api/v1/users 304 - - 10.283 ms[39m
[2026-07-21 03:41:19:4119] [[35mhttp[39m]: [35mGET /api/v1/users 304 - - 8.254 ms[39m
[2026-07-21 03:41:22:4122] [[35mhttp[39m]: [35mGET /api/v1/survey-sites 304 - - 6.287 ms[39m
[2026-07-21 03:41:22:4122] [[35mhttp[39m]: [35mGET /api/v1/survey-sites 304 - - 8.155 ms[39m
[2026-07-21 03:41:30:4130] [[35mhttp[39m]: [35mGET /api/v1/masters/charger-manufacturer 304 - - 6.536 ms[39m
[2026-07-21 03:41:31:4131] [[35mhttp[39m]: [35mGET /api/v1/masters/charger-manufacturer 304 - - 10.111 ms[39m
[2026-07-21 03:41:33:4133] [[35mhttp[39m]: [35mGET /api/v1/masters/charger-manufacturer 304 - - 12.364 ms[39m
[2026-07-21 03:41:33:4133] [[35mhttp[39m]: [35mGET /api/v1/masters/charger-model 304 - - 25.361 ms[39m
[2026-07-21 03:41:33:4133] [[35mhttp[39m]: [35mGET /api/v1/masters/charger-manufacturer 304 - - 18.661 ms[39m
[2026-07-21 03:41:33:4133] [[35mhttp[39m]: [35mGET /api/v1/masters/charger-model 304 - - 6.670 ms[39m
[2026-07-21 03:41:33:4133] [[35mhttp[39m]: [35mGET /api/v1/masters/connector 304 - - 8.341 ms[39m
[2026-07-21 03:41:33:4133] [[35mhttp[39m]: [35mGET /api/v1/masters/connector 304 - - 6.277 ms[39m
[2026-07-21 03:41:34:4134] [[35mhttp[39m]: [35mGET /api/v1/masters/equipment 304 - - 9.606 ms[39m
[2026-07-21 03:41:34:4134] [[35mhttp[39m]: [35mGET /api/v1/masters/equipment 304 - - 5.792 ms[39m
[2026-07-21 03:41:35:4135] [[35mhttp[39m]: [35mGET /api/v1/masters/photo-category 304 - - 4.460 ms[39m
[2026-07-21 03:41:35:4135] [[35mhttp[39m]: [35mGET /api/v1/masters/photo-category 304 - - 8.345 ms[39m
[2026-07-21 03:41:38:4138] [[35mhttp[39m]: [35mGET /api/v1/survey 304 - - 7.788 ms[39m
[2026-07-21 03:41:38:4138] [[35mhttp[39m]: [35mGET /api/v1/survey 304 - - 8.665 ms[39m
[2026-07-21 03:41:43:4143] [[35mhttp[39m]: [35mGET /api/v1/auth/me 304 - - 2.462 ms[39m
[2026-07-21 03:41:43:4143] [[35mhttp[39m]: [35mGET /api/v1/auth/me 304 - - 60.379 ms[39m
[2026-07-21 03:41:43:4143] [[35mhttp[39m]: [35mGET /api/v1/masters/photo-category 304 - - 11.997 ms[39m
[2026-07-21 03:41:43:4143] [[35mhttp[39m]: [35mGET /api/v1/masters/photo-category 304 - - 12.705 ms[39m
[2026-07-21 03:41:47:4147] [[35mhttp[39m]: [35mGET /api/v1/dashboard 304 - - 25.888 ms[39m
[2026-07-21 03:41:47:4147] [[35mhttp[39m]: [35mGET /api/v1/dashboard 304 - - 16.730 ms[39m
[2026-07-21 03:42:13:4213] [[35mhttp[39m]: [35mGET /api/v1/users 304 - - 5.005 ms[39m
[2026-07-21 03:42:13:4213] [[35mhttp[39m]: [35mGET /api/v1/users 304 - - 4.273 ms[39m
[2026-07-21 03:42:14:4214] [[35mhttp[39m]: [35mGET /api/v1/survey-sites 304 - - 5.165 ms[39m
[2026-07-21 03:42:14:4214] [[35mhttp[39m]: [35mGET /api/v1/survey-sites 304 - - 7.903 ms[39m
[2026-07-21 03:42:20:4220] [[35mhttp[39m]: [35mGET /api/v1/masters/charger-manufacturer 304 - - 11.629 ms[39m
[2026-07-21 03:42:20:4220] [[35mhttp[39m]: [35mGET /api/v1/masters/charger-manufacturer 304 - - 10.450 ms[39m
[2026-07-21 03:42:21:4221] [[35mhttp[39m]: [35mGET /api/v1/survey 304 - - 7.668 ms[39m
[2026-07-21 03:42:21:4221] [[35mhttp[39m]: [35mGET /api/v1/survey 304 - - 8.844 ms[39m
[2026-07-21 03:42:26:4226] [[35mhttp[39m]: [35mGET /api/v1/auth/me 304 - - 7.351 ms[39m
[2026-07-21 03:42:26:4226] [[35mhttp[39m]: [35mGET /api/v1/auth/me 304 - - 3.097 ms[39m
[2026-07-21 03:42:26:4226] [[35mhttp[39m]: [35mGET /api/v1/survey-sites 304 - - 10.380 ms[39m
[2026-07-21 03:42:26:4226] [[35mhttp[39m]: [35mGET /api/v1/survey-sites 304 - - 22.448 ms[39m
[2026-07-21 03:42:33:4233] [[35mhttp[39m]: [35mGET /api/v1/auth/me 304 - - 3.150 ms[39m
[2026-07-21 03:42:33:4233] [[35mhttp[39m]: [35mGET /api/v1/auth/me 304 - - 2.661 ms[39m
[2026-07-21 03:42:33:4233] [[35mhttp[39m]: [35mGET /api/v1/dashboard 304 - - 29.153 ms[39m
[2026-07-21 03:42:33:4233] [[35mhttp[39m]: [35mGET /api/v1/dashboard 304 - - 24.730 ms[39m
[2026-07-21 03:42:54:4254] [[35mhttp[39m]: [35mPOST /api/v1/auth/login 200 727 - 186.470 ms[39m
[2026-07-21 03:42:54:4254] [[35mhttp[39m]: [35mGET /api/v1/dashboard 304 - - 29.419 ms[39m
[2026-07-21 03:42:54:4254] [[35mhttp[39m]: [35mGET /api/v1/dashboard 304 - - 13.557 ms[39m
[2026-07-21 03:46:05:465] [[35mhttp[39m]: [35mGET /api/v1/dashboard 304 - - 10.465 ms[39m
[2026-07-21 03:46:05:465] [[35mhttp[39m]: [35mGET /api/v1/dashboard 304 - - 13.222 ms[39m
[2026-07-21 03:47:14:4714] [[35mhttp[39m]: [35mGET /api/v1/auth/me 200 228 - 3.316 ms[39m
[2026-07-21 03:47:14:4714] [[35mhttp[39m]: [35mGET /api/v1/auth/me 304 - - 3.486 ms[39m
[2026-07-21 03:47:14:4714] [[35mhttp[39m]: [35mGET /api/v1/dashboard 304 - - 24.380 ms[39m
[2026-07-21 03:47:14:4714] [[35mhttp[39m]: [35mGET /api/v1/dashboard 304 - - 23.559 ms[39m
[2026-07-21 03:47:17:4717] [[35mhttp[39m]: [35mGET /api/v1/dashboard 304 - - 24.133 ms[39m
[2026-07-21 03:47:17:4717] [[35mhttp[39m]: [35mGET /api/v1/dashboard 304 - - 19.557 ms[39m
[2026-07-21 03:47:47:4747] [[35mhttp[39m]: [35mGET /api/v1/auth/me 304 - - 4.518 ms[39m
[2026-07-21 03:47:47:4747] [[35mhttp[39m]: [35mGET /api/v1/auth/me 304 - - 3.610 ms[39m
[2026-07-21 03:47:47:4747] [[35mhttp[39m]: [35mGET /api/v1/dashboard 304 - - 28.753 ms[39m
[2026-07-21 03:47:47:4747] [[35mhttp[39m]: [35mGET /api/v1/dashboard 304 - - 46.019 ms[39m
[2026-07-21 03:48:05:485] [[35mhttp[39m]: [35mPOST /api/v1/auth/login 200 691 - 126.491 ms[39m
[2026-07-21 03:48:05:485] [[35mhttp[39m]: [35mGET /api/v1/dashboard 304 - - 28.134 ms[39m
[2026-07-21 03:48:05:485] [[35mhttp[39m]: [35mGET /api/v1/dashboard 304 - - 13.580 ms[39m
[2026-07-21 03:50:06:506] [[35mhttp[39m]: [35mGET /api/v1/auth/me 200 212 - 5.011 ms[39m
[2026-07-21 03:50:06:506] [[35mhttp[39m]: [35mGET /api/v1/auth/me 304 - - 69.581 ms[39m
[2026-07-21 03:50:06:506] [[35mhttp[39m]: [35mGET /api/v1/dashboard 304 - - 82.774 ms[39m
[2026-07-21 03:50:07:507] [[35mhttp[39m]: [35mGET /api/v1/dashboard 304 - - 25.696 ms[39m
[2026-07-21 03:50:16:5016] [[35mhttp[39m]: [35mGET /api/v1/auth/me 304 - - 7.843 ms[39m
[2026-07-21 03:50:16:5016] [[35mhttp[39m]: [35mGET /api/v1/auth/me 304 - - 11.307 ms[39m
[2026-07-21 03:50:16:5016] [[35mhttp[39m]: [35mGET /api/v1/dashboard 304 - - 19.994 ms[39m
[2026-07-21 03:50:16:5016] [[35mhttp[39m]: [35mGET /api/v1/dashboard 304 - - 33.091 ms[39m
[2026-07-21 03:50:28:5028] [[35mhttp[39m]: [35mGET /api/v1/auth/me 304 - - 3.365 ms[39m
[2026-07-21 03:50:28:5028] [[35mhttp[39m]: [35mGET /api/v1/auth/me 304 - - 10.439 ms[39m
[2026-07-21 03:50:29:5029] [[35mhttp[39m]: [35mGET /api/v1/dashboard 304 - - 109.405 ms[39m
[2026-07-21 03:50:29:5029] [[35mhttp[39m]: [35mGET /api/v1/dashboard 304 - - 34.228 ms[39m
[2026-07-21 03:50:50:5050] [[35mhttp[39m]: [35mPOST /api/v1/auth/login 200 727 - 126.087 ms[39m
[2026-07-21 03:50:50:5050] [[35mhttp[39m]: [35mGET /api/v1/dashboard 304 - - 28.941 ms[39m
[2026-07-21 03:50:50:5050] [[35mhttp[39m]: [35mGET /api/v1/dashboard 304 - - 22.733 ms[39m
[2026-07-21 03:50:54:5054] [[35mhttp[39m]: [35mGET /api/v1/survey-sites 304 - - 6.593 ms[39m
[2026-07-21 03:50:54:5054] [[35mhttp[39m]: [35mGET /api/v1/survey-sites 304 - - 9.068 ms[39m
[2026-07-21 03:50:55:5055] [[35mhttp[39m]: [35mGET /api/v1/survey 304 - - 11.381 ms[39m
[2026-07-21 03:50:55:5055] [[35mhttp[39m]: [35mGET /api/v1/survey 304 - - 8.751 ms[39m
[2026-07-21 03:53:42:5342] [[35mhttp[39m]: [35mGET /api/v1/survey-assignment 200 3758 - 13.095 ms[39m
[2026-07-21 03:53:42:5342] [[35mhttp[39m]: [35mGET /api/v1/survey-assignment 304 - - 10.378 ms[39m
[2026-07-21 03:53:47:5347] [[35mhttp[39m]: [35mGET /api/v1/survey 304 - - 10.003 ms[39m
[2026-07-21 03:53:47:5347] [[35mhttp[39m]: [35mGET /api/v1/survey 304 - - 10.306 ms[39m
[2026-07-21 03:53:57:5357] [[35mhttp[39m]: [35mGET /api/v1/auth/me 200 228 - 2.409 ms[39m
[2026-07-21 03:53:57:5357] [[35mhttp[39m]: [35mGET /api/v1/auth/me 304 - - 4.585 ms[39m
[2026-07-21 03:53:57:5357] [[35mhttp[39m]: [35mGET /api/v1/dashboard 304 - - 21.866 ms[39m
[2026-07-21 03:53:57:5357] [[35mhttp[39m]: [35mGET /api/v1/dashboard 304 - - 36.259 ms[39m
[2026-07-21 03:56:37:5637] [[35mhttp[39m]: [35mGET /api/v1/auth/me 304 - - 2.213 ms[39m
[2026-07-21 03:56:37:5637] [[35mhttp[39m]: [35mGET /api/v1/auth/me 304 - - 3.317 ms[39m
[2026-07-21 03:56:37:5637] [[35mhttp[39m]: [35mGET /api/v1/survey-sites 304 - - 4.498 ms[39m
[2026-07-21 03:56:37:5637] [[35mhttp[39m]: [35mGET /api/v1/survey-sites 304 - - 4.169 ms[39m
[2026-07-21 03:56:51:5651] [[35mhttp[39m]: [35mGET /api/v1/auth/me 304 - - 3.421 ms[39m
[2026-07-21 03:56:51:5651] [[35mhttp[39m]: [35mGET /api/v1/auth/me 304 - - 8.411 ms[39m
[2026-07-21 03:56:51:5651] [[35mhttp[39m]: [35mGET /api/v1/dashboard 304 - - 29.158 ms[39m
[2026-07-21 03:56:51:5651] [[35mhttp[39m]: [35mGET /api/v1/dashboard 304 - - 19.391 ms[39m
[2026-07-21 03:57:59:5759] [[35mhttp[39m]: [35mGET /api/v1/auth/me 304 - - 2.592 ms[39m
[2026-07-21 03:57:59:5759] [[35mhttp[39m]: [35mGET /api/v1/auth/me 304 - - 10.244 ms[39m
[2026-07-21 03:57:59:5759] [[35mhttp[39m]: [35mGET /api/v1/survey-sites 304 - - 10.172 ms[39m
[2026-07-21 03:57:59:5759] [[35mhttp[39m]: [35mGET /api/v1/survey-sites 304 - - 9.426 ms[39m
[2026-07-21 03:59:47:5947] [[35mhttp[39m]: [35mGET /api/v1/auth/me 304 - - 4.358 ms[39m
[2026-07-21 03:59:47:5947] [[35mhttp[39m]: [35mGET /api/v1/auth/me 304 - - 7.809 ms[39m
[2026-07-21 03:59:47:5947] [[35mhttp[39m]: [35mGET /api/v1/survey-sites 304 - - 20.965 ms[39m
[2026-07-21 03:59:47:5947] [[35mhttp[39m]: [35mGET /api/v1/survey-sites 304 - - 15.183 ms[39m
[2026-07-21 03:59:51:5951] [[35mhttp[39m]: [35mGET /api/v1/auth/me 304 - - 2.582 ms[39m
[2026-07-21 03:59:51:5951] [[35mhttp[39m]: [35mGET /api/v1/auth/me 304 - - 3.324 ms[39m
[2026-07-21 03:59:52:5952] [[35mhttp[39m]: [35mGET /api/v1/dashboard 304 - - 31.207 ms[39m
[2026-07-21 03:59:52:5952] [[35mhttp[39m]: [35mGET /api/v1/dashboard 304 - - 32.812 ms[39m
[2026-07-21 04:01:03:13] [[35mhttp[39m]: [35mGET /api/v1/survey-sites 304 - - 5.163 ms[39m
[2026-07-21 04:01:03:13] [[35mhttp[39m]: [35mGET /api/v1/survey-sites 304 - - 12.584 ms[39m
[2026-07-21 04:01:08:18] [[35mhttp[39m]: [35mGET /api/v1/survey-sites 304 - - 16.211 ms[39m
[2026-07-21 04:01:08:18] [[35mhttp[39m]: [35mGET /api/v1/survey-sites 304 - - 8.693 ms[39m
[2026-07-21 04:01:15:115] [[35mhttp[39m]: [35mGET /api/v1/dashboard 304 - - 17.655 ms[39m
[2026-07-21 04:01:15:115] [[35mhttp[39m]: [35mGET /api/v1/dashboard 304 - - 16.313 ms[39m
[2026-07-21 04:01:32:132] [[35mhttp[39m]: [35mGET /api/v1/survey-sites 304 - - 8.254 ms[39m
[2026-07-21 04:01:32:132] [[35mhttp[39m]: [35mGET /api/v1/survey-sites 304 - - 8.686 ms[39m
[2026-07-21 04:01:36:136] [[35mhttp[39m]: [35mGET /api/v1/survey 304 - - 6.178 ms[39m
[2026-07-21 04:01:36:136] [[35mhttp[39m]: [35mGET /api/v1/survey 304 - - 10.848 ms[39m
[2026-07-21 04:01:40:140] [[35mhttp[39m]: [35mGET /api/v1/auth/me 304 - - 1.862 ms[39m
[2026-07-21 04:01:40:140] [[35mhttp[39m]: [35mGET /api/v1/auth/me 304 - - 2.819 ms[39m
[2026-07-21 04:01:40:140] [[35mhttp[39m]: [35mGET /api/v1/survey-sites 304 - - 4.397 ms[39m
[2026-07-21 04:01:40:140] [[35mhttp[39m]: [35mGET /api/v1/survey-sites 304 - - 9.284 ms[39m
[2026-07-21 04:01:48:148] [[35mhttp[39m]: [35mGET /api/v1/dashboard 304 - - 16.390 ms[39m
[2026-07-21 04:01:48:148] [[35mhttp[39m]: [35mGET /api/v1/dashboard 304 - - 15.680 ms[39m
[2026-07-21 04:04:42:442] [[35mhttp[39m]: [35mGET /api/v1/survey-sites 304 - - 9.044 ms[39m
[2026-07-21 04:04:42:442] [[35mhttp[39m]: [35mGET /api/v1/survey-sites 304 - - 9.783 ms[39m
[2026-07-21 04:04:43:443] [[35mhttp[39m]: [35mGET /api/v1/dashboard 304 - - 33.491 ms[39m
[2026-07-21 04:04:43:443] [[35mhttp[39m]: [35mGET /api/v1/dashboard 304 - - 12.153 ms[39m
[2026-07-21 04:04:50:450] [[35mhttp[39m]: [35mGET /api/v1/survey-sites 304 - - 7.569 ms[39m
[2026-07-21 04:04:50:450] [[35mhttp[39m]: [35mGET /api/v1/survey-sites 304 - - 6.060 ms[39m
[2026-07-21 04:04:51:451] [[35mhttp[39m]: [35mGET /api/v1/survey 304 - - 10.526 ms[39m
[2026-07-21 04:04:51:451] [[35mhttp[39m]: [35mGET /api/v1/survey 304 - - 10.791 ms[39m
[2026-07-21 04:04:56:456] [[35mhttp[39m]: [35mGET /api/v1/auth/me 304 - - 2.185 ms[39m
[2026-07-21 04:04:56:456] [[35mhttp[39m]: [35mGET /api/v1/auth/me 304 - - 3.391 ms[39m
[2026-07-21 04:04:56:456] [[35mhttp[39m]: [35mGET /api/v1/survey-sites 304 - - 8.015 ms[39m
[2026-07-21 04:04:56:456] [[35mhttp[39m]: [35mGET /api/v1/survey-sites 304 - - 6.684 ms[39m
[2026-07-21 04:05:25:525] [[35mhttp[39m]: [35mGET /api/v1/dashboard 304 - - 20.674 ms[39m
[2026-07-21 04:05:25:525] [[35mhttp[39m]: [35mGET /api/v1/dashboard 304 - - 22.278 ms[39m
[2026-07-21 04:06:39:639] [[35mhttp[39m]: [35mGET /api/v1/dashboard 304 - - 20.731 ms[39m
[2026-07-21 04:06:39:639] [[35mhttp[39m]: [35mGET /api/v1/dashboard 304 - - 15.589 ms[39m
[2026-07-21 04:06:52:652] [[35mhttp[39m]: [35mGET /api/v1/auth/me 304 - - 2.157 ms[39m
[2026-07-21 04:06:52:652] [[35mhttp[39m]: [35mGET /api/v1/auth/me 304 - - 3.149 ms[39m
[2026-07-21 04:06:53:653] [[35mhttp[39m]: [35mGET /api/v1/dashboard 304 - - 54.509 ms[39m
[2026-07-21 04:06:53:653] [[35mhttp[39m]: [35mGET /api/v1/dashboard 304 - - 33.029 ms[39m
[2026-07-21 04:06:55:655] [[35mhttp[39m]: [35mGET /api/v1/auth/me 304 - - 2.200 ms[39m
[2026-07-21 04:06:55:655] [[35mhttp[39m]: [35mGET /api/v1/auth/me 304 - - 43.508 ms[39m
[2026-07-21 04:06:55:655] [[35mhttp[39m]: [35mGET /api/v1/dashboard 304 - - 27.677 ms[39m
[2026-07-21 04:06:55:655] [[35mhttp[39m]: [35mGET /api/v1/dashboard 304 - - 58.258 ms[39m
[2026-07-21 04:06:58:658] [[35mhttp[39m]: [35mGET /api/v1/auth/me 304 - - 8.553 ms[39m
[2026-07-21 04:06:58:658] [[35mhttp[39m]: [35mGET /api/v1/auth/me 304 - - 2.161 ms[39m
[2026-07-21 04:06:58:658] [[35mhttp[39m]: [35mGET /api/v1/dashboard 304 - - 34.443 ms[39m
[2026-07-21 04:06:58:658] [[35mhttp[39m]: [35mGET /api/v1/dashboard 304 - - 18.658 ms[39m
[2026-07-21 04:07:01:71] [[35mhttp[39m]: [35mGET /api/v1/auth/me 304 - - 2.132 ms[39m
[2026-07-21 04:07:02:72] [[35mhttp[39m]: [35mGET /api/v1/auth/me 304 - - 16.767 ms[39m
[2026-07-21 04:07:02:72] [[35mhttp[39m]: [35mGET /api/v1/survey-sites 304 - - 14.758 ms[39m
[2026-07-21 04:07:02:72] [[35mhttp[39m]: [35mGET /api/v1/survey-sites 304 - - 28.095 ms[39m
[2026-07-21 04:07:03:73] [[35mhttp[39m]: [35mGET /api/v1/dashboard 304 - - 16.513 ms[39m
[2026-07-21 04:07:03:73] [[35mhttp[39m]: [35mGET /api/v1/dashboard 304 - - 18.657 ms[39m
[2026-07-21 04:07:33:733] [[35mhttp[39m]: [35mGET /api/v1/auth/me 304 - - 4.416 ms[39m
[2026-07-21 04:07:33:733] [[35mhttp[39m]: [35mGET /api/v1/auth/me 304 - - 11.011 ms[39m
[2026-07-21 04:07:34:734] [[35mhttp[39m]: [35mGET /api/v1/dashboard 304 - - 29.126 ms[39m
[2026-07-21 04:07:34:734] [[35mhttp[39m]: [35mGET /api/v1/dashboard 304 - - 161.720 ms[39m
[2026-07-21 04:07:37:737] [[35mhttp[39m]: [35mGET /api/v1/auth/me 304 - - 2.538 ms[39m
[2026-07-21 04:07:37:737] [[35mhttp[39m]: [35mGET /api/v1/auth/me 304 - - 10.473 ms[39m
[2026-07-21 04:07:37:737] [[35mhttp[39m]: [35mGET /api/v1/dashboard 304 - - 24.143 ms[39m
[2026-07-21 04:07:37:737] [[35mhttp[39m]: [35mGET /api/v1/dashboard 304 - - 17.893 ms[39m
[2026-07-21 04:07:40:740] [[35mhttp[39m]: [35mGET /api/v1/auth/me 304 - - 5.078 ms[39m
[2026-07-21 04:07:40:740] [[35mhttp[39m]: [35mGET /api/v1/auth/me 304 - - 9.777 ms[39m
[2026-07-21 04:07:40:740] [[35mhttp[39m]: [35mGET /api/v1/dashboard 304 - - 19.601 ms[39m
[2026-07-21 04:07:41:741] [[35mhttp[39m]: [35mGET /api/v1/dashboard 304 - - 18.489 ms[39m
[2026-07-21 04:07:53:753] [[35mhttp[39m]: [35mPOST /api/v1/auth/login 200 691 - 309.140 ms[39m
[2026-07-21 04:07:53:753] [[35mhttp[39m]: [35mGET /api/v1/dashboard 304 - - 65.025 ms[39m
[2026-07-21 04:07:53:753] [[35mhttp[39m]: [35mGET /api/v1/dashboard 304 - - 70.226 ms[39m
[2026-07-21 04:08:08:88] [[35mhttp[39m]: [35mGET /api/v1/auth/me 200 212 - 9.379 ms[39m
[2026-07-21 04:08:08:88] [[35mhttp[39m]: [35mGET /api/v1/auth/me 304 - - 2.777 ms[39m
[2026-07-21 04:08:08:88] [[35mhttp[39m]: [35mGET /api/v1/dashboard 304 - - 24.068 ms[39m
[2026-07-21 04:08:09:89] [[35mhttp[39m]: [35mGET /api/v1/dashboard 304 - - 248.712 ms[39m
[2026-07-21 04:09:59:959] [[35mhttp[39m]: [35mGET /api/v1/auth/me 304 - - 6.341 ms[39m
[2026-07-21 04:09:59:959] [[35mhttp[39m]: [35mGET /api/v1/auth/me 304 - - 36.006 ms[39m
[2026-07-21 04:11:04:114] [[35mhttp[39m]: [35mGET /api/v1/users 304 - - 6.345 ms[39m
[2026-07-21 04:11:04:114] [[35mhttp[39m]: [35mGET /api/v1/users 304 - - 7.973 ms[39m
[2026-07-21 04:11:05:115] [[35mhttp[39m]: [35mGET /api/v1/dashboard 304 - - 13.331 ms[39m
[2026-07-21 04:11:05:115] [[35mhttp[39m]: [35mGET /api/v1/dashboard 304 - - 19.430 ms[39m
[2026-07-21 04:11:49:1149] [[35mhttp[39m]: [35mPOST /api/v1/auth/login 200 727 - 217.665 ms[39m
[2026-07-21 04:11:50:1150] [[35mhttp[39m]: [35mGET /api/v1/dashboard 304 - - 21.804 ms[39m
[2026-07-21 04:11:50:1150] [[35mhttp[39m]: [35mGET /api/v1/dashboard 304 - - 14.027 ms[39m
[2026-07-21 04:14:49:1449] [[35mhttp[39m]: [35mGET /api/v1/auth/me 200 228 - 4.068 ms[39m
[2026-07-21 04:14:49:1449] [[35mhttp[39m]: [35mGET /api/v1/auth/me 304 - - 6.675 ms[39m
[2026-07-21 04:14:49:1449] [[35mhttp[39m]: [35mGET /api/v1/dashboard 304 - - 49.441 ms[39m
[2026-07-21 04:14:49:1449] [[35mhttp[39m]: [35mGET /api/v1/dashboard 304 - - 48.814 ms[39m
[2026-07-21 04:14:55:1455] [[35mhttp[39m]: [35mGET /api/v1/survey-sites 304 - - 10.037 ms[39m
[2026-07-21 04:14:55:1455] [[35mhttp[39m]: [35mGET /api/v1/survey-sites 304 - - 9.727 ms[39m
[2026-07-21 04:14:56:1456] [[35mhttp[39m]: [35mGET /api/v1/dashboard 304 - - 21.679 ms[39m
[2026-07-21 04:14:56:1456] [[35mhttp[39m]: [35mGET /api/v1/dashboard 304 - - 20.211 ms[39m
[2026-07-21 04:15:10:1510] [[35mhttp[39m]: [35mPOST /api/v1/auth/login 200 691 - 195.836 ms[39m
[2026-07-21 04:15:10:1510] [[35mhttp[39m]: [35mGET /api/v1/dashboard 304 - - 17.005 ms[39m
[2026-07-21 04:15:10:1510] [[35mhttp[39m]: [35mGET /api/v1/dashboard 304 - - 44.809 ms[39m
[2026-07-21 04:16:36:1636] [[35mhttp[39m]: [35mGET /api/v1/users 304 - - 7.508 ms[39m
[2026-07-21 04:16:36:1636] [[35mhttp[39m]: [35mGET /api/v1/users 304 - - 5.213 ms[39m
[2026-07-21 04:16:41:1641] [[35mhttp[39m]: [35mGET /api/v1/users/b914ef0c-b961-43df-8fc9-9b56747f364f 304 - - 6.233 ms[39m
[2026-07-21 04:16:41:1641] [[35mhttp[39m]: [35mGET /api/v1/users/b914ef0c-b961-43df-8fc9-9b56747f364f 304 - - 6.989 ms[39m
[2026-07-21 04:16:47:1647] [[35mhttp[39m]: [35mPUT /api/v1/users/b914ef0c-b961-43df-8fc9-9b56747f364f 200 374 - 119.820 ms[39m
[2026-07-21 04:16:47:1647] [[35mhttp[39m]: [35mGET /api/v1/users 200 1554 - 16.438 ms[39m
[2026-07-21 04:16:47:1647] [[35mhttp[39m]: [35mGET /api/v1/users 304 - - 4.228 ms[39m
[2026-07-21 04:17:01:171] [[35mhttp[39m]: [35mGET /api/v1/survey-sites 304 - - 5.823 ms[39m
[2026-07-21 04:17:01:171] [[35mhttp[39m]: [35mGET /api/v1/survey-sites 304 - - 8.580 ms[39m
[2026-07-21 04:17:05:175] [[35mhttp[39m]: [35mGET /api/v1/survey-sites/f7115000-e393-4997-9870-3a98421e94d3 200 529 - 5.642 ms[39m
[2026-07-21 04:17:05:175] [[35mhttp[39m]: [35mGET /api/v1/survey-sites/f7115000-e393-4997-9870-3a98421e94d3 304 - - 6.748 ms[39m
[2026-07-21 04:17:08:178] [[35mhttp[39m]: [35mGET /api/v1/survey-sites 304 - - 5.821 ms[39m
[2026-07-21 04:17:08:178] [[35mhttp[39m]: [35mGET /api/v1/survey-sites 304 - - 10.776 ms[39m
[2026-07-21 04:17:10:1710] [[35mhttp[39m]: [35mGET /api/v1/survey-sites/f7115000-e393-4997-9870-3a98421e94d3 304 - - 10.483 ms[39m
[2026-07-21 04:17:10:1710] [[35mhttp[39m]: [35mGET /api/v1/survey-sites/f7115000-e393-4997-9870-3a98421e94d3 304 - - 5.213 ms[39m
[2026-07-21 04:17:14:1714] [[35mhttp[39m]: [35mGET /api/v1/survey-sites 304 - - 9.844 ms[39m
[2026-07-21 04:17:14:1714] [[35mhttp[39m]: [35mGET /api/v1/survey-sites 304 - - 7.662 ms[39m
[2026-07-21 04:17:16:1716] [[35mhttp[39m]: [35mGET /api/v1/masters/charger-manufacturer 304 - - 7.749 ms[39m
[2026-07-21 04:17:16:1716] [[35mhttp[39m]: [35mGET /api/v1/masters/charger-manufacturer 304 - - 8.214 ms[39m
[2026-07-21 04:17:18:1718] [[35mhttp[39m]: [35mGET /api/v1/masters/charger-manufacturer 304 - - 8.067 ms[39m
[2026-07-21 04:17:18:1718] [[35mhttp[39m]: [35mGET /api/v1/masters/charger-model 304 - - 7.715 ms[39m
[2026-07-21 04:17:18:1718] [[35mhttp[39m]: [35mGET /api/v1/masters/charger-model 304 - - 5.138 ms[39m
[2026-07-21 04:17:18:1718] [[35mhttp[39m]: [35mGET /api/v1/masters/charger-manufacturer 304 - - 8.331 ms[39m
[2026-07-21 04:17:20:1720] [[35mhttp[39m]: [35mGET /api/v1/masters/connector 304 - - 6.397 ms[39m
[2026-07-21 04:17:20:1720] [[35mhttp[39m]: [35mGET /api/v1/masters/connector 304 - - 5.325 ms[39m
[2026-07-21 04:17:21:1721] [[35mhttp[39m]: [35mGET /api/v1/masters/equipment 304 - - 8.332 ms[39m
[2026-07-21 04:17:21:1721] [[35mhttp[39m]: [35mGET /api/v1/masters/equipment 304 - - 4.678 ms[39m
[2026-07-21 04:17:22:1722] [[35mhttp[39m]: [35mGET /api/v1/masters/photo-category 304 - - 4.466 ms[39m
[2026-07-21 04:17:22:1722] [[35mhttp[39m]: [35mGET /api/v1/masters/photo-category 304 - - 7.451 ms[39m
[2026-07-21 04:17:32:1732] [[35mhttp[39m]: [35mGET /api/v1/masters/charger-manufacturer 304 - - 6.409 ms[39m
[2026-07-21 04:17:32:1732] [[35mhttp[39m]: [35mGET /api/v1/masters/charger-manufacturer 304 - - 10.239 ms[39m
[2026-07-21 04:17:39:1739] [[35mhttp[39m]: [35mGET /api/v1/masters/charger-manufacturer 304 - - 6.345 ms[39m
[2026-07-21 04:17:39:1739] [[35mhttp[39m]: [35mGET /api/v1/masters/charger-model 304 - - 9.474 ms[39m
[2026-07-21 04:17:39:1739] [[35mhttp[39m]: [35mGET /api/v1/masters/charger-manufacturer 304 - - 12.312 ms[39m
[2026-07-21 04:17:39:1739] [[35mhttp[39m]: [35mGET /api/v1/masters/charger-model 304 - - 7.756 ms[39m
[2026-07-21 04:17:39:1739] [[35mhttp[39m]: [35mGET /api/v1/masters/connector 304 - - 5.506 ms[39m
[2026-07-21 04:17:40:1740] [[35mhttp[39m]: [35mGET /api/v1/masters/connector 304 - - 6.336 ms[39m
[2026-07-21 04:17:40:1740] [[35mhttp[39m]: [35mGET /api/v1/masters/equipment 304 - - 4.326 ms[39m
[2026-07-21 04:17:40:1740] [[35mhttp[39m]: [35mGET /api/v1/masters/equipment 304 - - 32.653 ms[39m
[2026-07-21 04:17:40:1740] [[35mhttp[39m]: [35mGET /api/v1/masters/photo-category 304 - - 7.623 ms[39m
[2026-07-21 04:17:40:1740] [[35mhttp[39m]: [35mGET /api/v1/masters/photo-category 304 - - 7.429 ms[39m
[2026-07-21 04:17:45:1745] [[35mhttp[39m]: [35mGET /api/v1/survey 304 - - 9.923 ms[39m
[2026-07-21 04:17:45:1745] [[35mhttp[39m]: [35mGET /api/v1/survey 304 - - 11.394 ms[39m
[2026-07-21 04:17:47:1747] [[35mhttp[39m]: [35mGET /api/v1/auth/me 200 212 - 2.071 ms[39m
[2026-07-21 04:17:47:1747] [[35mhttp[39m]: [35mGET /api/v1/auth/me 304 - - 4.240 ms[39m
[2026-07-21 04:17:47:1747] [[35mhttp[39m]: [35mGET /api/v1/survey 304 - - 13.040 ms[39m
[2026-07-21 04:17:47:1747] [[35mhttp[39m]: [35mGET /api/v1/survey 304 - - 14.063 ms[39m
[2026-07-21 04:17:50:1750] [[35mhttp[39m]: [35mGET /api/v1/auth/me 304 - - 1.977 ms[39m
[2026-07-21 04:17:50:1750] [[35mhttp[39m]: [35mGET /api/v1/auth/me 304 - - 2.524 ms[39m
[2026-07-21 04:17:50:1750] [[35mhttp[39m]: [35mGET /api/v1/masters/equipment 304 - - 5.405 ms[39m
[2026-07-21 04:17:50:1750] [[35mhttp[39m]: [35mGET /api/v1/masters/equipment 304 - - 17.736 ms[39m
[2026-07-21 04:18:03:183] [[35mhttp[39m]: [35mGET /api/v1/dashboard 304 - - 17.826 ms[39m
[2026-07-21 04:18:03:183] [[35mhttp[39m]: [35mGET /api/v1/dashboard 304 - - 17.539 ms[39m
[2026-07-21 04:47:45:4745] [[35mhttp[39m]: [35mGET /api/v1/auth/me 304 - - 7.048 ms[39m
[2026-07-21 04:47:45:4745] [[35mhttp[39m]: [35mGET /api/v1/auth/me 304 - - 3.184 ms[39m
[2026-07-21 04:47:46:4746] [[35mhttp[39m]: [35mGET /api/v1/dashboard 304 - - 35.766 ms[39m
[2026-07-21 04:47:46:4746] [[35mhttp[39m]: [35mGET /api/v1/dashboard 304 - - 30.376 ms[39m
[2026-07-21 04:47:50:4750] [[35mhttp[39m]: [35mGET /api/v1/auth/me 304 - - 3.620 ms[39m
[2026-07-21 04:47:50:4750] [[35mhttp[39m]: [35mGET /api/v1/auth/me 304 - - 2.393 ms[39m
[2026-07-21 04:47:50:4750] [[35mhttp[39m]: [35mGET /api/v1/dashboard 304 - - 32.795 ms[39m
[2026-07-21 04:47:50:4750] [[35mhttp[39m]: [35mGET /api/v1/dashboard 304 - - 51.149 ms[39m
[2026-07-21 04:47:53:4753] [[35mhttp[39m]: [35mGET /api/v1/auth/me 304 - - 2.444 ms[39m
[2026-07-21 04:47:53:4753] [[35mhttp[39m]: [35mGET /api/v1/auth/me 304 - - 2.474 ms[39m
[2026-07-21 04:47:53:4753] [[35mhttp[39m]: [35mGET /api/v1/dashboard 304 - - 41.722 ms[39m
[2026-07-21 04:47:53:4753] [[35mhttp[39m]: [35mGET /api/v1/dashboard 304 - - 50.766 ms[39m
[2026-07-21 04:48:08:488] [[35mhttp[39m]: [35mPOST /api/v1/auth/login 200 727 - 189.881 ms[39m
[2026-07-21 04:48:08:488] [[35mhttp[39m]: [35mGET /api/v1/dashboard 304 - - 21.090 ms[39m
[2026-07-21 04:48:08:488] [[35mhttp[39m]: [35mGET /api/v1/dashboard 304 - - 17.002 ms[39m
[2026-07-21 04:48:41:4841] [[35mhttp[39m]: [35mGET /api/v1/masters/charger-manufacturer 304 - - 6.424 ms[39m
[2026-07-21 04:48:41:4841] [[35mhttp[39m]: [35mGET /api/v1/masters/charger-manufacturer 304 - - 8.976 ms[39m
[2026-07-21 04:48:44:4844] [[35mhttp[39m]: [35mGET /api/v1/survey-sites 304 - - 6.808 ms[39m
[2026-07-21 04:48:44:4844] [[35mhttp[39m]: [35mGET /api/v1/survey-sites 304 - - 6.921 ms[39m
[2026-07-21 04:48:47:4847] [[35mhttp[39m]: [35mGET /api/v1/survey 304 - - 6.300 ms[39m
[2026-07-21 04:48:47:4847] [[35mhttp[39m]: [35mGET /api/v1/survey 304 - - 8.789 ms[39m
[2026-07-21 04:49:21:4921] [[35mhttp[39m]: [35mGET /api/v1/auth/me 200 228 - 2.340 ms[39m
[2026-07-21 04:49:21:4921] [[35mhttp[39m]: [35mGET /api/v1/auth/me 304 - - 10.018 ms[39m
[2026-07-21 04:49:21:4921] [[35mhttp[39m]: [35mGET /api/v1/survey 304 - - 66.555 ms[39m
[2026-07-21 04:49:21:4921] [[35mhttp[39m]: [35mGET /api/v1/survey 304 - - 29.070 ms[39m
[2026-07-21 04:50:07:507] [[35mhttp[39m]: [35mGET /api/v1/auth/me 304 - - 2.280 ms[39m
[2026-07-21 04:50:07:507] [[35mhttp[39m]: [35mGET /api/v1/auth/me 304 - - 4.274 ms[39m
[2026-07-21 04:50:07:507] [[35mhttp[39m]: [35mGET /api/v1/survey-sites 304 - - 12.524 ms[39m
[2026-07-21 04:50:07:507] [[35mhttp[39m]: [35mGET /api/v1/survey-sites 304 - - 10.419 ms[39m
[2026-07-21 04:50:18:5018] [[35mhttp[39m]: [35mGET /api/v1/survey 304 - - 10.833 ms[39m
[2026-07-21 04:50:18:5018] [[35mhttp[39m]: [35mGET /api/v1/survey 304 - - 10.681 ms[39m
[2026-07-21 04:50:33:5033] [[35mhttp[39m]: [35mGET /api/v1/auth/me 304 - - 2.486 ms[39m
[2026-07-21 04:50:33:5033] [[35mhttp[39m]: [35mGET /api/v1/auth/me 304 - - 3.172 ms[39m
[2026-07-21 04:50:33:5033] [[35mhttp[39m]: [35mGET /api/v1/survey 304 - - 28.108 ms[39m
[2026-07-21 04:50:33:5033] [[35mhttp[39m]: [35mGET /api/v1/survey 304 - - 15.242 ms[39m
[2026-07-21 04:50:36:5036] [[35mhttp[39m]: [35mGET /api/v1/auth/me 304 - - 2.019 ms[39m
[2026-07-21 04:50:36:5036] [[35mhttp[39m]: [35mGET /api/v1/auth/me 304 - - 4.374 ms[39m
[2026-07-21 04:50:36:5036] [[35mhttp[39m]: [35mGET /api/v1/survey 304 - - 8.449 ms[39m
[2026-07-21 04:50:36:5036] [[35mhttp[39m]: [35mGET /api/v1/survey 304 - - 12.411 ms[39m
[2026-07-21 04:52:22:5222] [[35mhttp[39m]: [35mGET /api/v1/auth/me 304 - - 3.318 ms[39m
[2026-07-21 04:52:22:5222] [[35mhttp[39m]: [35mGET /api/v1/auth/me 304 - - 5.402 ms[39m
[2026-07-21 04:52:22:5222] [[35mhttp[39m]: [35mGET /api/v1/dashboard 304 - - 80.146 ms[39m
[2026-07-21 04:52:22:5222] [[35mhttp[39m]: [35mGET /api/v1/dashboard 304 - - 45.471 ms[39m
[2026-07-21 04:52:36:5236] [[35mhttp[39m]: [35mPOST /api/v1/auth/login 200 691 - 179.622 ms[39m
[2026-07-21 04:52:36:5236] [[35mhttp[39m]: [35mGET /api/v1/dashboard 304 - - 20.278 ms[39m
[2026-07-21 04:52:36:5236] [[35mhttp[39m]: [35mGET /api/v1/dashboard 304 - - 11.468 ms[39m
[2026-07-21 04:53:32:5332] [[35mhttp[39m]: [35mGET /api/v1/auth/me 200 212 - 2.760 ms[39m
[2026-07-21 04:53:32:5332] [[35mhttp[39m]: [35mGET /api/v1/auth/me 304 - - 3.698 ms[39m
[2026-07-21 04:53:32:5332] [[35mhttp[39m]: [35mGET /api/v1/survey 304 - - 11.351 ms[39m
[2026-07-21 04:53:32:5332] [[35mhttp[39m]: [35mGET /api/v1/survey 304 - - 9.509 ms[39m
[2026-07-21 04:53:44:5344] [[35mhttp[39m]: [35mGET /api/v1/survey-sites 304 - - 10.406 ms[39m
[2026-07-21 04:53:44:5344] [[35mhttp[39m]: [35mGET /api/v1/survey-sites 304 - - 9.180 ms[39m
[2026-07-21 04:53:46:5346] [[35mhttp[39m]: [35mGET /api/v1/dashboard 304 - - 20.319 ms[39m
[2026-07-21 04:53:46:5346] [[35mhttp[39m]: [35mGET /api/v1/dashboard 304 - - 28.209 ms[39m
[2026-07-21 04:53:48:5348] [[35mhttp[39m]: [35mGET /api/v1/survey 304 - - 13.379 ms[39m
[2026-07-21 04:53:48:5348] [[35mhttp[39m]: [35mGET /api/v1/survey 304 - - 6.273 ms[39m
[2026-07-21 04:53:53:5353] [[35mhttp[39m]: [35mGET /api/v1/auth/me 304 - - 8.309 ms[39m
[2026-07-21 04:53:53:5353] [[35mhttp[39m]: [35mGET /api/v1/auth/me 304 - - 2.849 ms[39m
[2026-07-21 04:53:53:5353] [[35mhttp[39m]: [35mGET /api/v1/dashboard 304 - - 51.827 ms[39m
[2026-07-21 04:53:53:5353] [[35mhttp[39m]: [35mGET /api/v1/dashboard 304 - - 27.973 ms[39m
[2026-07-21 04:54:02:542] [[35mhttp[39m]: [35mGET /api/v1/masters/charger-manufacturer 304 - - 5.829 ms[39m
[2026-07-21 04:54:03:543] [[35mhttp[39m]: [35mGET /api/v1/masters/charger-manufacturer 304 - - 9.261 ms[39m
[2026-07-21 04:54:05:545] [[35mhttp[39m]: [35mGET /api/v1/dashboard 304 - - 29.617 ms[39m
[2026-07-21 04:54:05:545] [[35mhttp[39m]: [35mGET /api/v1/dashboard 304 - - 32.103 ms[39m
[2026-07-21 04:54:15:5415] [[35mhttp[39m]: [35mGET /api/v1/auth/me 304 - - 2.677 ms[39m
[2026-07-21 04:54:15:5415] [[35mhttp[39m]: [35mGET /api/v1/auth/me 304 - - 2.623 ms[39m
[2026-07-21 04:54:15:5415] [[35mhttp[39m]: [35mGET /api/v1/survey 304 - - 5.913 ms[39m
[2026-07-21 04:54:15:5415] [[35mhttp[39m]: [35mGET /api/v1/survey 304 - - 5.366 ms[39m
[2026-07-21 04:56:41:5641] [[35mhttp[39m]: [35mGET /api/v1/survey-sites 304 - - 7.584 ms[39m
[2026-07-21 04:56:41:5641] [[35mhttp[39m]: [35mGET /api/v1/survey-sites 304 - - 8.880 ms[39m
[2026-07-21 04:56:46:5646] [[35mhttp[39m]: [35mGET /api/v1/masters/charger-manufacturer 304 - - 8.357 ms[39m
[2026-07-21 04:56:46:5646] [[35mhttp[39m]: [35mGET /api/v1/masters/charger-manufacturer 304 - - 9.197 ms[39m
[2026-07-21 04:56:49:5649] [[35mhttp[39m]: [35mGET /api/v1/masters/charger-manufacturer 304 - - 12.312 ms[39m
[2026-07-21 04:56:49:5649] [[35mhttp[39m]: [35mGET /api/v1/masters/charger-manufacturer 304 - - 9.582 ms[39m
[2026-07-21 04:56:49:5649] [[35mhttp[39m]: [35mGET /api/v1/masters/charger-model 304 - - 21.391 ms[39m
[2026-07-21 04:56:49:5649] [[35mhttp[39m]: [35mGET /api/v1/masters/charger-model 304 - - 5.735 ms[39m
[2026-07-21 04:56:49:5649] [[35mhttp[39m]: [35mGET /api/v1/masters/connector 304 - - 7.234 ms[39m
[2026-07-21 04:56:49:5649] [[35mhttp[39m]: [35mGET /api/v1/masters/connector 304 - - 4.176 ms[39m
[2026-07-21 04:56:50:5650] [[35mhttp[39m]: [35mGET /api/v1/masters/equipment 304 - - 4.702 ms[39m
[2026-07-21 04:56:50:5650] [[35mhttp[39m]: [35mGET /api/v1/masters/equipment 304 - - 6.266 ms[39m
[2026-07-21 04:56:51:5651] [[35mhttp[39m]: [35mGET /api/v1/masters/photo-category 304 - - 4.025 ms[39m
[2026-07-21 04:56:51:5651] [[35mhttp[39m]: [35mGET /api/v1/masters/photo-category 304 - - 7.848 ms[39m
[2026-07-21 04:56:52:5652] [[35mhttp[39m]: [35mGET /api/v1/survey 304 - - 10.471 ms[39m
[2026-07-21 04:56:52:5652] [[35mhttp[39m]: [35mGET /api/v1/survey 304 - - 9.227 ms[39m
[2026-07-21 04:57:02:572] [[35mhttp[39m]: [35mGET /api/v1/dashboard 304 - - 20.846 ms[39m
[2026-07-21 04:57:02:572] [[35mhttp[39m]: [35mGET /api/v1/dashboard 304 - - 27.298 ms[39m
[2026-07-21 04:57:42:5742] [[35mhttp[39m]: [35mGET /api/v1/users 304 - - 8.061 ms[39m
[2026-07-21 04:57:42:5742] [[35mhttp[39m]: [35mGET /api/v1/users 304 - - 8.068 ms[39m
[2026-07-21 04:57:42:5742] [[35mhttp[39m]: [35mGET /api/v1/survey-sites 304 - - 4.737 ms[39m
[2026-07-21 04:57:42:5742] [[35mhttp[39m]: [35mGET /api/v1/survey-sites 304 - - 7.629 ms[39m
[2026-07-21 04:57:43:5743] [[35mhttp[39m]: [35mGET /api/v1/masters/charger-manufacturer 304 - - 7.853 ms[39m
[2026-07-21 04:57:43:5743] [[35mhttp[39m]: [35mGET /api/v1/masters/charger-manufacturer 304 - - 7.021 ms[39m
[2026-07-21 04:57:44:5744] [[35mhttp[39m]: [35mGET /api/v1/survey 304 - - 7.101 ms[39m
[2026-07-21 04:57:44:5744] [[35mhttp[39m]: [35mGET /api/v1/survey 304 - - 11.018 ms[39m
[2026-07-21 04:59:42:5942] [[35mhttp[39m]: [35mGET /api/v1/auth/me 304 - - 3.595 ms[39m
[2026-07-21 04:59:42:5942] [[35mhttp[39m]: [35mGET /api/v1/auth/me 304 - - 4.175 ms[39m
[2026-07-21 04:59:44:5944] [[35mhttp[39m]: [35mGET /api/v1/dashboard 304 - - 34.890 ms[39m
[2026-07-21 04:59:44:5944] [[35mhttp[39m]: [35mGET /api/v1/dashboard 304 - - 14.948 ms[39m
[2026-07-21 04:59:51:5951] [[35mhttp[39m]: [35mGET /api/v1/users 304 - - 7.345 ms[39m
[2026-07-21 04:59:51:5951] [[35mhttp[39m]: [35mGET /api/v1/users 304 - - 6.112 ms[39m
[2026-07-21 04:59:52:5952] [[35mhttp[39m]: [35mGET /api/v1/survey-sites 304 - - 6.087 ms[39m
[2026-07-21 04:59:52:5952] [[35mhttp[39m]: [35mGET /api/v1/survey-sites 304 - - 8.131 ms[39m
[2026-07-21 04:59:52:5952] [[35mhttp[39m]: [35mGET /api/v1/masters/charger-manufacturer 304 - - 5.110 ms[39m
[2026-07-21 04:59:52:5952] [[35mhttp[39m]: [35mGET /api/v1/masters/charger-manufacturer 304 - - 9.845 ms[39m
[2026-07-21 04:59:54:5954] [[35mhttp[39m]: [35mGET /api/v1/dashboard 304 - - 21.395 ms[39m
[2026-07-21 04:59:54:5954] [[35mhttp[39m]: [35mGET /api/v1/dashboard 304 - - 18.571 ms[39m
[2026-07-21 05:00:15:015] [[35mhttp[39m]: [35mGET /api/v1/survey-sites 304 - - 6.845 ms[39m
[2026-07-21 05:00:15:015] [[35mhttp[39m]: [35mGET /api/v1/survey-sites 304 - - 9.495 ms[39m
[2026-07-21 05:01:04:14] [[35mhttp[39m]: [35mPOST /api/v1/auth/login 200 727 - 133.422 ms[39m
[2026-07-21 05:01:04:14] [[35mhttp[39m]: [35mGET /api/v1/dashboard 304 - - 32.093 ms[39m
[2026-07-21 05:01:04:14] [[35mhttp[39m]: [35mGET /api/v1/dashboard 304 - - 17.599 ms[39m
[2026-07-21 05:05:28:528] [[35mhttp[39m]: [35mGET /api/v1/auth/me 200 228 - 2.869 ms[39m
[2026-07-21 05:05:28:528] [[35mhttp[39m]: [35mGET /api/v1/auth/me 304 - - 4.493 ms[39m
[2026-07-21 05:05:28:528] [[35mhttp[39m]: [35mGET /api/v1/survey-sites 304 - - 13.903 ms[39m
[2026-07-21 05:05:28:528] [[35mhttp[39m]: [35mGET /api/v1/survey-sites 304 - - 9.243 ms[39m
[2026-07-21 05:06:08:68] [[35mhttp[39m]: [35mGET /api/v1/auth/me 304 - - 23.590 ms[39m
[2026-07-21 05:06:08:68] [[35mhttp[39m]: [35mGET /api/v1/auth/me 304 - - 2.365 ms[39m
[2026-07-21 05:06:09:69] [[35mhttp[39m]: [35mGET /api/v1/dashboard 304 - - 150.673 ms[39m
[2026-07-21 05:06:09:69] [[35mhttp[39m]: [35mGET /api/v1/dashboard 304 - - 67.473 ms[39m
[2026-07-21 05:06:19:619] [[35mhttp[39m]: [35mGET /api/v1/auth/me 304 - - 7.557 ms[39m
[2026-07-21 05:06:19:619] [[35mhttp[39m]: [35mGET /api/v1/auth/me 304 - - 26.293 ms[39m
[2026-07-21 05:06:19:619] [[35mhttp[39m]: [35mGET /api/v1/dashboard 304 - - 61.123 ms[39m
[2026-07-21 05:06:19:619] [[35mhttp[39m]: [35mGET /api/v1/dashboard 304 - - 21.493 ms[39m
[2026-07-21 05:06:27:627] [[35mhttp[39m]: [35mGET /api/v1/auth/me 304 - - 2.627 ms[39m
[2026-07-21 05:06:27:627] [[35mhttp[39m]: [35mGET /api/v1/auth/me 304 - - 2.910 ms[39m
[2026-07-21 05:06:27:627] [[35mhttp[39m]: [35mGET /api/v1/survey-sites 304 - - 9.826 ms[39m
[2026-07-21 05:06:27:627] [[35mhttp[39m]: [35mGET /api/v1/survey-sites 304 - - 9.387 ms[39m
[2026-07-21 05:06:51:651] [[35mhttp[39m]: [35mGET /api/v1/dashboard 304 - - 21.479 ms[39m
[2026-07-21 05:06:51:651] [[35mhttp[39m]: [35mGET /api/v1/dashboard 304 - - 21.625 ms[39m
[2026-07-21 05:06:51:651] [[35mhttp[39m]: [35mGET /api/v1/survey 304 - - 7.855 ms[39m
[2026-07-21 05:06:51:651] [[35mhttp[39m]: [35mGET /api/v1/survey 304 - - 9.918 ms[39m
[2026-07-21 05:06:55:655] [[35mhttp[39m]: [35mGET /api/v1/survey 304 - - 20.639 ms[39m
[2026-07-21 05:06:55:655] [[35mhttp[39m]: [35mGET /api/v1/survey 304 - - 9.486 ms[39m
[2026-07-21 05:06:57:657] [[35mhttp[39m]: [35mGET /api/v1/survey-sites 304 - - 5.398 ms[39m
[2026-07-21 05:06:57:657] [[35mhttp[39m]: [35mGET /api/v1/survey-sites 304 - - 8.746 ms[39m
[2026-07-21 05:06:59:659] [[35mhttp[39m]: [35mGET /api/v1/dashboard 304 - - 22.256 ms[39m
[2026-07-21 05:06:59:659] [[35mhttp[39m]: [35mGET /api/v1/dashboard 304 - - 21.925 ms[39m
[2026-07-21 05:07:04:74] [[35mhttp[39m]: [35mGET /api/v1/auth/me 304 - - 2.155 ms[39m
[2026-07-21 05:07:04:74] [[35mhttp[39m]: [35mGET /api/v1/auth/me 304 - - 2.146 ms[39m
[2026-07-21 05:07:04:74] [[35mhttp[39m]: [35mGET /api/v1/dashboard 304 - - 83.171 ms[39m
[2026-07-21 05:07:04:74] [[35mhttp[39m]: [35mGET /api/v1/dashboard 304 - - 24.022 ms[39m
[2026-07-21 05:07:12:712] [[35mhttp[39m]: [35mGET /api/v1/auth/me 304 - - 2.689 ms[39m
[2026-07-21 05:07:12:712] [[35mhttp[39m]: [35mGET /api/v1/auth/me 304 - - 2.240 ms[39m
[2026-07-21 05:07:12:712] [[35mhttp[39m]: [35mGET /api/v1/dashboard 304 - - 87.659 ms[39m
[2026-07-21 05:07:13:713] [[35mhttp[39m]: [35mGET /api/v1/dashboard 304 - - 30.892 ms[39m
[2026-07-21 05:07:35:735] [[35mhttp[39m]: [35mGET /api/v1/auth/me 304 - - 2.024 ms[39m
[2026-07-21 05:07:35:735] [[35mhttp[39m]: [35mGET /api/v1/auth/me 304 - - 2.148 ms[39m
[2026-07-21 05:07:35:735] [[35mhttp[39m]: [35mGET /api/v1/dashboard 304 - - 73.110 ms[39m
[2026-07-21 05:07:35:735] [[35mhttp[39m]: [35mGET /api/v1/dashboard 304 - - 14.278 ms[39m
[2026-07-21 05:07:39:739] [[35mhttp[39m]: [35mGET /api/v1/auth/me 304 - - 3.507 ms[39m
[2026-07-21 05:07:39:739] [[35mhttp[39m]: [35mGET /api/v1/auth/me 304 - - 4.093 ms[39m
[2026-07-21 05:07:39:739] [[35mhttp[39m]: [35mGET /api/v1/dashboard 304 - - 45.598 ms[39m
[2026-07-21 05:07:39:739] [[35mhttp[39m]: [35mGET /api/v1/dashboard 304 - - 25.414 ms[39m
[2026-07-21 05:09:25:925] [[35mhttp[39m]: [35mPOST /api/v1/auth/login 200 691 - 192.910 ms[39m
[2026-07-21 05:09:26:926] [[35mhttp[39m]: [35mGET /api/v1/dashboard 304 - - 25.465 ms[39m
[2026-07-21 05:09:26:926] [[35mhttp[39m]: [35mGET /api/v1/dashboard 304 - - 21.389 ms[39m
[2026-07-21 05:10:00:100] [[35mhttp[39m]: [35mPOST /api/v1/auth/login 200 727 - 190.146 ms[39m
[2026-07-21 05:10:00:100] [[35mhttp[39m]: [35mGET /api/v1/dashboard 304 - - 20.155 ms[39m
[2026-07-21 05:10:00:100] [[35mhttp[39m]: [35mGET /api/v1/dashboard 304 - - 19.387 ms[39m
[2026-07-21 05:10:40:1040] [[35mhttp[39m]: [35mPOST /api/v1/auth/login 200 727 - 193.442 ms[39m
[2026-07-21 05:10:40:1040] [[35mhttp[39m]: [35mGET /api/v1/dashboard 200 2219 - 18.151 ms[39m
[2026-07-21 05:10:40:1040] [[35mhttp[39m]: [35mGET /api/v1/dashboard 304 - - 15.890 ms[39m
[2026-07-21 05:10:46:1046] [[35mhttp[39m]: [35mGET /api/v1/survey-sites 200 4593 - 7.139 ms[39m
[2026-07-21 05:10:46:1046] [[35mhttp[39m]: [35mGET /api/v1/survey-sites 304 - - 15.763 ms[39m
[2026-07-21 05:10:52:1052] [[35mhttp[39m]: [35mGET /api/v1/survey 200 2084 - 6.785 ms[39m
[2026-07-21 05:10:52:1052] [[35mhttp[39m]: [35mGET /api/v1/survey 304 - - 11.874 ms[39m
[2026-07-21 05:10:55:1055] [[35mhttp[39m]: [35mGET /api/v1/dashboard 304 - - 17.707 ms[39m
[2026-07-21 05:10:55:1055] [[35mhttp[39m]: [35mGET /api/v1/dashboard 304 - - 29.644 ms[39m
[2026-07-21 05:11:29:1129] [[35mhttp[39m]: [35mGET /api/v1/auth/me 304 - - 5.683 ms[39m
[2026-07-21 05:11:29:1129] [[35mhttp[39m]: [35mGET /api/v1/auth/me 304 - - 2.320 ms[39m
[2026-07-21 05:11:29:1129] [[35mhttp[39m]: [35mGET /api/v1/dashboard 304 - - 32.167 ms[39m
[2026-07-21 05:11:29:1129] [[35mhttp[39m]: [35mGET /api/v1/dashboard 304 - - 21.101 ms[39m
[2026-07-21 05:11:49:1149] [[35mhttp[39m]: [35mPOST /api/v1/auth/login 200 691 - 189.282 ms[39m
[2026-07-21 05:11:49:1149] [[35mhttp[39m]: [35mGET /api/v1/dashboard 304 - - 27.413 ms[39m
[2026-07-21 05:11:49:1149] [[35mhttp[39m]: [35mGET /api/v1/dashboard 304 - - 12.221 ms[39m
[2026-07-21 05:11:55:1155] [[35mhttp[39m]: [35mGET /api/v1/auth/me 200 228 - 2.434 ms[39m
[2026-07-21 05:11:55:1155] [[35mhttp[39m]: [35mGET /api/v1/auth/me 304 - - 2.353 ms[39m
[2026-07-21 05:11:55:1155] [[35mhttp[39m]: [35mGET /api/v1/dashboard 304 - - 21.247 ms[39m
[2026-07-21 05:11:55:1155] [[35mhttp[39m]: [35mGET /api/v1/dashboard 304 - - 55.231 ms[39m
[2026-07-21 05:11:57:1157] [[35mhttp[39m]: [35mGET /api/v1/auth/me 304 - - 3.607 ms[39m
[2026-07-21 05:11:57:1157] [[35mhttp[39m]: [35mGET /api/v1/auth/me 304 - - 5.686 ms[39m
[2026-07-21 05:11:57:1157] [[35mhttp[39m]: [35mGET /api/v1/dashboard 304 - - 23.873 ms[39m
[2026-07-21 05:11:57:1157] [[35mhttp[39m]: [35mGET /api/v1/dashboard 304 - - 41.850 ms[39m
[2026-07-21 05:12:01:121] [[35mhttp[39m]: [35mGET /api/v1/auth/me 200 212 - 2.979 ms[39m
[2026-07-21 05:12:01:121] [[35mhttp[39m]: [35mGET /api/v1/auth/me 304 - - 5.653 ms[39m
[2026-07-21 05:12:01:121] [[35mhttp[39m]: [35mGET /api/v1/dashboard 304 - - 34.821 ms[39m
[2026-07-21 05:12:01:121] [[35mhttp[39m]: [35mGET /api/v1/dashboard 304 - - 30.102 ms[39m
[2026-07-21 05:12:06:126] [[35mhttp[39m]: [35mGET /api/v1/masters/charger-manufacturer 304 - - 5.603 ms[39m
[2026-07-21 05:12:06:126] [[35mhttp[39m]: [35mGET /api/v1/masters/charger-manufacturer 304 - - 8.545 ms[39m
[2026-07-21 05:12:08:128] [[35mhttp[39m]: [35mGET /api/v1/masters/charger-manufacturer 304 - - 8.330 ms[39m
[2026-07-21 05:12:08:128] [[35mhttp[39m]: [35mGET /api/v1/masters/charger-model 304 - - 8.545 ms[39m
[2026-07-21 05:12:08:128] [[35mhttp[39m]: [35mGET /api/v1/masters/charger-model 304 - - 8.690 ms[39m
[2026-07-21 05:12:08:128] [[35mhttp[39m]: [35mGET /api/v1/masters/charger-manufacturer 304 - - 15.316 ms[39m
[2026-07-21 05:12:08:128] [[35mhttp[39m]: [35mGET /api/v1/masters/connector 304 - - 4.608 ms[39m
[2026-07-21 05:12:08:128] [[35mhttp[39m]: [35mGET /api/v1/masters/connector 304 - - 6.364 ms[39m
[2026-07-21 05:12:09:129] [[35mhttp[39m]: [35mGET /api/v1/masters/equipment 304 - - 5.427 ms[39m
[2026-07-21 05:12:09:129] [[35mhttp[39m]: [35mGET /api/v1/masters/equipment 304 - - 4.632 ms[39m
[2026-07-21 05:12:09:129] [[35mhttp[39m]: [35mGET /api/v1/masters/photo-category 304 - - 7.352 ms[39m
[2026-07-21 05:12:09:129] [[35mhttp[39m]: [35mGET /api/v1/masters/photo-category 304 - - 5.488 ms[39m
[2026-07-21 05:12:10:1210] [[35mhttp[39m]: [35mGET /api/v1/masters/charger-manufacturer 304 - - 7.827 ms[39m
[2026-07-21 05:12:10:1210] [[35mhttp[39m]: [35mGET /api/v1/masters/charger-manufacturer 304 - - 6.951 ms[39m
[2026-07-21 05:12:21:1221] [[35mhttp[39m]: [35mPOST /api/v1/masters/charger-manufacturer 400 776 - 32.294 ms[39m
[2026-07-21 05:17:07:177] [[32minfo[39m]: [32mDatabase connection established successfully.[39m
[2026-07-21 05:17:07:177] [[32minfo[39m]: [32mDatabase connection established successfully.[39m
[2026-07-21 05:17:07:177] [[32minfo[39m]: [32mServer is running in development mode on port 5000[39m
[2026-07-21 05:17:07:177] [[32minfo[39m]: [32mDatabase connection established successfully.[39m
[2026-07-21 05:17:07:177] [[32minfo[39m]: [32mDatabase connection established successfully.[39m
[2026-07-21 05:17:07:177] [[32minfo[39m]: [32mDatabase connection established successfully.[39m
[2026-07-21 05:17:21:1721] [[32minfo[39m]: [32mDatabase connection established successfully.[39m
[2026-07-21 05:17:21:1721] [[32minfo[39m]: [32mServer is running in development mode on port 5000[39m
[2026-07-21 05:17:21:1721] [[32minfo[39m]: [32mDatabase connection established successfully.[39m
[2026-07-21 05:17:21:1721] [[32minfo[39m]: [32mDatabase connection established successfully.[39m
[2026-07-21 05:17:21:1721] [[32minfo[39m]: [32mDatabase connection established successfully.[39m
[2026-07-21 05:17:22:1722] [[32minfo[39m]: [32mDatabase connection established successfully.[39m
[2026-07-21 05:17:42:1742] [[35mhttp[39m]: [35mPOST /api/v1/masters/charger-manufacturer 400 132 - 28.201 ms[39m
[2026-07-21 05:17:54:1754] [[32minfo[39m]: [32mDatabase connection established successfully.[39m
[2026-07-21 05:17:54:1754] [[32minfo[39m]: [32mServer is running in development mode on port 5000[39m
[2026-07-21 05:17:54:1754] [[32minfo[39m]: [32mDatabase connection established successfully.[39m
[2026-07-21 05:17:54:1754] [[32minfo[39m]: [32mDatabase connection established successfully.[39m
[2026-07-21 05:17:54:1754] [[32minfo[39m]: [32mDatabase connection established successfully.[39m
[2026-07-21 05:17:54:1754] [[32minfo[39m]: [32mDatabase connection established successfully.[39m
[2026-07-21 05:17:58:1758] [[35mhttp[39m]: [35mPOST /api/v1/masters/charger-manufacturer 201 242 - 156.443 ms[39m
[2026-07-21 05:17:58:1758] [[35mhttp[39m]: [35mGET /api/v1/masters/charger-manufacturer 200 2276 - 8.707 ms[39m
[2026-07-21 05:18:09:189] [[35mhttp[39m]: [35mGET /api/v1/users 304 - - 13.240 ms[39m
[2026-07-21 05:18:09:189] [[35mhttp[39m]: [35mGET /api/v1/users 304 - - 9.003 ms[39m
[2026-07-21 05:18:14:1814] [[35mhttp[39m]: [35mGET /api/v1/survey-sites 304 - - 12.816 ms[39m
[2026-07-21 05:18:14:1814] [[35mhttp[39m]: [35mGET /api/v1/survey-sites 304 - - 7.182 ms[39m
[2026-07-21 05:18:21:1821] [[32minfo[39m]: [32mDatabase connection established successfully.[39m
[2026-07-21 05:18:21:1821] [[32minfo[39m]: [32mServer is running in development mode on port 5000[39m
[2026-07-21 05:18:21:1821] [[32minfo[39m]: [32mDatabase connection established successfully.[39m
[2026-07-21 05:18:21:1821] [[32minfo[39m]: [32mDatabase connection established successfully.[39m
[2026-07-21 05:18:22:1822] [[32minfo[39m]: [32mDatabase connection established successfully.[39m
[2026-07-21 05:18:22:1822] [[32minfo[39m]: [32mDatabase connection established successfully.[39m
[2026-07-21 05:18:41:1841] [[32minfo[39m]: [32mDatabase connection established successfully.[39m
[2026-07-21 05:18:41:1841] [[32minfo[39m]: [32mServer is running in development mode on port 5000[39m
[2026-07-21 05:18:41:1841] [[32minfo[39m]: [32mDatabase connection established successfully.[39m
[2026-07-21 05:18:41:1841] [[32minfo[39m]: [32mDatabase connection established successfully.[39m
[2026-07-21 05:18:42:1842] [[32minfo[39m]: [32mDatabase connection established successfully.[39m
[2026-07-21 05:18:42:1842] [[32minfo[39m]: [32mDatabase connection established successfully.[39m
[2026-07-21 05:21:21:2121] [[35mhttp[39m]: [35mGET /api/v1/auth/me 304 - - 23.933 ms[39m
[2026-07-21 05:21:21:2121] [[35mhttp[39m]: [35mGET /api/v1/auth/me 304 - - 6.116 ms[39m
[2026-07-21 05:21:22:2122] [[35mhttp[39m]: [35mGET /api/v1/dashboard 304 - - 64.432 ms[39m
[2026-07-21 05:21:22:2122] [[35mhttp[39m]: [35mGET /api/v1/dashboard 304 - - 29.317 ms[39m
[2026-07-21 05:21:51:2151] [[35mhttp[39m]: [35mGET /api/v1/auth/me 304 - - 3.412 ms[39m
[2026-07-21 05:21:51:2151] [[35mhttp[39m]: [35mGET /api/v1/auth/me 304 - - 2.883 ms[39m
[2026-07-21 05:21:51:2151] [[35mhttp[39m]: [35mGET /api/v1/masters/charger-manufacturer 304 - - 11.343 ms[39m
[2026-07-21 05:21:51:2151] [[35mhttp[39m]: [35mGET /api/v1/masters/charger-manufacturer 304 - - 31.213 ms[39m
[2026-07-21 05:22:05:225] [[35mhttp[39m]: [35mGET /api/v1/masters/charger-model 304 - - 12.016 ms[39m
[2026-07-21 05:22:05:225] [[35mhttp[39m]: [35mGET /api/v1/masters/charger-manufacturer 304 - - 12.544 ms[39m
[2026-07-21 05:22:05:225] [[35mhttp[39m]: [35mGET /api/v1/masters/charger-model 304 - - 12.028 ms[39m
[2026-07-21 05:22:05:225] [[35mhttp[39m]: [35mGET /api/v1/masters/charger-manufacturer 304 - - 9.977 ms[39m
[2026-07-21 05:22:07:227] [[35mhttp[39m]: [35mGET /api/v1/masters/charger-manufacturer 304 - - 8.808 ms[39m
[2026-07-21 05:22:07:227] [[35mhttp[39m]: [35mGET /api/v1/masters/charger-manufacturer 304 - - 8.066 ms[39m
[2026-07-21 05:22:08:228] [[35mhttp[39m]: [35mGET /api/v1/masters/connector 304 - - 11.574 ms[39m
[2026-07-21 05:22:08:228] [[35mhttp[39m]: [35mGET /api/v1/masters/connector 304 - - 8.270 ms[39m
[2026-07-21 05:22:10:2210] [[35mhttp[39m]: [35mGET /api/v1/masters/equipment 304 - - 10.685 ms[39m
[2026-07-21 05:22:10:2210] [[35mhttp[39m]: [35mGET /api/v1/masters/equipment 304 - - 5.935 ms[39m
[2026-07-21 05:22:12:2212] [[35mhttp[39m]: [35mGET /api/v1/masters/photo-category 304 - - 4.582 ms[39m
[2026-07-21 05:22:12:2212] [[35mhttp[39m]: [35mGET /api/v1/masters/photo-category 304 - - 7.400 ms[39m
[2026-07-21 05:22:20:2220] [[35mhttp[39m]: [35mGET /api/v1/masters/equipment 304 - - 5.720 ms[39m
[2026-07-21 05:22:20:2220] [[35mhttp[39m]: [35mGET /api/v1/masters/equipment 304 - - 6.386 ms[39m
[2026-07-21 05:22:21:2221] [[35mhttp[39m]: [35mGET /api/v1/masters/connector 304 - - 3.778 ms[39m
[2026-07-21 05:22:21:2221] [[35mhttp[39m]: [35mGET /api/v1/masters/connector 304 - - 5.496 ms[39m
[2026-07-21 05:22:22:2222] [[35mhttp[39m]: [35mGET /api/v1/masters/charger-model 304 - - 7.059 ms[39m
[2026-07-21 05:22:22:2222] [[35mhttp[39m]: [35mGET /api/v1/masters/charger-manufacturer 304 - - 7.552 ms[39m
[2026-07-21 05:22:22:2222] [[35mhttp[39m]: [35mGET /api/v1/masters/charger-model 304 - - 5.942 ms[39m
[2026-07-21 05:22:22:2222] [[35mhttp[39m]: [35mGET /api/v1/masters/charger-manufacturer 304 - - 5.825 ms[39m
[2026-07-21 05:22:23:2223] [[35mhttp[39m]: [35mGET /api/v1/masters/charger-manufacturer 304 - - 8.611 ms[39m
[2026-07-21 05:22:23:2223] [[35mhttp[39m]: [35mGET /api/v1/masters/charger-manufacturer 304 - - 9.127 ms[39m
[2026-07-21 05:22:41:2241] [[35mhttp[39m]: [35mGET /api/v1/dashboard 304 - - 21.109 ms[39m
[2026-07-21 05:22:41:2241] [[35mhttp[39m]: [35mGET /api/v1/dashboard 304 - - 23.107 ms[39m
[2026-07-21 05:22:43:2243] [[35mhttp[39m]: [35mGET /api/v1/users 304 - - 11.813 ms[39m
[2026-07-21 05:22:43:2243] [[35mhttp[39m]: [35mGET /api/v1/users 304 - - 7.618 ms[39m
[2026-07-21 05:22:44:2244] [[35mhttp[39m]: [35mGET /api/v1/survey-sites 304 - - 8.153 ms[39m
[2026-07-21 05:22:44:2244] [[35mhttp[39m]: [35mGET /api/v1/survey-sites 304 - - 7.699 ms[39m
[2026-07-21 05:22:45:2245] [[35mhttp[39m]: [35mGET /api/v1/masters/charger-manufacturer 304 - - 14.635 ms[39m
[2026-07-21 05:22:45:2245] [[35mhttp[39m]: [35mGET /api/v1/masters/charger-manufacturer 304 - - 6.085 ms[39m
[2026-07-21 05:22:46:2246] [[35mhttp[39m]: [35mGET /api/v1/survey 304 - - 14.661 ms[39m
[2026-07-21 05:22:46:2246] [[35mhttp[39m]: [35mGET /api/v1/survey 304 - - 8.115 ms[39m
[2026-07-21 05:22:47:2247] [[35mhttp[39m]: [35mGET /api/v1/dashboard 304 - - 17.052 ms[39m
[2026-07-21 05:22:47:2247] [[35mhttp[39m]: [35mGET /api/v1/dashboard 304 - - 17.319 ms[39m
[2026-07-21 05:27:45:2745] [[35mhttp[39m]: [35mGET /api/v1/users 304 - - 6.806 ms[39m
[2026-07-21 05:27:45:2745] [[35mhttp[39m]: [35mGET /api/v1/users 304 - - 9.018 ms[39m
[2026-07-21 05:27:46:2746] [[35mhttp[39m]: [35mGET /api/v1/survey-sites 304 - - 9.883 ms[39m
[2026-07-21 05:27:46:2746] [[35mhttp[39m]: [35mGET /api/v1/survey-sites 304 - - 5.768 ms[39m
[2026-07-21 05:27:47:2747] [[35mhttp[39m]: [35mGET /api/v1/masters/charger-manufacturer 304 - - 7.750 ms[39m
[2026-07-21 05:27:47:2747] [[35mhttp[39m]: [35mGET /api/v1/masters/charger-manufacturer 304 - - 7.395 ms[39m
[2026-07-21 05:27:51:2751] [[35mhttp[39m]: [35mGET /api/v1/survey 304 - - 15.798 ms[39m
[2026-07-21 05:27:51:2751] [[35mhttp[39m]: [35mGET /api/v1/survey 304 - - 6.734 ms[39m
[2026-07-21 05:27:58:2758] [[35mhttp[39m]: [35mGET /api/v1/survey 304 - - 13.593 ms[39m
[2026-07-21 05:27:58:2758] [[35mhttp[39m]: [35mGET /api/v1/survey 304 - - 12.702 ms[39m
[2026-07-21 05:28:49:2849] [[35mhttp[39m]: [35mGET /api/v1/dashboard 304 - - 17.482 ms[39m
[2026-07-21 05:28:49:2849] [[35mhttp[39m]: [35mGET /api/v1/dashboard 304 - - 35.087 ms[39m
[2026-07-21 05:29:16:2916] [[35mhttp[39m]: [35mGET /api/v1/users 304 - - 10.523 ms[39m
[2026-07-21 05:29:16:2916] [[35mhttp[39m]: [35mGET /api/v1/users 304 - - 4.098 ms[39m
[2026-07-21 05:29:17:2917] [[35mhttp[39m]: [35mGET /api/v1/survey-sites 304 - - 7.427 ms[39m
[2026-07-21 05:29:17:2917] [[35mhttp[39m]: [35mGET /api/v1/survey-sites 304 - - 6.274 ms[39m
[2026-07-21 05:29:18:2918] [[35mhttp[39m]: [35mGET /api/v1/masters/charger-manufacturer 304 - - 13.167 ms[39m
[2026-07-21 05:29:18:2918] [[35mhttp[39m]: [35mGET /api/v1/masters/charger-manufacturer 304 - - 10.025 ms[39m
[2026-07-21 05:29:19:2919] [[35mhttp[39m]: [35mGET /api/v1/survey 304 - - 13.005 ms[39m
[2026-07-21 05:29:19:2919] [[35mhttp[39m]: [35mGET /api/v1/survey 304 - - 9.005 ms[39m
[2026-07-21 05:29:20:2920] [[35mhttp[39m]: [35mGET /api/v1/survey 304 - - 11.016 ms[39m
[2026-07-21 05:29:20:2920] [[35mhttp[39m]: [35mGET /api/v1/survey 304 - - 11.860 ms[39m
[2026-07-21 05:29:21:2921] [[35mhttp[39m]: [35mGET /api/v1/masters/charger-manufacturer 304 - - 10.443 ms[39m
[2026-07-21 05:29:21:2921] [[35mhttp[39m]: [35mGET /api/v1/masters/charger-manufacturer 304 - - 6.589 ms[39m
[2026-07-21 05:29:21:2921] [[35mhttp[39m]: [35mGET /api/v1/survey-sites 304 - - 9.690 ms[39m
[2026-07-21 05:29:21:2921] [[35mhttp[39m]: [35mGET /api/v1/survey-sites 304 - - 7.630 ms[39m
[2026-07-21 05:29:22:2922] [[35mhttp[39m]: [35mGET /api/v1/users 304 - - 6.213 ms[39m
[2026-07-21 05:29:22:2922] [[35mhttp[39m]: [35mGET /api/v1/users 304 - - 6.982 ms[39m
[2026-07-21 05:29:22:2922] [[35mhttp[39m]: [35mGET /api/v1/dashboard 304 - - 30.878 ms[39m
[2026-07-21 05:29:22:2922] [[35mhttp[39m]: [35mGET /api/v1/dashboard 304 - - 29.920 ms[39m
[2026-07-21 05:29:43:2943] [[35mhttp[39m]: [35mGET /api/v1/users 304 - - 10.759 ms[39m
[2026-07-21 05:29:43:2943] [[35mhttp[39m]: [35mGET /api/v1/users 304 - - 9.842 ms[39m
[2026-07-21 05:29:44:2944] [[35mhttp[39m]: [35mGET /api/v1/survey-sites 304 - - 5.386 ms[39m
[2026-07-21 05:29:44:2944] [[35mhttp[39m]: [35mGET /api/v1/survey-sites 304 - - 10.237 ms[39m
[2026-07-21 05:29:45:2945] [[35mhttp[39m]: [35mGET /api/v1/masters/charger-manufacturer 304 - - 6.035 ms[39m
[2026-07-21 05:29:45:2945] [[35mhttp[39m]: [35mGET /api/v1/masters/charger-manufacturer 304 - - 7.983 ms[39m
[2026-07-21 05:29:45:2945] [[35mhttp[39m]: [35mGET /api/v1/survey 304 - - 8.238 ms[39m
[2026-07-21 05:29:45:2945] [[35mhttp[39m]: [35mGET /api/v1/survey 304 - - 10.296 ms[39m
[2026-07-21 05:29:46:2946] [[35mhttp[39m]: [35mGET /api/v1/survey 304 - - 9.271 ms[39m
[2026-07-21 05:29:46:2946] [[35mhttp[39m]: [35mGET /api/v1/survey 304 - - 9.285 ms[39m
[2026-07-21 05:29:46:2946] [[35mhttp[39m]: [35mGET /api/v1/masters/charger-manufacturer 304 - - 7.100 ms[39m
[2026-07-21 05:29:46:2946] [[35mhttp[39m]: [35mGET /api/v1/masters/charger-manufacturer 304 - - 7.924 ms[39m
[2026-07-21 05:29:47:2947] [[35mhttp[39m]: [35mGET /api/v1/survey-sites 304 - - 29.514 ms[39m
[2026-07-21 05:29:47:2947] [[35mhttp[39m]: [35mGET /api/v1/survey-sites 304 - - 6.162 ms[39m
[2026-07-21 05:29:47:2947] [[35mhttp[39m]: [35mGET /api/v1/users 304 - - 20.747 ms[39m
[2026-07-21 05:29:47:2947] [[35mhttp[39m]: [35mGET /api/v1/users 304 - - 8.605 ms[39m
[2026-07-21 05:29:48:2948] [[35mhttp[39m]: [35mGET /api/v1/dashboard 304 - - 16.676 ms[39m
[2026-07-21 05:29:48:2948] [[35mhttp[39m]: [35mGET /api/v1/dashboard 304 - - 20.425 ms[39m
[2026-07-21 05:29:49:2949] [[35mhttp[39m]: [35mGET /api/v1/survey 304 - - 10.656 ms[39m
[2026-07-21 05:29:49:2949] [[35mhttp[39m]: [35mGET /api/v1/survey 304 - - 9.521 ms[39m
[2026-07-21 05:29:49:2949] [[35mhttp[39m]: [35mGET /api/v1/masters/charger-manufacturer 304 - - 12.046 ms[39m
[2026-07-21 05:29:49:2949] [[35mhttp[39m]: [35mGET /api/v1/masters/charger-manufacturer 304 - - 8.752 ms[39m
[2026-07-21 05:29:50:2950] [[35mhttp[39m]: [35mGET /api/v1/survey-sites 304 - - 6.778 ms[39m
[2026-07-21 05:29:50:2950] [[35mhttp[39m]: [35mGET /api/v1/survey-sites 304 - - 7.646 ms[39m
[2026-07-21 05:29:50:2950] [[35mhttp[39m]: [35mGET /api/v1/users 304 - - 9.687 ms[39m
[2026-07-21 05:29:50:2950] [[35mhttp[39m]: [35mGET /api/v1/users 304 - - 6.178 ms[39m
[2026-07-21 05:29:51:2951] [[35mhttp[39m]: [35mGET /api/v1/dashboard 304 - - 22.936 ms[39m
[2026-07-21 05:29:51:2951] [[35mhttp[39m]: [35mGET /api/v1/dashboard 304 - - 16.944 ms[39m
[2026-07-21 05:29:56:2956] [[35mhttp[39m]: [35mGET /api/v1/users 304 - - 9.965 ms[39m
[2026-07-21 05:29:56:2956] [[35mhttp[39m]: [35mGET /api/v1/users 304 - - 6.864 ms[39m
[2026-07-21 05:30:06:306] [[35mhttp[39m]: [35mGET /api/v1/survey-sites 304 - - 8.373 ms[39m
[2026-07-21 05:30:06:306] [[35mhttp[39m]: [35mGET /api/v1/survey-sites 304 - - 6.812 ms[39m
[2026-07-21 05:30:14:3014] [[35mhttp[39m]: [35mGET /api/v1/dashboard 304 - - 14.373 ms[39m
[2026-07-21 05:30:14:3014] [[35mhttp[39m]: [35mGET /api/v1/dashboard 304 - - 21.506 ms[39m
[2026-07-21 05:30:15:3015] [[35mhttp[39m]: [35mGET /api/v1/users 304 - - 4.999 ms[39m
[2026-07-21 05:30:15:3015] [[35mhttp[39m]: [35mGET /api/v1/users 304 - - 9.240 ms[39m
[2026-07-21 05:30:17:3017] [[35mhttp[39m]: [35mGET /api/v1/dashboard 304 - - 23.806 ms[39m
[2026-07-21 05:30:17:3017] [[35mhttp[39m]: [35mGET /api/v1/dashboard 304 - - 26.298 ms[39m
[2026-07-21 05:30:18:3018] [[35mhttp[39m]: [35mGET /api/v1/survey-sites 304 - - 6.152 ms[39m
[2026-07-21 05:30:18:3018] [[35mhttp[39m]: [35mGET /api/v1/survey-sites 304 - - 8.072 ms[39m
[2026-07-21 05:30:19:3019] [[35mhttp[39m]: [35mGET /api/v1/dashboard 304 - - 17.671 ms[39m
[2026-07-21 05:30:19:3019] [[35mhttp[39m]: [35mGET /api/v1/dashboard 304 - - 20.403 ms[39m
[2026-07-21 05:30:20:3020] [[35mhttp[39m]: [35mGET /api/v1/masters/charger-manufacturer 304 - - 4.915 ms[39m
[2026-07-21 05:30:20:3020] [[35mhttp[39m]: [35mGET /api/v1/masters/charger-manufacturer 304 - - 8.816 ms[39m
[2026-07-21 05:31:01:311] [[35mhttp[39m]: [35mGET /api/v1/masters/charger-model 304 - - 8.039 ms[39m
[2026-07-21 05:31:01:311] [[35mhttp[39m]: [35mGET /api/v1/masters/charger-manufacturer 304 - - 9.450 ms[39m
[2026-07-21 05:31:01:311] [[35mhttp[39m]: [35mGET /api/v1/masters/charger-model 304 - - 8.811 ms[39m
[2026-07-21 05:31:01:311] [[35mhttp[39m]: [35mGET /api/v1/masters/charger-manufacturer 304 - - 17.177 ms[39m
[2026-07-21 05:31:35:3135] [[35mhttp[39m]: [35mGET /api/v1/masters/connector 304 - - 8.207 ms[39m
[2026-07-21 05:31:35:3135] [[35mhttp[39m]: [35mGET /api/v1/masters/connector 304 - - 5.696 ms[39m
[2026-07-21 05:31:42:3142] [[35mhttp[39m]: [35mGET /api/v1/masters/equipment 304 - - 5.066 ms[39m
[2026-07-21 05:31:42:3142] [[35mhttp[39m]: [35mGET /api/v1/masters/equipment 304 - - 5.746 ms[39m
[2026-07-21 05:31:48:3148] [[35mhttp[39m]: [35mGET /api/v1/masters/photo-category 304 - - 11.042 ms[39m
[2026-07-21 05:31:48:3148] [[35mhttp[39m]: [35mGET /api/v1/masters/photo-category 304 - - 6.853 ms[39m
[2026-07-21 05:31:49:3149] [[35mhttp[39m]: [35mGET /api/v1/masters/equipment 304 - - 6.284 ms[39m
[2026-07-21 05:31:49:3149] [[35mhttp[39m]: [35mGET /api/v1/masters/equipment 304 - - 4.087 ms[39m
[2026-07-21 05:32:00:320] [[35mhttp[39m]: [35mGET /api/v1/masters/charger-manufacturer 304 - - 7.148 ms[39m
[2026-07-21 05:32:00:320] [[35mhttp[39m]: [35mGET /api/v1/masters/charger-manufacturer 304 - - 9.622 ms[39m
[2026-07-21 05:32:01:321] [[35mhttp[39m]: [35mGET /api/v1/masters/charger-manufacturer 304 - - 8.809 ms[39m
[2026-07-21 05:32:01:321] [[35mhttp[39m]: [35mGET /api/v1/masters/charger-model 304 - - 16.235 ms[39m
[2026-07-21 05:32:01:321] [[35mhttp[39m]: [35mGET /api/v1/masters/charger-manufacturer 304 - - 11.283 ms[39m
[2026-07-21 05:32:01:321] [[35mhttp[39m]: [35mGET /api/v1/masters/charger-model 304 - - 8.275 ms[39m
[2026-07-21 05:32:01:321] [[35mhttp[39m]: [35mGET /api/v1/masters/connector 304 - - 6.375 ms[39m
[2026-07-21 05:32:01:321] [[35mhttp[39m]: [35mGET /api/v1/masters/connector 304 - - 6.295 ms[39m
[2026-07-21 05:32:02:322] [[35mhttp[39m]: [35mGET /api/v1/masters/equipment 304 - - 3.886 ms[39m
[2026-07-21 05:32:02:322] [[35mhttp[39m]: [35mGET /api/v1/masters/equipment 304 - - 6.135 ms[39m
[2026-07-21 05:32:02:322] [[35mhttp[39m]: [35mGET /api/v1/masters/photo-category 304 - - 4.797 ms[39m
[2026-07-21 05:32:02:322] [[35mhttp[39m]: [35mGET /api/v1/masters/photo-category 304 - - 7.242 ms[39m
[2026-07-21 05:32:09:329] [[35mhttp[39m]: [35mGET /api/v1/dashboard 304 - - 16.665 ms[39m
[2026-07-21 05:32:09:329] [[35mhttp[39m]: [35mGET /api/v1/dashboard 304 - - 16.870 ms[39m
[2026-07-21 05:32:10:3210] [[35mhttp[39m]: [35mGET /api/v1/users 304 - - 5.571 ms[39m
[2026-07-21 05:32:10:3210] [[35mhttp[39m]: [35mGET /api/v1/users 304 - - 9.988 ms[39m
[2026-07-21 05:32:12:3212] [[35mhttp[39m]: [35mGET /api/v1/dashboard 304 - - 28.464 ms[39m
[2026-07-21 05:32:12:3212] [[35mhttp[39m]: [35mGET /api/v1/dashboard 304 - - 25.658 ms[39m
[2026-07-21 05:32:13:3213] [[35mhttp[39m]: [35mGET /api/v1/survey-sites 304 - - 4.967 ms[39m
[2026-07-21 05:32:13:3213] [[35mhttp[39m]: [35mGET /api/v1/survey-sites 304 - - 10.609 ms[39m
[2026-07-21 05:32:16:3216] [[35mhttp[39m]: [35mGET /api/v1/dashboard 304 - - 33.105 ms[39m
[2026-07-21 05:32:16:3216] [[35mhttp[39m]: [35mGET /api/v1/dashboard 304 - - 16.724 ms[39m
[2026-07-21 05:32:17:3217] [[35mhttp[39m]: [35mGET /api/v1/masters/charger-manufacturer 304 - - 9.013 ms[39m
[2026-07-21 05:32:17:3217] [[35mhttp[39m]: [35mGET /api/v1/masters/charger-manufacturer 304 - - 8.934 ms[39m
[2026-07-21 05:32:20:3220] [[35mhttp[39m]: [35mGET /api/v1/masters/charger-manufacturer 304 - - 13.507 ms[39m
[2026-07-21 05:32:20:3220] [[35mhttp[39m]: [35mGET /api/v1/masters/charger-model 304 - - 6.127 ms[39m
[2026-07-21 05:32:20:3220] [[35mhttp[39m]: [35mGET /api/v1/masters/charger-manufacturer 304 - - 8.618 ms[39m
[2026-07-21 05:32:20:3220] [[35mhttp[39m]: [35mGET /api/v1/masters/charger-model 304 - - 7.613 ms[39m
[2026-07-21 05:32:21:3221] [[35mhttp[39m]: [35mGET /api/v1/masters/charger-manufacturer 304 - - 13.797 ms[39m
[2026-07-21 05:32:21:3221] [[35mhttp[39m]: [35mGET /api/v1/masters/charger-manufacturer 304 - - 7.008 ms[39m
[2026-07-21 05:32:23:3223] [[35mhttp[39m]: [35mGET /api/v1/masters/charger-manufacturer 304 - - 6.768 ms[39m
[2026-07-21 05:32:23:3223] [[35mhttp[39m]: [35mGET /api/v1/masters/charger-model 304 - - 13.446 ms[39m
[2026-07-21 05:32:23:3223] [[35mhttp[39m]: [35mGET /api/v1/masters/charger-manufacturer 304 - - 6.699 ms[39m
[2026-07-21 05:32:23:3223] [[35mhttp[39m]: [35mGET /api/v1/masters/charger-model 304 - - 6.910 ms[39m
[2026-07-21 05:32:34:3234] [[35mhttp[39m]: [35mGET /api/v1/masters/connector 304 - - 6.292 ms[39m
[2026-07-21 05:32:34:3234] [[35mhttp[39m]: [35mGET /api/v1/masters/connector 304 - - 4.908 ms[39m
[2026-07-21 05:32:49:3249] [[35mhttp[39m]: [35mGET /api/v1/masters/equipment 304 - - 3.666 ms[39m
[2026-07-21 05:32:49:3249] [[35mhttp[39m]: [35mGET /api/v1/masters/equipment 304 - - 4.888 ms[39m
[2026-07-21 05:37:43:3743] [[35mhttp[39m]: [35mGET /api/v1/auth/me 304 - - 2.824 ms[39m
[2026-07-21 05:37:43:3743] [[35mhttp[39m]: [35mGET /api/v1/auth/me 304 - - 4.169 ms[39m
[2026-07-21 05:37:43:3743] [[35mhttp[39m]: [35mGET /api/v1/masters/equipment 304 - - 9.021 ms[39m
[2026-07-21 05:37:43:3743] [[35mhttp[39m]: [35mGET /api/v1/masters/equipment 304 - - 4.658 ms[39m
[2026-07-21 05:37:45:3745] [[35mhttp[39m]: [35mGET /api/v1/masters/charger-manufacturer 304 - - 8.581 ms[39m
[2026-07-21 05:37:45:3745] [[35mhttp[39m]: [35mGET /api/v1/masters/charger-manufacturer 304 - - 6.720 ms[39m
[2026-07-21 05:37:45:3745] [[35mhttp[39m]: [35mGET /api/v1/masters/charger-manufacturer 304 - - 8.741 ms[39m
[2026-07-21 05:37:45:3745] [[35mhttp[39m]: [35mGET /api/v1/masters/charger-model 304 - - 10.661 ms[39m
[2026-07-21 05:37:45:3745] [[35mhttp[39m]: [35mGET /api/v1/masters/charger-manufacturer 304 - - 11.134 ms[39m
[2026-07-21 05:37:45:3745] [[35mhttp[39m]: [35mGET /api/v1/masters/charger-model 304 - - 11.943 ms[39m
[2026-07-21 05:37:46:3746] [[35mhttp[39m]: [35mGET /api/v1/masters/connector 304 - - 4.768 ms[39m
[2026-07-21 05:37:46:3746] [[35mhttp[39m]: [35mGET /api/v1/masters/connector 304 - - 5.436 ms[39m
[2026-07-21 05:37:46:3746] [[35mhttp[39m]: [35mGET /api/v1/masters/equipment 304 - - 6.746 ms[39m
[2026-07-21 05:37:46:3746] [[35mhttp[39m]: [35mGET /api/v1/masters/equipment 304 - - 6.232 ms[39m
[2026-07-21 05:37:47:3747] [[35mhttp[39m]: [35mGET /api/v1/masters/photo-category 304 - - 4.306 ms[39m
[2026-07-21 05:37:47:3747] [[35mhttp[39m]: [35mGET /api/v1/masters/photo-category 304 - - 4.787 ms[39m
[2026-07-21 05:37:52:3752] [[35mhttp[39m]: [35mGET /api/v1/auth/me 304 - - 4.661 ms[39m
[2026-07-21 05:37:52:3752] [[35mhttp[39m]: [35mGET /api/v1/auth/me 304 - - 1.989 ms[39m
[2026-07-21 05:37:52:3752] [[35mhttp[39m]: [35mGET /api/v1/dashboard 304 - - 31.501 ms[39m
[2026-07-21 05:37:52:3752] [[35mhttp[39m]: [35mGET /api/v1/dashboard 304 - - 30.962 ms[39m
[2026-07-21 05:37:59:3759] [[35mhttp[39m]: [35mGET /api/v1/dashboard 304 - - 19.066 ms[39m
[2026-07-21 05:37:59:3759] [[35mhttp[39m]: [35mGET /api/v1/dashboard 304 - - 29.246 ms[39m
[2026-07-21 05:38:24:3824] [[35mhttp[39m]: [35mGET /api/v1/dashboard 304 - - 15.885 ms[39m
[2026-07-21 05:38:24:3824] [[35mhttp[39m]: [35mGET /api/v1/dashboard 304 - - 21.298 ms[39m
[2026-07-21 05:38:25:3825] [[35mhttp[39m]: [35mGET /api/v1/users 403 182 - 5.701 ms[39m
[2026-07-21 05:38:25:3825] [[35mhttp[39m]: [35mGET /api/v1/users 403 182 - 4.784 ms[39m
[2026-07-21 05:38:28:3828] [[35mhttp[39m]: [35mGET /api/v1/dashboard 304 - - 15.725 ms[39m
[2026-07-21 05:38:28:3828] [[35mhttp[39m]: [35mGET /api/v1/dashboard 304 - - 14.900 ms[39m
[2026-07-21 05:38:28:3828] [[35mhttp[39m]: [35mGET /api/v1/survey-sites 304 - - 13.488 ms[39m
[2026-07-21 05:38:28:3828] [[35mhttp[39m]: [35mGET /api/v1/survey-sites 304 - - 6.036 ms[39m
[2026-07-21 05:38:31:3831] [[35mhttp[39m]: [35mGET /api/v1/dashboard 304 - - 33.701 ms[39m
[2026-07-21 05:38:31:3831] [[35mhttp[39m]: [35mGET /api/v1/dashboard 304 - - 53.281 ms[39m
[2026-07-21 05:38:32:3832] [[35mhttp[39m]: [35mGET /api/v1/survey 304 - - 7.581 ms[39m
[2026-07-21 05:38:32:3832] [[35mhttp[39m]: [35mGET /api/v1/survey 304 - - 9.475 ms[39m
[2026-07-21 05:38:34:3834] [[35mhttp[39m]: [35mGET /api/v1/dashboard 304 - - 44.504 ms[39m
[2026-07-21 05:38:34:3834] [[35mhttp[39m]: [35mGET /api/v1/dashboard 304 - - 21.085 ms[39m
[2026-07-21 05:38:45:3845] [[35mhttp[39m]: [35mGET /api/v1/survey-sites 304 - - 4.527 ms[39m
[2026-07-21 05:38:45:3845] [[35mhttp[39m]: [35mGET /api/v1/survey-sites 304 - - 13.172 ms[39m
[2026-07-21 05:38:47:3847] [[35mhttp[39m]: [35mGET /api/v1/dashboard 304 - - 12.990 ms[39m
[2026-07-21 05:38:47:3847] [[35mhttp[39m]: [35mGET /api/v1/dashboard 304 - - 24.120 ms[39m
[2026-07-21 05:45:09:459] [[35mhttp[39m]: [35mGET /api/v1/dashboard 304 - - 15.053 ms[39m
[2026-07-21 05:45:09:459] [[35mhttp[39m]: [35mGET /api/v1/dashboard 304 - - 23.684 ms[39m
[2026-07-21 05:45:10:4510] [[35mhttp[39m]: [35mGET /api/v1/users 403 182 - 2.528 ms[39m
[2026-07-21 05:45:10:4510] [[35mhttp[39m]: [35mGET /api/v1/users 403 182 - 7.644 ms[39m
[2026-07-21 05:45:16:4516] [[35mhttp[39m]: [35mGET /api/v1/dashboard 304 - - 15.664 ms[39m
[2026-07-21 05:45:16:4516] [[35mhttp[39m]: [35mGET /api/v1/dashboard 304 - - 11.141 ms[39m
[2026-07-21 05:45:21:4521] [[35mhttp[39m]: [35mGET /api/v1/survey-sites 304 - - 6.490 ms[39m
[2026-07-21 05:45:21:4521] [[35mhttp[39m]: [35mGET /api/v1/survey-sites 304 - - 7.842 ms[39m
[2026-07-21 05:45:33:4533] [[35mhttp[39m]: [35mGET /api/v1/dashboard 304 - - 20.047 ms[39m
[2026-07-21 05:45:34:4534] [[35mhttp[39m]: [35mGET /api/v1/dashboard 304 - - 22.037 ms[39m
[2026-07-21 05:45:35:4535] [[35mhttp[39m]: [35mGET /api/v1/survey 304 - - 7.346 ms[39m
[2026-07-21 05:45:35:4535] [[35mhttp[39m]: [35mGET /api/v1/survey 304 - - 11.332 ms[39m
[2026-07-21 05:45:44:4544] [[35mhttp[39m]: [35mGET /api/v1/dashboard 304 - - 12.051 ms[39m
[2026-07-21 05:45:44:4544] [[35mhttp[39m]: [35mGET /api/v1/dashboard 304 - - 31.057 ms[39m
[2026-07-21 05:46:12:4612] [[35mhttp[39m]: [35mGET /api/v1/survey 304 - - 7.053 ms[39m
[2026-07-21 05:46:12:4612] [[35mhttp[39m]: [35mGET /api/v1/survey 304 - - 9.924 ms[39m
[2026-07-21 05:46:16:4616] [[35mhttp[39m]: [35mGET /api/v1/dashboard 304 - - 16.277 ms[39m
[2026-07-21 05:46:16:4616] [[35mhttp[39m]: [35mGET /api/v1/dashboard 304 - - 15.583 ms[39m
[2026-07-21 05:46:17:4617] [[35mhttp[39m]: [35mGET /api/v1/survey-sites 304 - - 5.363 ms[39m
[2026-07-21 05:46:17:4617] [[35mhttp[39m]: [35mGET /api/v1/survey-sites 304 - - 7.185 ms[39m
[2026-07-21 05:46:19:4619] [[35mhttp[39m]: [35mGET /api/v1/survey 304 - - 8.455 ms[39m
[2026-07-21 05:46:19:4619] [[35mhttp[39m]: [35mGET /api/v1/survey 304 - - 11.199 ms[39m
[2026-07-21 05:46:21:4621] [[35mhttp[39m]: [35mGET /api/v1/dashboard 304 - - 16.047 ms[39m
[2026-07-21 05:46:21:4621] [[35mhttp[39m]: [35mGET /api/v1/dashboard 304 - - 15.480 ms[39m
[2026-07-21 05:53:34:5334] [[32minfo[39m]: [32mDatabase connection established successfully.[39m
[2026-07-21 05:53:34:5334] [[32minfo[39m]: [32mServer is running in development mode on port 5000[39m
[2026-07-21 05:55:35:5535] [[35mhttp[39m]: [35mGET /api/v1/survey-sites 401 116 - 38.819 ms[39m
[2026-07-21 05:55:35:5535] [[35mhttp[39m]: [35mGET /api/v1/survey-sites 401 116 - 6.743 ms[39m
[2026-07-21 05:58:13:5813] [[35mhttp[39m]: [35mPOST /api/v1/auth/login 200 698 - 154.292 ms[39m
[2026-07-21 05:58:13:5813] [[35mhttp[39m]: [35mGET /api/v1/dashboard 200 249 - 230.435 ms[39m
[2026-07-21 05:58:13:5813] [[35mhttp[39m]: [35mGET /api/v1/dashboard 304 - - 40.162 ms[39m
[2026-07-21 05:58:14:5814] [[35mhttp[39m]: [35mGET /api/v1/masters/charger-manufacturer 200 2108 - 22.951 ms[39m
[2026-07-21 05:58:14:5814] [[35mhttp[39m]: [35mGET /api/v1/masters/charger-manufacturer 304 - - 7.219 ms[39m
[2026-07-21 05:58:22:5822] [[35mhttp[39m]: [35mGET /api/v1/masters/charger-model 200 2633 - 26.056 ms[39m
[2026-07-21 05:58:22:5822] [[35mhttp[39m]: [35mGET /api/v1/masters/charger-manufacturer 304 - - 26.617 ms[39m
[2026-07-21 05:58:22:5822] [[35mhttp[39m]: [35mGET /api/v1/masters/charger-model 304 - - 11.529 ms[39m
[2026-07-21 05:58:22:5822] [[35mhttp[39m]: [35mGET /api/v1/masters/charger-manufacturer 304 - - 9.796 ms[39m
[2026-07-21 05:58:27:5827] [[35mhttp[39m]: [35mGET /api/v1/masters/charger-manufacturer 304 - - 9.235 ms[39m
[2026-07-21 05:58:27:5827] [[35mhttp[39m]: [35mGET /api/v1/masters/charger-manufacturer 304 - - 10.319 ms[39m
[2026-07-21 05:58:35:5835] [[35mhttp[39m]: [35mGET /api/v1/masters/charger-model 304 - - 10.065 ms[39m
[2026-07-21 05:58:35:5835] [[35mhttp[39m]: [35mGET /api/v1/masters/charger-manufacturer 304 - - 9.981 ms[39m
[2026-07-21 05:58:35:5835] [[35mhttp[39m]: [35mGET /api/v1/masters/charger-model 304 - - 9.928 ms[39m
[2026-07-21 05:58:36:5836] [[35mhttp[39m]: [35mGET /api/v1/masters/charger-manufacturer 304 - - 9.543 ms[39m
[2026-07-21 05:59:03:593] [[35mhttp[39m]: [35mGET /api/v1/survey-sites 401 116 - 6.160 ms[39m
[2026-07-21 05:59:03:593] [[35mhttp[39m]: [35mGET /api/v1/survey-sites 401 116 - 5.958 ms[39m
[2026-07-21 05:59:18:5918] [[35mhttp[39m]: [35mPOST /api/v1/auth/login 200 727 - 120.763 ms[39m
[2026-07-21 05:59:18:5918] [[35mhttp[39m]: [35mGET /api/v1/dashboard 200 249 - 97.779 ms[39m
[2026-07-21 05:59:18:5918] [[35mhttp[39m]: [35mGET /api/v1/dashboard 304 - - 22.587 ms[39m
[2026-07-21 05:59:23:5923] [[35mhttp[39m]: [35mGET /api/v1/dashboard 304 - - 16.185 ms[39m
[2026-07-21 05:59:23:5923] [[35mhttp[39m]: [35mGET /api/v1/dashboard 304 - - 16.274 ms[39m
[2026-07-21 05:59:24:5924] [[35mhttp[39m]: [35mGET /api/v1/users 403 182 - 3.150 ms[39m
[2026-07-21 05:59:24:5924] [[35mhttp[39m]: [35mGET /api/v1/users 403 182 - 4.863 ms[39m
[2026-07-21 05:59:30:5930] [[35mhttp[39m]: [35mGET /api/v1/users 403 182 - 2.908 ms[39m
[2026-07-21 05:59:30:5930] [[35mhttp[39m]: [35mGET /api/v1/users 403 182 - 3.634 ms[39m
[2026-07-21 05:59:34:5934] [[35mhttp[39m]: [35mGET /api/v1/dashboard 304 - - 19.188 ms[39m
[2026-07-21 05:59:34:5934] [[35mhttp[39m]: [35mGET /api/v1/dashboard 304 - - 18.026 ms[39m
[2026-07-21 05:59:42:5942] [[35mhttp[39m]: [35mGET /api/v1/survey-sites 200 1593 - 10.240 ms[39m
[2026-07-21 05:59:42:5942] [[35mhttp[39m]: [35mGET /api/v1/survey-sites 304 - - 6.517 ms[39m
[2026-07-21 05:59:50:5950] [[35mhttp[39m]: [35mGET /api/v1/dashboard 304 - - 20.029 ms[39m
[2026-07-21 05:59:50:5950] [[35mhttp[39m]: [35mGET /api/v1/dashboard 304 - - 14.416 ms[39m
[2026-07-21 05:59:51:5951] [[35mhttp[39m]: [35mGET /api/v1/survey 200 79 - 7.476 ms[39m
[2026-07-21 05:59:51:5951] [[35mhttp[39m]: [35mGET /api/v1/survey 304 - - 11.142 ms[39m
[2026-07-21 05:59:54:5954] [[35mhttp[39m]: [35mGET /api/v1/dashboard 304 - - 18.744 ms[39m
[2026-07-21 05:59:54:5954] [[35mhttp[39m]: [35mGET /api/v1/dashboard 304 - - 17.112 ms[39m
[2026-07-21 06:00:07:07] [[35mhttp[39m]: [35mGET /api/v1/survey-sites 304 - - 8.363 ms[39m
[2026-07-21 06:00:07:07] [[35mhttp[39m]: [35mGET /api/v1/survey-sites 304 - - 11.154 ms[39m
[2026-07-21 06:00:11:011] [[35mhttp[39m]: [35mGET /api/v1/survey 304 - - 8.440 ms[39m
[2026-07-21 06:00:11:011] [[35mhttp[39m]: [35mGET /api/v1/survey 304 - - 6.679 ms[39m
[2026-07-21 06:00:14:014] [[35mhttp[39m]: [35mGET /api/v1/dashboard 304 - - 16.381 ms[39m
[2026-07-21 06:00:14:014] [[35mhttp[39m]: [35mGET /api/v1/dashboard 304 - - 12.914 ms[39m
[2026-07-21 06:00:15:015] [[35mhttp[39m]: [35mGET /api/v1/survey-sites 304 - - 6.388 ms[39m
[2026-07-21 06:00:15:015] [[35mhttp[39m]: [35mGET /api/v1/survey-sites 304 - - 12.183 ms[39m
[2026-07-21 06:00:25:025] [[35mhttp[39m]: [35mGET /api/v1/dashboard 304 - - 14.087 ms[39m
[2026-07-21 06:00:25:025] [[35mhttp[39m]: [35mGET /api/v1/dashboard 304 - - 14.317 ms[39m
[2026-07-21 06:00:27:027] [[35mhttp[39m]: [35mGET /api/v1/survey-sites 304 - - 6.072 ms[39m
[2026-07-21 06:00:27:027] [[35mhttp[39m]: [35mGET /api/v1/survey-sites 304 - - 10.303 ms[39m
[2026-07-21 06:00:30:030] [[35mhttp[39m]: [35mGET /api/v1/dashboard 304 - - 15.996 ms[39m
[2026-07-21 06:00:30:030] [[35mhttp[39m]: [35mGET /api/v1/dashboard 304 - - 21.367 ms[39m
[2026-07-21 06:00:30:030] [[35mhttp[39m]: [35mGET /api/v1/users 403 182 - 2.855 ms[39m
[2026-07-21 06:00:30:030] [[35mhttp[39m]: [35mGET /api/v1/users 403 182 - 7.743 ms[39m
[2026-07-21 06:00:33:033] [[35mhttp[39m]: [35mGET /api/v1/dashboard 304 - - 20.611 ms[39m
[2026-07-21 06:00:33:033] [[35mhttp[39m]: [35mGET /api/v1/dashboard 304 - - 17.688 ms[39m
[2026-07-21 06:00:36:036] [[35mhttp[39m]: [35mGET /api/v1/users 403 182 - 4.317 ms[39m
[2026-07-21 06:00:36:036] [[35mhttp[39m]: [35mGET /api/v1/users 403 182 - 3.549 ms[39m
[2026-07-21 06:00:39:039] [[35mhttp[39m]: [35mGET /api/v1/dashboard 304 - - 15.658 ms[39m
[2026-07-21 06:00:39:039] [[35mhttp[39m]: [35mGET /api/v1/dashboard 304 - - 14.332 ms[39m
[2026-07-21 06:00:44:044] [[35mhttp[39m]: [35mGET /api/v1/dashboard 304 - - 19.291 ms[39m
[2026-07-21 06:00:44:044] [[35mhttp[39m]: [35mGET /api/v1/dashboard 304 - - 17.422 ms[39m
[2026-07-21 06:00:50:050] [[35mhttp[39m]: [35mGET /api/v1/masters/connector 200 870 - 11.907 ms[39m
[2026-07-21 06:00:50:050] [[35mhttp[39m]: [35mGET /api/v1/masters/connector 304 - - 6.897 ms[39m
[2026-07-21 06:00:55:055] [[35mhttp[39m]: [35mGET /api/v1/masters/equipment 304 - - 11.909 ms[39m
[2026-07-21 06:00:55:055] [[35mhttp[39m]: [35mGET /api/v1/masters/equipment 304 - - 8.426 ms[39m
[2026-07-21 06:00:59:059] [[35mhttp[39m]: [35mGET /api/v1/masters/photo-category 200 1753 - 11.437 ms[39m
[2026-07-21 06:00:59:059] [[35mhttp[39m]: [35mGET /api/v1/masters/photo-category 304 - - 5.269 ms[39m
[2026-07-21 06:01:15:115] [[35mhttp[39m]: [35mGET /api/v1/dashboard 304 - - 19.370 ms[39m
[2026-07-21 06:01:15:115] [[35mhttp[39m]: [35mGET /api/v1/dashboard 304 - - 15.045 ms[39m
[2026-07-21 06:01:16:116] [[35mhttp[39m]: [35mGET /api/v1/users 403 182 - 5.973 ms[39m
[2026-07-21 06:01:16:116] [[35mhttp[39m]: [35mGET /api/v1/users 403 182 - 3.467 ms[39m
[2026-07-21 06:01:18:118] [[35mhttp[39m]: [35mGET /api/v1/dashboard 304 - - 14.255 ms[39m
[2026-07-21 06:01:18:118] [[35mhttp[39m]: [35mGET /api/v1/dashboard 304 - - 16.233 ms[39m
[2026-07-21 06:01:19:119] [[35mhttp[39m]: [35mGET /api/v1/survey-sites 304 - - 10.799 ms[39m
[2026-07-21 06:01:19:119] [[35mhttp[39m]: [35mGET /api/v1/survey-sites 304 - - 5.215 ms[39m
[2026-07-21 06:01:20:120] [[35mhttp[39m]: [35mGET /api/v1/dashboard 304 - - 16.356 ms[39m
[2026-07-21 06:01:20:120] [[35mhttp[39m]: [35mGET /api/v1/dashboard 304 - - 15.818 ms[39m
[2026-07-21 06:01:21:121] [[35mhttp[39m]: [35mGET /api/v1/users 403 182 - 4.280 ms[39m
[2026-07-21 06:01:21:121] [[35mhttp[39m]: [35mGET /api/v1/users 403 182 - 4.331 ms[39m
[2026-07-21 06:01:22:122] [[35mhttp[39m]: [35mGET /api/v1/dashboard 304 - - 15.553 ms[39m
[2026-07-21 06:01:22:122] [[35mhttp[39m]: [35mGET /api/v1/dashboard 304 - - 15.408 ms[39m
[2026-07-21 06:01:23:123] [[35mhttp[39m]: [35mGET /api/v1/survey 304 - - 17.604 ms[39m
[2026-07-21 06:01:23:123] [[35mhttp[39m]: [35mGET /api/v1/survey 304 - - 7.950 ms[39m
[2026-07-21 06:01:24:124] [[35mhttp[39m]: [35mGET /api/v1/dashboard 304 - - 13.829 ms[39m
[2026-07-21 06:01:24:124] [[35mhttp[39m]: [35mGET /api/v1/dashboard 304 - - 21.736 ms[39m
[2026-07-21 06:01:29:129] [[35mhttp[39m]: [35mGET /api/v1/dashboard 304 - - 16.531 ms[39m
[2026-07-21 06:01:29:129] [[35mhttp[39m]: [35mGET /api/v1/dashboard 304 - - 15.890 ms[39m
[2026-07-21 06:01:41:141] [[35mhttp[39m]: [35mGET /api/v1/users 200 1266 - 10.903 ms[39m
[2026-07-21 06:01:41:141] [[35mhttp[39m]: [35mGET /api/v1/users 304 - - 6.720 ms[39m
[2026-07-21 06:01:44:144] [[35mhttp[39m]: [35mGET /api/v1/users/317eaaa9-90ec-4dbf-9ab3-560917efd845 200 382 - 10.377 ms[39m
[2026-07-21 06:01:44:144] [[35mhttp[39m]: [35mGET /api/v1/users/317eaaa9-90ec-4dbf-9ab3-560917efd845 304 - - 5.747 ms[39m
[2026-07-21 06:01:46:146] [[35mhttp[39m]: [35mGET /api/v1/users 304 - - 14.871 ms[39m
[2026-07-21 06:01:46:146] [[35mhttp[39m]: [35mGET /api/v1/users 304 - - 6.446 ms[39m
[2026-07-21 06:02:04:24] [[35mhttp[39m]: [35mGET /api/v1/users 403 182 - 2.994 ms[39m
[2026-07-21 06:02:04:24] [[35mhttp[39m]: [35mGET /api/v1/users 403 182 - 7.228 ms[39m
[2026-07-21 06:02:09:29] [[35mhttp[39m]: [35mGET /api/v1/users 403 182 - 3.024 ms[39m
[2026-07-21 06:02:09:29] [[35mhttp[39m]: [35mGET /api/v1/users 403 182 - 3.074 ms[39m
[2026-07-21 06:05:13:513] [[32minfo[39m]: [32mDatabase connection established successfully.[39m
[2026-07-21 06:05:13:513] [[32minfo[39m]: [32mServer is running in development mode on port 5000[39m
[2026-07-21 06:05:14:514] [[32minfo[39m]: [32mDatabase connection established successfully.[39m
[2026-07-21 06:05:14:514] [[32minfo[39m]: [32mDatabase connection established successfully.[39m
[2026-07-21 06:05:14:514] [[32minfo[39m]: [32mDatabase connection established successfully.[39m
[2026-07-21 06:05:14:514] [[32minfo[39m]: [32mDatabase connection established successfully.[39m
[2026-07-21 06:05:23:523] [[32minfo[39m]: [32mDatabase connection established successfully.[39m
[2026-07-21 06:05:23:523] [[32minfo[39m]: [32mServer is running in development mode on port 5000[39m
[2026-07-21 06:05:24:524] [[32minfo[39m]: [32mDatabase connection established successfully.[39m
[2026-07-21 06:05:24:524] [[32minfo[39m]: [32mDatabase connection established successfully.[39m
[2026-07-21 06:05:24:524] [[32minfo[39m]: [32mDatabase connection established successfully.[39m
[2026-07-21 06:05:24:524] [[32minfo[39m]: [32mDatabase connection established successfully.[39m
[2026-07-21 06:05:34:534] [[32minfo[39m]: [32mDatabase connection established successfully.[39m
[2026-07-21 06:05:34:534] [[32minfo[39m]: [32mDatabase connection established successfully.[39m
[2026-07-21 06:05:34:534] [[32minfo[39m]: [32mServer is running in development mode on port 5000[39m
[2026-07-21 06:05:34:534] [[32minfo[39m]: [32mDatabase connection established successfully.[39m
[2026-07-21 06:05:34:534] [[32minfo[39m]: [32mDatabase connection established successfully.[39m
[2026-07-21 06:05:34:534] [[32minfo[39m]: [32mDatabase connection established successfully.[39m
[2026-07-21 06:07:48:748] [[35mhttp[39m]: [35mGET /api/v1/survey-sites 200 1593 - 45.229 ms[39m
[2026-07-21 06:07:48:748] [[35mhttp[39m]: [35mGET /api/v1/survey-sites 304 - - 9.637 ms[39m
[2026-07-21 06:08:16:816] [[35mhttp[39m]: [35mGET /api/v1/survey-sites 304 - - 11.254 ms[39m
[2026-07-21 06:08:16:816] [[35mhttp[39m]: [35mGET /api/v1/survey-sites 304 - - 6.165 ms[39m
[2026-07-21 06:08:27:827] [[35mhttp[39m]: [35mGET /api/v1/users 200 681 - 17.716 ms[39m
[2026-07-21 06:08:27:827] [[35mhttp[39m]: [35mGET /api/v1/users 304 - - 8.047 ms[39m
[2026-07-21 06:11:01:111] [[35mhttp[39m]: [35mGET /api/v1/dashboard 304 - - 278.955 ms[39m
[2026-07-21 06:11:01:111] [[35mhttp[39m]: [35mGET /api/v1/dashboard 304 - - 22.589 ms[39m
[2026-07-21 06:11:03:113] [[35mhttp[39m]: [35mGET /api/v1/users 304 - - 8.307 ms[39m
[2026-07-21 06:11:03:113] [[35mhttp[39m]: [35mGET /api/v1/users 304 - - 7.245 ms[39m
[2026-07-21 06:11:06:116] [[35mhttp[39m]: [35mGET /api/v1/survey-sites 304 - - 10.351 ms[39m
[2026-07-21 06:11:06:116] [[35mhttp[39m]: [35mGET /api/v1/survey-sites 304 - - 7.611 ms[39m
[2026-07-21 06:11:08:118] [[35mhttp[39m]: [35mGET /api/v1/masters/charger-manufacturer 304 - - 19.121 ms[39m
[2026-07-21 06:11:08:118] [[35mhttp[39m]: [35mGET /api/v1/masters/charger-manufacturer 304 - - 10.502 ms[39m
[2026-07-21 06:11:10:1110] [[35mhttp[39m]: [35mGET /api/v1/masters/charger-manufacturer 304 - - 9.939 ms[39m
[2026-07-21 06:11:10:1110] [[35mhttp[39m]: [35mGET /api/v1/masters/charger-model 304 - - 19.161 ms[39m
[2026-07-21 06:11:10:1110] [[35mhttp[39m]: [35mGET /api/v1/masters/charger-manufacturer 304 - - 13.378 ms[39m
[2026-07-21 06:11:10:1110] [[35mhttp[39m]: [35mGET /api/v1/masters/charger-model 304 - - 10.240 ms[39m
[2026-07-21 06:11:34:1134] [[35mhttp[39m]: [35mPOST /api/v1/masters/charger-model 201 308 - 11.613 ms[39m
[2026-07-21 06:11:34:1134] [[35mhttp[39m]: [35mGET /api/v1/masters/charger-manufacturer 200 2344 - 10.031 ms[39m
[2026-07-21 06:11:34:1134] [[35mhttp[39m]: [35mGET /api/v1/masters/charger-model 200 3039 - 14.041 ms[39m
[2026-07-21 06:13:59:1359] [[35mhttp[39m]: [35mGET /api/v1/auth/me 200 219 - 4.942 ms[39m
[2026-07-21 06:13:59:1359] [[35mhttp[39m]: [35mGET /api/v1/auth/me 304 - - 3.020 ms[39m
[2026-07-21 06:13:59:1359] [[35mhttp[39m]: [35mGET /api/v1/masters/charger-manufacturer 304 - - 13.226 ms[39m
[2026-07-21 06:13:59:1359] [[35mhttp[39m]: [35mGET /api/v1/masters/charger-model 304 - - 57.715 ms[39m
[2026-07-21 06:13:59:1359] [[35mhttp[39m]: [35mGET /api/v1/masters/charger-manufacturer 304 - - 8.750 ms[39m
[2026-07-21 06:13:59:1359] [[35mhttp[39m]: [35mGET /api/v1/masters/charger-model 304 - - 10.151 ms[39m
[2026-07-21 06:14:03:143] [[35mhttp[39m]: [35mGET /api/v1/masters/charger-manufacturer 304 - - 7.431 ms[39m
[2026-07-21 06:14:03:143] [[35mhttp[39m]: [35mGET /api/v1/masters/charger-manufacturer 304 - - 16.629 ms[39m
[2026-07-21 06:14:08:148] [[35mhttp[39m]: [35mGET /api/v1/masters/charger-model 304 - - 7.691 ms[39m
[2026-07-21 06:14:08:148] [[35mhttp[39m]: [35mGET /api/v1/masters/charger-manufacturer 304 - - 7.718 ms[39m
[2026-07-21 06:14:08:148] [[35mhttp[39m]: [35mGET /api/v1/masters/charger-model 304 - - 10.950 ms[39m
[2026-07-21 06:14:08:148] [[35mhttp[39m]: [35mGET /api/v1/masters/charger-manufacturer 304 - - 9.034 ms[39m
[2026-07-21 06:14:55:1455] [[35mhttp[39m]: [35mGET /api/v1/masters/charger-manufacturer 304 - - 8.657 ms[39m
[2026-07-21 06:14:55:1455] [[35mhttp[39m]: [35mGET /api/v1/masters/charger-manufacturer 304 - - 7.219 ms[39m
[2026-07-21 06:14:59:1459] [[35mhttp[39m]: [35mGET /api/v1/masters/charger-manufacturer 304 - - 12.094 ms[39m
[2026-07-21 06:14:59:1459] [[35mhttp[39m]: [35mGET /api/v1/masters/charger-model 304 - - 12.154 ms[39m
[2026-07-21 06:14:59:1459] [[35mhttp[39m]: [35mGET /api/v1/masters/charger-manufacturer 304 - - 10.389 ms[39m
[2026-07-21 06:14:59:1459] [[35mhttp[39m]: [35mGET /api/v1/masters/charger-model 304 - - 9.717 ms[39m
[2026-07-21 06:15:39:1539] [[35mhttp[39m]: [35mGET /api/v1/masters/connector 304 - - 13.287 ms[39m
[2026-07-21 06:15:39:1539] [[35mhttp[39m]: [35mGET /api/v1/masters/connector 304 - - 8.921 ms[39m
[2026-07-21 06:15:58:1558] [[35mhttp[39m]: [35mGET /api/v1/masters/charger-manufacturer 304 - - 9.942 ms[39m
[2026-07-21 06:15:58:1558] [[35mhttp[39m]: [35mGET /api/v1/masters/charger-model 304 - - 9.765 ms[39m
[2026-07-21 06:15:58:1558] [[35mhttp[39m]: [35mGET /api/v1/masters/charger-manufacturer 304 - - 9.640 ms[39m
[2026-07-21 06:15:58:1558] [[35mhttp[39m]: [35mGET /api/v1/masters/charger-model 304 - - 9.276 ms[39m
[2026-07-21 06:16:14:1614] [[35mhttp[39m]: [35mGET /api/v1/masters/connector 304 - - 75.920 ms[39m
[2026-07-21 06:16:14:1614] [[35mhttp[39m]: [35mGET /api/v1/masters/connector 304 - - 4.676 ms[39m
[2026-07-21 06:16:16:1616] [[35mhttp[39m]: [35mGET /api/v1/masters/equipment 304 - - 12.852 ms[39m
[2026-07-21 06:16:16:1616] [[35mhttp[39m]: [35mGET /api/v1/masters/equipment 304 - - 7.600 ms[39m
[2026-07-21 06:16:18:1618] [[35mhttp[39m]: [35mGET /api/v1/masters/photo-category 304 - - 10.907 ms[39m
[2026-07-21 06:16:18:1618] [[35mhttp[39m]: [35mGET /api/v1/masters/photo-category 304 - - 5.820 ms[39m
[2026-07-21 06:16:19:1619] [[35mhttp[39m]: [35mGET /api/v1/masters/equipment 304 - - 12.377 ms[39m
[2026-07-21 06:16:19:1619] [[35mhttp[39m]: [35mGET /api/v1/masters/equipment 304 - - 4.929 ms[39m
[2026-07-21 06:16:20:1620] [[35mhttp[39m]: [35mGET /api/v1/masters/connector 304 - - 8.240 ms[39m
[2026-07-21 06:16:20:1620] [[35mhttp[39m]: [35mGET /api/v1/masters/connector 304 - - 9.719 ms[39m
[2026-07-21 06:16:24:1624] [[35mhttp[39m]: [35mGET /api/v1/survey-sites 304 - - 9.988 ms[39m
[2026-07-21 06:16:24:1624] [[35mhttp[39m]: [35mGET /api/v1/survey-sites 304 - - 6.831 ms[39m
[2026-07-21 06:16:26:1626] [[35mhttp[39m]: [35mGET /api/v1/dashboard 304 - - 223.721 ms[39m
[2026-07-21 06:16:26:1626] [[35mhttp[39m]: [35mGET /api/v1/dashboard 304 - - 25.455 ms[39m
[2026-07-21 06:16:27:1627] [[35mhttp[39m]: [35mGET /api/v1/users 304 - - 5.643 ms[39m
[2026-07-21 06:16:27:1627] [[35mhttp[39m]: [35mGET /api/v1/users 304 - - 12.473 ms[39m
[2026-07-21 06:16:32:1632] [[35mhttp[39m]: [35mGET /api/v1/users/317eaaa9-90ec-4dbf-9ab3-560917efd845 200 382 - 8.672 ms[39m
[2026-07-21 06:16:32:1632] [[35mhttp[39m]: [35mGET /api/v1/users/317eaaa9-90ec-4dbf-9ab3-560917efd845 304 - - 5.862 ms[39m
[2026-07-21 06:16:45:1645] [[35mhttp[39m]: [35mPUT /api/v1/users/317eaaa9-90ec-4dbf-9ab3-560917efd845 200 375 - 25.679 ms[39m
[2026-07-21 06:16:45:1645] [[35mhttp[39m]: [35mGET /api/v1/users 200 682 - 7.599 ms[39m
[2026-07-21 06:16:45:1645] [[35mhttp[39m]: [35mGET /api/v1/users 304 - - 5.042 ms[39m
[2026-07-21 06:16:47:1647] [[35mhttp[39m]: [35mGET /api/v1/users/317eaaa9-90ec-4dbf-9ab3-560917efd845 200 383 - 6.528 ms[39m
[2026-07-21 06:16:47:1647] [[35mhttp[39m]: [35mGET /api/v1/users/317eaaa9-90ec-4dbf-9ab3-560917efd845 304 - - 6.055 ms[39m
[2026-07-21 06:16:49:1649] [[35mhttp[39m]: [35mPUT /api/v1/users/317eaaa9-90ec-4dbf-9ab3-560917efd845 200 374 - 14.441 ms[39m
[2026-07-21 06:16:49:1649] [[35mhttp[39m]: [35mGET /api/v1/users 200 681 - 6.869 ms[39m
[2026-07-21 06:16:49:1649] [[35mhttp[39m]: [35mGET /api/v1/users 304 - - 7.469 ms[39m
[2026-07-21 06:17:21:1721] [[35mhttp[39m]: [35mPOST /api/v1/users 422 155 - 7.993 ms[39m
[2026-07-21 06:17:32:1732] [[35mhttp[39m]: [35mPOST /api/v1/users 201 365 - 182.062 ms[39m
[2026-07-21 06:17:32:1732] [[35mhttp[39m]: [35mGET /api/v1/users 200 976 - 6.858 ms[39m
[2026-07-21 06:17:32:1732] [[35mhttp[39m]: [35mGET /api/v1/users 304 - - 7.440 ms[39m
[2026-07-21 06:17:42:1742] [[35mhttp[39m]: [35mGET /api/v1/survey-sites 304 - - 8.063 ms[39m
[2026-07-21 06:17:42:1742] [[35mhttp[39m]: [35mGET /api/v1/survey-sites 304 - - 8.547 ms[39m
[2026-07-21 06:17:46:1746] [[35mhttp[39m]: [35mGET /api/v1/survey-sites 304 - - 7.401 ms[39m
[2026-07-21 06:17:46:1746] [[35mhttp[39m]: [35mGET /api/v1/survey-sites 304 - - 10.075 ms[39m
[2026-07-21 06:17:57:1757] [[35mhttp[39m]: [35mGET /api/v1/survey-sites/6db2ce84-327a-4329-b90d-ec248ad4a98a 200 578 - 8.401 ms[39m
[2026-07-21 06:17:57:1757] [[35mhttp[39m]: [35mGET /api/v1/survey-sites/6db2ce84-327a-4329-b90d-ec248ad4a98a 304 - - 5.387 ms[39m
[2026-07-21 06:17:59:1759] [[35mhttp[39m]: [35mGET /api/v1/survey-sites 304 - - 5.856 ms[39m
[2026-07-21 06:17:59:1759] [[35mhttp[39m]: [35mGET /api/v1/survey-sites 304 - - 8.051 ms[39m
[2026-07-21 06:18:00:180] [[35mhttp[39m]: [35mGET /api/v1/survey-sites/2b6556e8-7973-4dce-80d1-245d0039c679 200 615 - 4.932 ms[39m
[2026-07-21 06:18:00:180] [[35mhttp[39m]: [35mGET /api/v1/survey-sites/2b6556e8-7973-4dce-80d1-245d0039c679 304 - - 5.076 ms[39m
[2026-07-21 06:18:02:182] [[35mhttp[39m]: [35mGET /api/v1/survey-sites 304 - - 6.951 ms[39m
[2026-07-21 06:18:02:182] [[35mhttp[39m]: [35mGET /api/v1/survey-sites 304 - - 6.449 ms[39m
[2026-07-21 06:18:03:183] [[35mhttp[39m]: [35mGET /api/v1/survey 304 - - 6.879 ms[39m
[2026-07-21 06:18:03:183] [[35mhttp[39m]: [35mGET /api/v1/survey 304 - - 8.905 ms[39m
[2026-07-21 06:18:07:187] [[35mhttp[39m]: [35mGET /api/v1/users 304 - - 6.118 ms[39m
[2026-07-21 06:18:07:187] [[35mhttp[39m]: [35mGET /api/v1/users 304 - - 11.129 ms[39m
[2026-07-21 06:18:08:188] [[35mhttp[39m]: [35mGET /api/v1/dashboard 200 249 - 28.044 ms[39m
[2026-07-21 06:18:08:188] [[35mhttp[39m]: [35mGET /api/v1/dashboard 304 - - 17.155 ms[39m
[2026-07-21 06:18:09:189] [[35mhttp[39m]: [35mGET /api/v1/survey-sites 304 - - 19.760 ms[39m
[2026-07-21 06:18:09:189] [[35mhttp[39m]: [35mGET /api/v1/survey-sites 304 - - 6.075 ms[39m
[2026-07-21 06:18:12:1812] [[35mhttp[39m]: [35mGET /api/v1/dashboard 304 - - 21.509 ms[39m
[2026-07-21 06:18:12:1812] [[35mhttp[39m]: [35mGET /api/v1/dashboard 304 - - 21.252 ms[39m
[2026-07-21 06:18:12:1812] [[35mhttp[39m]: [35mGET /api/v1/survey 304 - - 8.880 ms[39m
[2026-07-21 06:18:12:1812] [[35mhttp[39m]: [35mGET /api/v1/survey 304 - - 10.209 ms[39m
[2026-07-21 06:18:14:1814] [[35mhttp[39m]: [35mGET /api/v1/dashboard 304 - - 17.154 ms[39m
[2026-07-21 06:18:14:1814] [[35mhttp[39m]: [35mGET /api/v1/dashboard 304 - - 14.533 ms[39m
[2026-07-21 06:18:18:1818] [[35mhttp[39m]: [35mGET /api/v1/dashboard 304 - - 19.583 ms[39m
[2026-07-21 06:18:18:1818] [[35mhttp[39m]: [35mGET /api/v1/dashboard 304 - - 21.350 ms[39m
[2026-07-21 06:19:36:1936] [[35mhttp[39m]: [35mGET /api/v1/masters/charger-model 304 - - 16.264 ms[39m
[2026-07-21 06:19:36:1936] [[35mhttp[39m]: [35mGET /api/v1/masters/charger-manufacturer 304 - - 16.672 ms[39m
[2026-07-21 06:19:36:1936] [[35mhttp[39m]: [35mGET /api/v1/masters/charger-manufacturer 304 - - 8.654 ms[39m
[2026-07-21 06:19:36:1936] [[35mhttp[39m]: [35mGET /api/v1/masters/charger-model 304 - - 18.039 ms[39m
[2026-07-21 06:23:36:2336] [[35mhttp[39m]: [35mGET /api/v1/masters/charger-model 304 - - 98.729 ms[39m
[2026-07-21 06:23:36:2336] [[35mhttp[39m]: [35mGET /api/v1/masters/charger-model 304 - - 5.339 ms[39m
[2026-07-21 06:23:36:2336] [[35mhttp[39m]: [35mGET /api/v1/masters/charger-manufacturer 304 - - 147.013 ms[39m
[2026-07-21 06:23:36:2336] [[35mhttp[39m]: [35mGET /api/v1/masters/charger-manufacturer 304 - - 6.011 ms[39m
[2026-07-21 06:30:27:3027] [[35mhttp[39m]: [35mGET /api/v1/masters/charger-model 304 - - 120.723 ms[39m
[2026-07-21 06:30:27:3027] [[35mhttp[39m]: [35mGET /api/v1/masters/charger-model 304 - - 13.863 ms[39m
[2026-07-21 06:30:27:3027] [[35mhttp[39m]: [35mGET /api/v1/masters/charger-manufacturer 304 - - 226.507 ms[39m
[2026-07-21 06:30:27:3027] [[35mhttp[39m]: [35mGET /api/v1/masters/charger-manufacturer 304 - - 5.656 ms[39m
[2026-07-21 06:31:18:3118] [[35mhttp[39m]: [35mGET /api/v1/masters/charger-manufacturer 304 - - 9.627 ms[39m
[2026-07-21 06:31:18:3118] [[35mhttp[39m]: [35mGET /api/v1/masters/charger-manufacturer 304 - - 9.151 ms[39m
[2026-07-21 06:32:09:329] [[35mhttp[39m]: [35mGET /api/v1/masters/connector 304 - - 11.901 ms[39m
[2026-07-21 06:32:09:329] [[35mhttp[39m]: [35mGET /api/v1/masters/connector 304 - - 7.741 ms[39m
[2026-07-21 06:32:51:3251] [[35mhttp[39m]: [35mGET /api/v1/masters/charger-model 304 - - 10.411 ms[39m
[2026-07-21 06:32:51:3251] [[35mhttp[39m]: [35mGET /api/v1/masters/charger-manufacturer 304 - - 10.380 ms[39m
[2026-07-21 06:32:51:3251] [[35mhttp[39m]: [35mGET /api/v1/masters/charger-model 304 - - 11.908 ms[39m
[2026-07-21 06:32:51:3251] [[35mhttp[39m]: [35mGET /api/v1/masters/charger-manufacturer 304 - - 27.151 ms[39m
[2026-07-21 06:34:09:349] [[35mhttp[39m]: [35mGET /api/v1/masters/connector 304 - - 11.463 ms[39m
[2026-07-21 06:34:09:349] [[35mhttp[39m]: [35mGET /api/v1/masters/connector 304 - - 5.218 ms[39m
[2026-07-21 06:34:16:3416] [[35mhttp[39m]: [35mGET /api/v1/masters/equipment 304 - - 11.186 ms[39m
[2026-07-21 06:34:16:3416] [[35mhttp[39m]: [35mGET /api/v1/masters/equipment 304 - - 6.166 ms[39m
[2026-07-21 06:34:23:3423] [[35mhttp[39m]: [35mGET /api/v1/survey-sites 304 - - 8.860 ms[39m
[2026-07-21 06:34:23:3423] [[35mhttp[39m]: [35mGET /api/v1/survey-sites 304 - - 12.772 ms[39m
[2026-07-21 06:34:31:3431] [[35mhttp[39m]: [35mGET /api/v1/survey-sites 304 - - 8.021 ms[39m
[2026-07-21 06:34:31:3431] [[35mhttp[39m]: [35mGET /api/v1/survey-sites 304 - - 7.792 ms[39m
[2026-07-21 06:34:36:3436] [[35mhttp[39m]: [35mGET /api/v1/survey-sites 304 - - 10.218 ms[39m
[2026-07-21 06:34:36:3436] [[35mhttp[39m]: [35mGET /api/v1/users 200 1561 - 13.569 ms[39m
[2026-07-21 06:34:36:3436] [[35mhttp[39m]: [35mGET /api/v1/survey-sites 304 - - 11.266 ms[39m
[2026-07-21 06:34:36:3436] [[35mhttp[39m]: [35mGET /api/v1/users 304 - - 7.614 ms[39m
[2026-07-21 06:34:49:3449] [[35mhttp[39m]: [35mPOST /api/v1/survey-assignment 201 1018 - 34.814 ms[39m
[2026-07-21 06:34:49:3449] [[35mhttp[39m]: [35mGET /api/v1/survey-sites 200 1594 - 11.358 ms[39m
[2026-07-21 06:34:49:3449] [[35mhttp[39m]: [35mGET /api/v1/survey-sites 304 - - 5.998 ms[39m
[2026-07-21 06:36:01:361] [[31merror[39m]: [31m[39m
[31mInvalid `prisma.surveySite.count()` invocation in[39m
[31mD:\Code-SID\Blu_Smart_Charge_Survey\backend\src\modules\dashboard\dashboard.service.js:18:23[39m

[31m  15 prisma.user.count({ where: { isDeleted: false } }),[39m
[31m  16 prisma.surveySite.count({ where: { isDeleted: false } }),[39m
[31m  17 prisma.surveySite.count({ where: { isDeleted: false, status: "PENDING" } }),[39m
[31m→ 18 prisma.surveySite.count([39m
[31mCan't reach database server at `127.0.0.1:5432`[39m

[31mPlease make sure your database server is running at `127.0.0.1:5432`. - /api/v1/dashboard - GET - ::1[39m
[2026-07-21 06:36:01:361] [[35mhttp[39m]: [35mGET /api/v1/dashboard 500 136 - 118.461 ms[39m
[2026-07-21 06:36:01:361] [[35mhttp[39m]: [35mGET /api/v1/dashboard 200 249 - 206.634 ms[39m
[2026-07-21 06:36:04:364] [[35mhttp[39m]: [35mGET /api/v1/users 304 - - 12.198 ms[39m
[2026-07-21 06:36:04:364] [[35mhttp[39m]: [35mGET /api/v1/users 304 - - 8.426 ms[39m
[2026-07-21 06:36:09:369] [[35mhttp[39m]: [35mGET /api/v1/survey-sites 200 1594 - 8.741 ms[39m
[2026-07-21 06:36:09:369] [[35mhttp[39m]: [35mGET /api/v1/survey-sites 304 - - 6.234 ms[39m
[2026-07-21 06:38:09:389] [[35mhttp[39m]: [35mGET /api/v1/survey-sites/6db2ce84-327a-4329-b90d-ec248ad4a98a 200 578 - 8.982 ms[39m
[2026-07-21 06:38:09:389] [[35mhttp[39m]: [35mGET /api/v1/survey-sites/6db2ce84-327a-4329-b90d-ec248ad4a98a 304 - - 6.782 ms[39m
[2026-07-21 06:38:17:3817] [[35mhttp[39m]: [35mGET /api/v1/survey-sites 304 - - 8.650 ms[39m
[2026-07-21 06:38:17:3817] [[35mhttp[39m]: [35mGET /api/v1/survey-sites 304 - - 8.666 ms[39m
[2026-07-21 06:38:22:3822] [[35mhttp[39m]: [35mGET /api/v1/survey-sites 304 - - 12.981 ms[39m
[2026-07-21 06:38:22:3822] [[35mhttp[39m]: [35mGET /api/v1/users 304 - - 21.890 ms[39m
[2026-07-21 06:38:22:3822] [[35mhttp[39m]: [35mGET /api/v1/survey-sites 304 - - 6.849 ms[39m
[2026-07-21 06:38:22:3822] [[35mhttp[39m]: [35mGET /api/v1/users 304 - - 10.358 ms[39m
[2026-07-21 06:38:29:3829] [[35mhttp[39m]: [35mGET /api/v1/survey-sites 304 - - 6.959 ms[39m
[2026-07-21 06:38:29:3829] [[35mhttp[39m]: [35mGET /api/v1/survey-sites 304 - - 6.942 ms[39m
[2026-07-21 06:39:33:3933] [[35mhttp[39m]: [35mGET /api/v1/users 304 - - 11.724 ms[39m
[2026-07-21 06:39:33:3933] [[35mhttp[39m]: [35mGET /api/v1/survey-sites 304 - - 7.516 ms[39m
[2026-07-21 06:39:33:3933] [[35mhttp[39m]: [35mGET /api/v1/users 304 - - 11.671 ms[39m
[2026-07-21 06:39:33:3933] [[35mhttp[39m]: [35mGET /api/v1/survey-sites 304 - - 7.801 ms[39m
[2026-07-21 06:39:37:3937] [[35mhttp[39m]: [35mGET /api/v1/survey-sites 304 - - 8.280 ms[39m
[2026-07-21 06:39:37:3937] [[35mhttp[39m]: [35mGET /api/v1/survey-sites 304 - - 7.843 ms[39m
[2026-07-21 06:39:45:3945] [[35mhttp[39m]: [35mGET /api/v1/dashboard 200 249 - 23.586 ms[39m
[2026-07-21 06:39:45:3945] [[35mhttp[39m]: [35mGET /api/v1/dashboard 304 - - 23.283 ms[39m
[2026-07-21 06:39:48:3948] [[35mhttp[39m]: [35mGET /api/v1/users 304 - - 7.201 ms[39m
[2026-07-21 06:39:48:3948] [[35mhttp[39m]: [35mGET /api/v1/users 304 - - 10.993 ms[39m
[2026-07-21 06:39:52:3952] [[35mhttp[39m]: [35mGET /api/v1/dashboard 304 - - 23.666 ms[39m
[2026-07-21 06:39:52:3952] [[35mhttp[39m]: [35mGET /api/v1/dashboard 304 - - 12.425 ms[39m
[2026-07-21 06:39:55:3955] [[35mhttp[39m]: [35mGET /api/v1/users 304 - - 10.164 ms[39m
[2026-07-21 06:39:55:3955] [[35mhttp[39m]: [35mGET /api/v1/users 304 - - 6.527 ms[39m
[2026-07-21 06:39:56:3956] [[35mhttp[39m]: [35mGET /api/v1/survey-sites 304 - - 9.649 ms[39m
[2026-07-21 06:39:56:3956] [[35mhttp[39m]: [35mGET /api/v1/survey-sites 304 - - 8.375 ms[39m
[2026-07-21 06:39:57:3957] [[35mhttp[39m]: [35mGET /api/v1/masters/charger-manufacturer 304 - - 18.392 ms[39m
[2026-07-21 06:39:57:3957] [[35mhttp[39m]: [35mGET /api/v1/masters/charger-manufacturer 304 - - 7.139 ms[39m
[2026-07-21 06:40:07:407] [[35mhttp[39m]: [35mGET /api/v1/masters/charger-model 304 - - 12.753 ms[39m
[2026-07-21 06:40:07:407] [[35mhttp[39m]: [35mGET /api/v1/masters/charger-manufacturer 304 - - 22.654 ms[39m
[2026-07-21 06:40:07:407] [[35mhttp[39m]: [35mGET /api/v1/masters/charger-model 304 - - 10.471 ms[39m
[2026-07-21 06:40:07:407] [[35mhttp[39m]: [35mGET /api/v1/masters/charger-manufacturer 304 - - 7.708 ms[39m
[2026-07-21 06:42:28:4228] [[35mhttp[39m]: [35mGET /api/v1/masters/charger-model 304 - - 106.833 ms[39m
[2026-07-21 06:42:28:4228] [[35mhttp[39m]: [35mGET /api/v1/masters/charger-manufacturer 304 - - 108.953 ms[39m
[2026-07-21 06:45:25:4525] [[35mhttp[39m]: [35mGET /api/v1/masters/charger-model 304 - - 7.911 ms[39m
[2026-07-21 06:45:25:4525] [[35mhttp[39m]: [35mGET /api/v1/masters/charger-manufacturer 304 - - 7.729 ms[39m
[2026-07-21 06:47:51:4751] [[35mhttp[39m]: [35mGET /api/v1/masters/charger-model 304 - - 88.741 ms[39m
[2026-07-21 06:47:51:4751] [[35mhttp[39m]: [35mGET /api/v1/masters/charger-model 304 - - 5.161 ms[39m
[2026-07-21 06:47:51:4751] [[35mhttp[39m]: [35mGET /api/v1/masters/charger-manufacturer 304 - - 127.633 ms[39m
[2026-07-21 06:47:51:4751] [[35mhttp[39m]: [35mGET /api/v1/masters/charger-manufacturer 304 - - 5.674 ms[39m
[2026-07-21 06:48:08:488] [[35mhttp[39m]: [35mGET /api/v1/masters/charger-manufacturer 304 - - 12.554 ms[39m
[2026-07-21 06:48:08:488] [[35mhttp[39m]: [35mGET /api/v1/masters/charger-manufacturer 304 - - 10.456 ms[39m
[2026-07-21 06:48:13:4813] [[35mhttp[39m]: [35mGET /api/v1/masters/charger-manufacturer 304 - - 11.395 ms[39m
[2026-07-21 06:48:13:4813] [[35mhttp[39m]: [35mGET /api/v1/masters/charger-model 304 - - 12.107 ms[39m
[2026-07-21 06:48:13:4813] [[35mhttp[39m]: [35mGET /api/v1/masters/charger-manufacturer 304 - - 12.380 ms[39m
[2026-07-21 06:48:13:4813] [[35mhttp[39m]: [35mGET /api/v1/masters/charger-model 304 - - 14.732 ms[39m
[2026-07-21 06:50:51:5051] [[35mhttp[39m]: [35mGET /api/v1/masters/charger-manufacturer 304 - - 11.152 ms[39m
[2026-07-21 06:50:51:5051] [[35mhttp[39m]: [35mGET /api/v1/masters/charger-manufacturer 304 - - 8.125 ms[39m
[2026-07-21 06:51:00:510] [[35mhttp[39m]: [35mGET /api/v1/masters/charger-model 304 - - 12.232 ms[39m
[2026-07-21 06:51:00:510] [[35mhttp[39m]: [35mGET /api/v1/masters/charger-manufacturer 304 - - 12.362 ms[39m
[2026-07-21 06:51:00:510] [[35mhttp[39m]: [35mGET /api/v1/masters/charger-model 304 - - 12.441 ms[39m
[2026-07-21 06:51:00:510] [[35mhttp[39m]: [35mGET /api/v1/masters/charger-manufacturer 304 - - 9.531 ms[39m
[2026-07-21 06:51:18:5118] [[35mhttp[39m]: [35mGET /api/v1/masters/connector 304 - - 12.432 ms[39m
[2026-07-21 06:51:18:5118] [[35mhttp[39m]: [35mGET /api/v1/masters/connector 304 - - 4.972 ms[39m
[2026-07-21 06:52:08:528] [[35mhttp[39m]: [35mGET /api/v1/masters/equipment 304 - - 12.020 ms[39m
[2026-07-21 06:52:08:528] [[35mhttp[39m]: [35mGET /api/v1/masters/equipment 304 - - 6.851 ms[39m
[2026-07-21 06:52:20:5220] [[35mhttp[39m]: [35mGET /api/v1/masters/charger-manufacturer 304 - - 13.113 ms[39m
[2026-07-21 06:52:20:5220] [[35mhttp[39m]: [35mGET /api/v1/masters/charger-manufacturer 304 - - 12.519 ms[39m
[2026-07-21 06:52:23:5223] [[35mhttp[39m]: [35mGET /api/v1/masters/charger-manufacturer 304 - - 7.572 ms[39m
[2026-07-21 06:52:23:5223] [[35mhttp[39m]: [35mGET /api/v1/masters/charger-model 304 - - 11.755 ms[39m
[2026-07-21 06:52:23:5223] [[35mhttp[39m]: [35mGET /api/v1/masters/charger-manufacturer 304 - - 15.057 ms[39m
[2026-07-21 06:52:23:5223] [[35mhttp[39m]: [35mGET /api/v1/masters/charger-model 304 - - 141.330 ms[39m
[2026-07-21 06:52:24:5224] [[35mhttp[39m]: [35mGET /api/v1/masters/connector 304 - - 14.956 ms[39m
[2026-07-21 06:52:24:5224] [[35mhttp[39m]: [35mGET /api/v1/masters/connector 304 - - 5.534 ms[39m
[2026-07-21 06:52:25:5225] [[35mhttp[39m]: [35mGET /api/v1/masters/equipment 304 - - 10.133 ms[39m
[2026-07-21 06:52:25:5225] [[35mhttp[39m]: [35mGET /api/v1/masters/equipment 304 - - 5.817 ms[39m
[2026-07-21 06:52:26:5226] [[35mhttp[39m]: [35mGET /api/v1/masters/photo-category 304 - - 11.880 ms[39m
[2026-07-21 06:52:26:5226] [[35mhttp[39m]: [35mGET /api/v1/masters/photo-category 304 - - 8.271 ms[39m
[2026-07-21 06:52:28:5228] [[35mhttp[39m]: [35mGET /api/v1/survey-sites 304 - - 16.176 ms[39m
[2026-07-21 06:52:28:5228] [[35mhttp[39m]: [35mGET /api/v1/survey-sites 304 - - 6.416 ms[39m
[2026-07-21 06:52:29:5229] [[35mhttp[39m]: [35mGET /api/v1/users 304 - - 6.385 ms[39m
[2026-07-21 06:52:29:5229] [[35mhttp[39m]: [35mGET /api/v1/users 304 - - 8.941 ms[39m
[2026-07-21 06:52:30:5230] [[35mhttp[39m]: [35mGET /api/v1/dashboard 304 - - 148.636 ms[39m
[2026-07-21 06:52:30:5230] [[35mhttp[39m]: [35mGET /api/v1/dashboard 304 - - 20.027 ms[39m
[2026-07-21 06:52:43:5243] [[35mhttp[39m]: [35mGET /api/v1/masters/charger-manufacturer 304 - - 9.895 ms[39m
[2026-07-21 06:52:43:5243] [[35mhttp[39m]: [35mGET /api/v1/masters/charger-manufacturer 304 - - 7.455 ms[39m
[2026-07-21 06:52:48:5248] [[35mhttp[39m]: [35mGET /api/v1/masters/charger-manufacturer 304 - - 15.814 ms[39m
[2026-07-21 06:52:48:5248] [[35mhttp[39m]: [35mGET /api/v1/masters/charger-model 304 - - 20.203 ms[39m
[2026-07-21 06:52:48:5248] [[35mhttp[39m]: [35mGET /api/v1/masters/charger-manufacturer 304 - - 8.140 ms[39m
[2026-07-21 06:52:48:5248] [[35mhttp[39m]: [35mGET /api/v1/masters/charger-model 304 - - 53.516 ms[39m
[2026-07-21 06:54:14:5414] [[35mhttp[39m]: [35mGET /api/v1/users 304 - - 8.479 ms[39m
[2026-07-21 06:54:14:5414] [[35mhttp[39m]: [35mGET /api/v1/users 304 - - 9.648 ms[39m
[2026-07-21 06:54:15:5415] [[35mhttp[39m]: [35mGET /api/v1/dashboard 304 - - 163.376 ms[39m
[2026-07-21 06:54:15:5415] [[35mhttp[39m]: [35mGET /api/v1/dashboard 304 - - 21.842 ms[39m
[2026-07-21 06:56:57:5657] [[35mhttp[39m]: [35mGET /api/v1/auth/me 304 - - 3.840 ms[39m
[2026-07-21 06:56:57:5657] [[35mhttp[39m]: [35mGET /api/v1/auth/me 304 - - 2.858 ms[39m
[2026-07-21 06:56:57:5657] [[35mhttp[39m]: [35mGET /api/v1/masters/charger-model 304 - - 15.167 ms[39m
[2026-07-21 06:56:57:5657] [[35mhttp[39m]: [35mGET /api/v1/masters/charger-manufacturer 304 - - 18.920 ms[39m
[2026-07-21 06:56:57:5657] [[35mhttp[39m]: [35mGET /api/v1/masters/charger-model 304 - - 13.043 ms[39m
[2026-07-21 06:56:57:5657] [[35mhttp[39m]: [35mGET /api/v1/masters/charger-manufacturer 304 - - 12.412 ms[39m
[2026-07-21 06:57:03:573] [[35mhttp[39m]: [35mGET /api/v1/masters/charger-manufacturer 304 - - 12.036 ms[39m
[2026-07-21 06:57:03:573] [[35mhttp[39m]: [35mGET /api/v1/masters/charger-manufacturer 304 - - 9.439 ms[39m
[2026-07-21 06:57:04:574] [[35mhttp[39m]: [35mGET /api/v1/masters/charger-manufacturer 304 - - 6.855 ms[39m
[2026-07-21 06:57:04:574] [[35mhttp[39m]: [35mGET /api/v1/masters/charger-model 304 - - 10.113 ms[39m
[2026-07-21 06:57:04:574] [[35mhttp[39m]: [35mGET /api/v1/masters/charger-manufacturer 304 - - 8.509 ms[39m
[2026-07-21 06:57:04:574] [[35mhttp[39m]: [35mGET /api/v1/masters/charger-model 304 - - 9.239 ms[39m
[2026-07-21 06:57:05:575] [[35mhttp[39m]: [35mGET /api/v1/masters/connector 304 - - 6.989 ms[39m
[2026-07-21 06:57:05:575] [[35mhttp[39m]: [35mGET /api/v1/masters/connector 304 - - 6.596 ms[39m
[2026-07-21 06:57:06:576] [[35mhttp[39m]: [35mGET /api/v1/masters/equipment 304 - - 10.030 ms[39m
[2026-07-21 06:57:06:576] [[35mhttp[39m]: [35mGET /api/v1/masters/equipment 304 - - 11.428 ms[39m
[2026-07-21 06:57:07:577] [[35mhttp[39m]: [35mGET /api/v1/masters/photo-category 304 - - 10.848 ms[39m
[2026-07-21 06:57:07:577] [[35mhttp[39m]: [35mGET /api/v1/masters/photo-category 304 - - 8.652 ms[39m
[2026-07-21 06:57:09:579] [[35mhttp[39m]: [35mGET /api/v1/masters/charger-model 304 - - 13.188 ms[39m
[2026-07-21 06:57:09:579] [[35mhttp[39m]: [35mGET /api/v1/masters/charger-manufacturer 304 - - 10.197 ms[39m
[2026-07-21 06:57:09:579] [[35mhttp[39m]: [35mGET /api/v1/masters/charger-model 304 - - 8.297 ms[39m
[2026-07-21 06:57:09:579] [[35mhttp[39m]: [35mGET /api/v1/masters/charger-manufacturer 304 - - 10.960 ms[39m
[2026-07-21 06:57:10:5710] [[35mhttp[39m]: [35mGET /api/v1/masters/charger-manufacturer 304 - - 7.035 ms[39m
[2026-07-21 06:57:10:5710] [[35mhttp[39m]: [35mGET /api/v1/masters/charger-manufacturer 304 - - 9.813 ms[39m
[2026-07-21 06:57:30:5730] [[35mhttp[39m]: [35mGET /api/v1/auth/me 200 228 - 69.519 ms[39m
[2026-07-21 06:57:30:5730] [[35mhttp[39m]: [35mGET /api/v1/auth/me 304 - - 3.134 ms[39m
[2026-07-21 06:57:30:5730] [[35mhttp[39m]: [35mGET /api/v1/dashboard 304 - - 21.442 ms[39m
[2026-07-21 06:57:30:5730] [[35mhttp[39m]: [35mGET /api/v1/dashboard 304 - - 30.857 ms[39m
[2026-07-21 06:57:35:5735] [[35mhttp[39m]: [35mGET /api/v1/users 304 - - 100.935 ms[39m
[2026-07-21 06:57:35:5735] [[35mhttp[39m]: [35mGET /api/v1/users 304 - - 19.889 ms[39m
[2026-07-21 06:57:37:5737] [[35mhttp[39m]: [35mGET /api/v1/dashboard 304 - - 118.540 ms[39m
[2026-07-21 06:57:37:5737] [[35mhttp[39m]: [35mGET /api/v1/dashboard 304 - - 15.719 ms[39m
[2026-07-21 06:57:37:5737] [[35mhttp[39m]: [35mGET /api/v1/survey-sites 304 - - 7.969 ms[39m
[2026-07-21 06:57:37:5737] [[35mhttp[39m]: [35mGET /api/v1/survey-sites 304 - - 5.878 ms[39m
[2026-07-21 06:57:39:5739] [[35mhttp[39m]: [35mGET /api/v1/dashboard 304 - - 33.705 ms[39m
[2026-07-21 06:57:39:5739] [[35mhttp[39m]: [35mGET /api/v1/dashboard 304 - - 22.405 ms[39m
[2026-07-21 06:59:17:5917] [[35mhttp[39m]: [35mGET /api/v1/masters/charger-manufacturer 304 - - 20.138 ms[39m
[2026-07-21 06:59:17:5917] [[35mhttp[39m]: [35mGET /api/v1/masters/charger-manufacturer 304 - - 8.721 ms[39m
[2026-07-21 06:59:17:5917] [[35mhttp[39m]: [35mGET /api/v1/masters/charger-model 304 - - 126.656 ms[39m
[2026-07-21 06:59:17:5917] [[35mhttp[39m]: [35mGET /api/v1/masters/charger-model 304 - - 6.187 ms[39m
[2026-07-21 06:59:25:5925] [[35mhttp[39m]: [35mGET /api/v1/masters/connector 304 - - 9.163 ms[39m
[2026-07-21 06:59:25:5925] [[35mhttp[39m]: [35mGET /api/v1/masters/connector 304 - - 5.166 ms[39m
[2026-07-21 06:59:32:5932] [[35mhttp[39m]: [35mGET /api/v1/masters/equipment 304 - - 12.479 ms[39m
[2026-07-21 06:59:32:5932] [[35mhttp[39m]: [35mGET /api/v1/masters/equipment 304 - - 7.931 ms[39m
[2026-07-21 06:59:52:5952] [[35mhttp[39m]: [35mGET /api/v1/masters/photo-category 304 - - 12.285 ms[39m
[2026-07-21 06:59:52:5952] [[35mhttp[39m]: [35mGET /api/v1/masters/photo-category 304 - - 9.068 ms[39m
[2026-07-21 06:59:53:5953] [[35mhttp[39m]: [35mGET /api/v1/masters/equipment 304 - - 4.983 ms[39m
[2026-07-21 06:59:53:5953] [[35mhttp[39m]: [35mGET /api/v1/masters/equipment 304 - - 7.491 ms[39m
[2026-07-21 06:59:54:5954] [[35mhttp[39m]: [35mGET /api/v1/masters/connector 304 - - 6.502 ms[39m
[2026-07-21 06:59:54:5954] [[35mhttp[39m]: [35mGET /api/v1/masters/connector 304 - - 6.050 ms[39m
[2026-07-21 06:59:55:5955] [[35mhttp[39m]: [35mGET /api/v1/masters/equipment 304 - - 8.391 ms[39m
[2026-07-21 06:59:55:5955] [[35mhttp[39m]: [35mGET /api/v1/masters/equipment 304 - - 8.001 ms[39m
[2026-07-21 07:00:01:01] [[35mhttp[39m]: [35mGET /api/v1/dashboard 304 - - 114.094 ms[39m
[2026-07-21 07:00:01:01] [[35mhttp[39m]: [35mGET /api/v1/dashboard 304 - - 20.090 ms[39m
[2026-07-21 07:00:03:03] [[35mhttp[39m]: [35mGET /api/v1/users 304 - - 8.956 ms[39m
[2026-07-21 07:00:03:03] [[35mhttp[39m]: [35mGET /api/v1/users 304 - - 7.285 ms[39m
[2026-07-21 07:00:07:07] [[35mhttp[39m]: [35mGET /api/v1/users/1148c941-ef4c-421b-be74-2eed0a901025 200 373 - 5.451 ms[39m
[2026-07-21 07:00:07:07] [[35mhttp[39m]: [35mGET /api/v1/users/1148c941-ef4c-421b-be74-2eed0a901025 304 - - 6.529 ms[39m
[2026-07-21 07:00:10:010] [[35mhttp[39m]: [35mGET /api/v1/users 304 - - 8.083 ms[39m
[2026-07-21 07:00:10:010] [[35mhttp[39m]: [35mGET /api/v1/users 304 - - 7.372 ms[39m
[2026-07-21 07:00:16:016] [[35mhttp[39m]: [35mGET /api/v1/masters/charger-manufacturer 304 - - 19.104 ms[39m
[2026-07-21 07:00:16:016] [[35mhttp[39m]: [35mGET /api/v1/masters/charger-manufacturer 304 - - 11.881 ms[39m
[2026-07-21 07:03:40:340] [[35mhttp[39m]: [35mGET /api/v1/auth/me 304 - - 3.016 ms[39m
[2026-07-21 07:03:40:340] [[35mhttp[39m]: [35mGET /api/v1/auth/me 304 - - 3.672 ms[39m
[2026-07-21 07:03:41:341] [[35mhttp[39m]: [35mGET /api/v1/masters/charger-manufacturer 304 - - 38.208 ms[39m
[2026-07-21 07:03:41:341] [[35mhttp[39m]: [35mGET /api/v1/masters/charger-manufacturer 304 - - 9.465 ms[39m
[2026-07-21 07:04:00:40] [[35mhttp[39m]: [35mGET /api/v1/auth/me 304 - - 14.302 ms[39m
[2026-07-21 07:04:00:40] [[35mhttp[39m]: [35mGET /api/v1/auth/me 304 - - 8.167 ms[39m
[2026-07-21 07:04:00:40] [[35mhttp[39m]: [35mGET /api/v1/auth/me 304 - - 2.447 ms[39m
[2026-07-21 07:04:00:40] [[35mhttp[39m]: [35mGET /api/v1/auth/me 304 - - 5.959 ms[39m
[2026-07-21 07:04:00:40] [[35mhttp[39m]: [35mGET /api/v1/masters/charger-manufacturer 304 - - 20.089 ms[39m
[2026-07-21 07:04:00:40] [[35mhttp[39m]: [35mGET /api/v1/masters/charger-manufacturer 304 - - 6.141 ms[39m
[2026-07-21 07:04:00:40] [[35mhttp[39m]: [35mGET /api/v1/dashboard 304 - - 538.654 ms[39m
[2026-07-21 07:04:00:40] [[35mhttp[39m]: [35mGET /api/v1/dashboard 304 - - 31.140 ms[39m
[2026-07-21 07:04:30:430] [[35mhttp[39m]: [35mGET /api/v1/auth/me 304 - - 147.885 ms[39m
[2026-07-21 07:04:30:430] [[35mhttp[39m]: [35mGET /api/v1/auth/me 304 - - 3.108 ms[39m
[2026-07-21 07:04:30:430] [[35mhttp[39m]: [35mGET /api/v1/masters/charger-manufacturer 304 - - 15.227 ms[39m
[2026-07-21 07:04:30:430] [[35mhttp[39m]: [35mGET /api/v1/masters/charger-manufacturer 304 - - 5.527 ms[39m
[2026-07-21 07:04:40:440] [[35mhttp[39m]: [35mGET /api/v1/auth/me 304 - - 3.410 ms[39m
[2026-07-21 07:04:40:440] [[35mhttp[39m]: [35mGET /api/v1/auth/me 304 - - 30.798 ms[39m
[2026-07-21 07:04:40:440] [[35mhttp[39m]: [35mGET /api/v1/masters/charger-manufacturer 304 - - 12.420 ms[39m
[2026-07-21 07:04:40:440] [[35mhttp[39m]: [35mGET /api/v1/masters/charger-manufacturer 304 - - 8.165 ms[39m
[2026-07-21 07:06:14:614] [[35mhttp[39m]: [35mGET /api/v1/dashboard 304 - - 121.919 ms[39m
[2026-07-21 07:06:14:614] [[35mhttp[39m]: [35mGET /api/v1/dashboard 304 - - 22.675 ms[39m
[2026-07-21 07:06:22:622] [[35mhttp[39m]: [35mGET /api/v1/users 304 - - 9.752 ms[39m
[2026-07-21 07:06:22:622] [[35mhttp[39m]: [35mGET /api/v1/users 304 - - 7.058 ms[39m
[2026-07-21 07:06:26:626] [[35mhttp[39m]: [35mGET /api/v1/masters/charger-manufacturer 304 - - 15.968 ms[39m
[2026-07-21 07:06:26:626] [[35mhttp[39m]: [35mGET /api/v1/masters/charger-manufacturer 304 - - 7.023 ms[39m
[2026-07-21 07:07:03:73] [[35mhttp[39m]: [35mGET /api/v1/masters/charger-manufacturer 304 - - 8.100 ms[39m
[2026-07-21 07:07:03:73] [[35mhttp[39m]: [35mGET /api/v1/masters/charger-manufacturer 304 - - 9.920 ms[39m
[2026-07-21 07:07:05:75] [[35mhttp[39m]: [35mGET /api/v1/auth/me 304 - - 2.841 ms[39m
[2026-07-21 07:07:05:75] [[35mhttp[39m]: [35mGET /api/v1/auth/me 304 - - 5.114 ms[39m
[2026-07-21 07:07:05:75] [[35mhttp[39m]: [35mGET /api/v1/masters/charger-manufacturer 304 - - 12.019 ms[39m
[2026-07-21 07:07:05:75] [[35mhttp[39m]: [35mGET /api/v1/masters/charger-manufacturer 304 - - 8.476 ms[39m
[2026-07-21 07:07:09:79] [[35mhttp[39m]: [35mGET /api/v1/masters/charger-manufacturer 304 - - 9.886 ms[39m
[2026-07-21 07:07:09:79] [[35mhttp[39m]: [35mGET /api/v1/masters/charger-model 304 - - 20.406 ms[39m
[2026-07-21 07:07:09:79] [[35mhttp[39m]: [35mGET /api/v1/masters/charger-manufacturer 304 - - 10.337 ms[39m
[2026-07-21 07:07:09:79] [[35mhttp[39m]: [35mGET /api/v1/masters/charger-model 304 - - 7.784 ms[39m
[2026-07-21 07:07:17:717] [[35mhttp[39m]: [35mGET /api/v1/masters/connector 304 - - 9.434 ms[39m
[2026-07-21 07:07:17:717] [[35mhttp[39m]: [35mGET /api/v1/masters/connector 304 - - 7.362 ms[39m
[2026-07-21 07:07:20:720] [[35mhttp[39m]: [35mGET /api/v1/masters/charger-model 304 - - 11.412 ms[39m
[2026-07-21 07:07:20:720] [[35mhttp[39m]: [35mGET /api/v1/masters/charger-manufacturer 304 - - 11.115 ms[39m
[2026-07-21 07:07:20:720] [[35mhttp[39m]: [35mGET /api/v1/masters/charger-model 304 - - 11.739 ms[39m
[2026-07-21 07:07:20:720] [[35mhttp[39m]: [35mGET /api/v1/masters/charger-manufacturer 304 - - 10.526 ms[39m
[2026-07-21 07:07:27:727] [[35mhttp[39m]: [35mGET /api/v1/masters/charger-manufacturer 304 - - 7.739 ms[39m
[2026-07-21 07:07:27:727] [[35mhttp[39m]: [35mGET /api/v1/masters/charger-manufacturer 304 - - 7.731 ms[39m
[2026-07-21 07:07:29:729] [[35mhttp[39m]: [35mGET /api/v1/masters/connector 304 - - 9.919 ms[39m
[2026-07-21 07:07:29:729] [[35mhttp[39m]: [35mGET /api/v1/masters/connector 304 - - 6.985 ms[39m
[2026-07-21 07:07:35:735] [[35mhttp[39m]: [35mGET /api/v1/masters/charger-model 304 - - 8.639 ms[39m
[2026-07-21 07:07:35:735] [[35mhttp[39m]: [35mGET /api/v1/masters/charger-manufacturer 304 - - 8.640 ms[39m
[2026-07-21 07:07:35:735] [[35mhttp[39m]: [35mGET /api/v1/masters/charger-model 304 - - 9.695 ms[39m
[2026-07-21 07:07:35:735] [[35mhttp[39m]: [35mGET /api/v1/masters/charger-manufacturer 304 - - 6.329 ms[39m
[2026-07-21 07:07:49:749] [[35mhttp[39m]: [35mGET /api/v1/masters/connector 304 - - 7.953 ms[39m
[2026-07-21 07:07:49:749] [[35mhttp[39m]: [35mGET /api/v1/masters/connector 304 - - 6.070 ms[39m
[2026-07-21 07:07:50:750] [[35mhttp[39m]: [35mGET /api/v1/masters/charger-model 304 - - 9.124 ms[39m
[2026-07-21 07:07:50:750] [[35mhttp[39m]: [35mGET /api/v1/masters/charger-manufacturer 304 - - 9.400 ms[39m
[2026-07-21 07:07:50:750] [[35mhttp[39m]: [35mGET /api/v1/masters/charger-model 304 - - 10.920 ms[39m
[2026-07-21 07:07:50:750] [[35mhttp[39m]: [35mGET /api/v1/masters/charger-manufacturer 304 - - 11.202 ms[39m
[2026-07-21 07:08:38:838] [[35mhttp[39m]: [35mGET /api/v1/masters/charger-manufacturer 304 - - 9.700 ms[39m
[2026-07-21 07:08:38:838] [[35mhttp[39m]: [35mGET /api/v1/masters/charger-manufacturer 304 - - 8.596 ms[39m
[2026-07-21 07:08:39:839] [[35mhttp[39m]: [35mGET /api/v1/masters/charger-manufacturer 304 - - 12.315 ms[39m
[2026-07-21 07:08:39:839] [[35mhttp[39m]: [35mGET /api/v1/masters/charger-model 304 - - 12.325 ms[39m
[2026-07-21 07:08:39:839] [[35mhttp[39m]: [35mGET /api/v1/masters/charger-manufacturer 304 - - 10.699 ms[39m
[2026-07-21 07:08:39:839] [[35mhttp[39m]: [35mGET /api/v1/masters/charger-model 304 - - 9.632 ms[39m
[2026-07-21 07:08:41:841] [[35mhttp[39m]: [35mGET /api/v1/masters/charger-manufacturer 304 - - 7.382 ms[39m
[2026-07-21 07:08:41:841] [[35mhttp[39m]: [35mGET /api/v1/masters/charger-manufacturer 304 - - 9.121 ms[39m
[2026-07-21 07:08:47:847] [[35mhttp[39m]: [35mGET /api/v1/masters/charger-model 304 - - 12.841 ms[39m
[2026-07-21 07:08:47:847] [[35mhttp[39m]: [35mGET /api/v1/masters/charger-manufacturer 304 - - 11.364 ms[39m
[2026-07-21 07:08:47:847] [[35mhttp[39m]: [35mGET /api/v1/masters/charger-model 304 - - 10.675 ms[39m
[2026-07-21 07:08:47:847] [[35mhttp[39m]: [35mGET /api/v1/masters/charger-manufacturer 304 - - 9.943 ms[39m
[2026-07-21 07:09:38:938] [[35mhttp[39m]: [35mGET /api/v1/masters/connector 304 - - 8.984 ms[39m
[2026-07-21 07:09:38:938] [[35mhttp[39m]: [35mGET /api/v1/masters/connector 304 - - 6.716 ms[39m
[2026-07-21 07:09:40:940] [[35mhttp[39m]: [35mGET /api/v1/masters/charger-manufacturer 304 - - 6.969 ms[39m
[2026-07-21 07:09:40:940] [[35mhttp[39m]: [35mGET /api/v1/masters/charger-manufacturer 304 - - 5.987 ms[39m
[2026-07-21 07:09:40:940] [[35mhttp[39m]: [35mGET /api/v1/masters/charger-model 304 - - 105.744 ms[39m
[2026-07-21 07:09:40:940] [[35mhttp[39m]: [35mGET /api/v1/masters/charger-model 304 - - 9.865 ms[39m
[2026-07-21 07:18:36:1836] [[35mhttp[39m]: [35mGET /api/v1/masters/connector 304 - - 76.606 ms[39m
[2026-07-21 07:18:36:1836] [[35mhttp[39m]: [35mGET /api/v1/masters/connector 304 - - 5.536 ms[39m
[2026-07-21 07:18:43:1843] [[35mhttp[39m]: [35mGET /api/v1/masters/equipment 304 - - 8.872 ms[39m
[2026-07-21 07:18:43:1843] [[35mhttp[39m]: [35mGET /api/v1/masters/equipment 304 - - 5.749 ms[39m
[2026-07-21 07:18:53:1853] [[35mhttp[39m]: [35mGET /api/v1/dashboard 304 - - 226.352 ms[39m
[2026-07-21 07:18:53:1853] [[35mhttp[39m]: [35mGET /api/v1/dashboard 304 - - 29.207 ms[39m
[2026-07-21 07:22:21:2221] [[32minfo[39m]: [32mDatabase connection established successfully.[39m
[2026-07-21 07:22:21:2221] [[32minfo[39m]: [32mServer is running in development mode on port 5000[39m
[2026-07-21 07:22:21:2221] [[32minfo[39m]: [32mDatabase connection established successfully.[39m
[2026-07-21 07:22:21:2221] [[32minfo[39m]: [32mDatabase connection established successfully.[39m
[2026-07-21 07:22:22:2222] [[32minfo[39m]: [32mDatabase connection established successfully.[39m
[2026-07-21 07:22:22:2222] [[32minfo[39m]: [32mDatabase connection established successfully.[39m
[2026-07-21 07:23:36:2336] [[35mhttp[39m]: [35mGET /api/v1/users 200 1561 - 38.876 ms[39m
[2026-07-21 07:23:36:2336] [[35mhttp[39m]: [35mGET /api/v1/users 304 - - 12.959 ms[39m
[2026-07-21 07:23:41:2341] [[35mhttp[39m]: [35mGET /api/v1/dashboard 200 249 - 352.306 ms[39m
[2026-07-21 07:23:41:2341] [[35mhttp[39m]: [35mGET /api/v1/dashboard 304 - - 27.960 ms[39m
[2026-07-21 07:23:42:2342] [[35mhttp[39m]: [35mGET /api/v1/survey-sites 200 2055 - 13.862 ms[39m
[2026-07-21 07:23:42:2342] [[35mhttp[39m]: [35mGET /api/v1/survey-sites 304 - - 9.624 ms[39m
[2026-07-21 07:23:44:2344] [[35mhttp[39m]: [35mGET /api/v1/dashboard 304 - - 30.810 ms[39m
[2026-07-21 07:23:45:2345] [[35mhttp[39m]: [35mGET /api/v1/dashboard 304 - - 21.318 ms[39m
[2026-07-21 07:23:48:2348] [[35mhttp[39m]: [35mGET /api/v1/masters/charger-manufacturer 200 2344 - 20.873 ms[39m
[2026-07-21 07:23:48:2348] [[35mhttp[39m]: [35mGET /api/v1/masters/charger-manufacturer 304 - - 8.931 ms[39m
[2026-07-21 07:23:52:2352] [[35mhttp[39m]: [35mGET /api/v1/masters/charger-manufacturer 304 - - 13.046 ms[39m
[2026-07-21 07:23:52:2352] [[35mhttp[39m]: [35mGET /api/v1/masters/charger-model 200 3039 - 11.253 ms[39m
[2026-07-21 07:23:52:2352] [[35mhttp[39m]: [35mGET /api/v1/masters/charger-manufacturer 304 - - 9.140 ms[39m
[2026-07-21 07:23:52:2352] [[35mhttp[39m]: [35mGET /api/v1/masters/charger-model 304 - - 9.524 ms[39m
[2026-07-21 07:27:23:2723] [[35mhttp[39m]: [35mGET /api/v1/auth/me 304 - - 5.423 ms[39m
[2026-07-21 07:27:23:2723] [[35mhttp[39m]: [35mGET /api/v1/auth/me 304 - - 2.979 ms[39m
[2026-07-21 07:27:23:2723] [[35mhttp[39m]: [35mGET /api/v1/masters/charger-model 304 - - 7.539 ms[39m
[2026-07-21 07:27:23:2723] [[35mhttp[39m]: [35mGET /api/v1/masters/charger-manufacturer 304 - - 10.215 ms[39m
[2026-07-21 07:27:23:2723] [[35mhttp[39m]: [35mGET /api/v1/masters/charger-model 304 - - 8.460 ms[39m
[2026-07-21 07:27:23:2723] [[35mhttp[39m]: [35mGET /api/v1/masters/charger-manufacturer 304 - - 82.820 ms[39m
[2026-07-21 07:27:24:2724] [[35mhttp[39m]: [35mGET /api/v1/masters/charger-manufacturer 304 - - 7.501 ms[39m
[2026-07-21 07:27:24:2724] [[35mhttp[39m]: [35mGET /api/v1/masters/charger-manufacturer 304 - - 9.824 ms[39m
[2026-07-21 07:27:25:2725] [[35mhttp[39m]: [35mGET /api/v1/masters/equipment 200 16539 - 16.576 ms[39m
[2026-07-21 07:27:25:2725] [[35mhttp[39m]: [35mGET /api/v1/masters/equipment 304 - - 11.775 ms[39m
[2026-07-21 07:27:28:2728] [[35mhttp[39m]: [35mGET /api/v1/masters/charger-manufacturer 304 - - 14.361 ms[39m
[2026-07-21 07:27:28:2728] [[35mhttp[39m]: [35mGET /api/v1/masters/charger-manufacturer 304 - - 9.264 ms[39m
[2026-07-21 07:27:37:2737] [[35mhttp[39m]: [35mGET /api/v1/masters/equipment 304 - - 15.854 ms[39m
[2026-07-21 07:27:37:2737] [[35mhttp[39m]: [35mGET /api/v1/masters/equipment 304 - - 12.664 ms[39m
[2026-07-21 07:33:11:3311] [[35mhttp[39m]: [35mGET /api/v1/masters/charger-manufacturer 304 - - 130.576 ms[39m
[2026-07-21 07:33:11:3311] [[35mhttp[39m]: [35mGET /api/v1/masters/charger-manufacturer 304 - - 10.406 ms[39m
[2026-07-21 07:33:13:3313] [[35mhttp[39m]: [35mGET /api/v1/dashboard 304 - - 340.418 ms[39m
[2026-07-21 07:33:13:3313] [[35mhttp[39m]: [35mGET /api/v1/dashboard 304 - - 19.042 ms[39m
[2026-07-21 07:33:23:3323] [[35mhttp[39m]: [35mGET /api/v1/users 304 - - 12.040 ms[39m
[2026-07-21 07:33:23:3323] [[35mhttp[39m]: [35mGET /api/v1/users 304 - - 16.422 ms[39m
[2026-07-21 07:33:24:3324] [[35mhttp[39m]: [35mGET /api/v1/dashboard 304 - - 31.386 ms[39m
[2026-07-21 07:33:24:3324] [[35mhttp[39m]: [35mGET /api/v1/dashboard 304 - - 30.324 ms[39m
[2026-07-21 07:33:33:3333] [[35mhttp[39m]: [35mGET /api/v1/survey 200 79 - 10.726 ms[39m
[2026-07-21 07:33:33:3333] [[35mhttp[39m]: [35mGET /api/v1/survey 304 - - 23.359 ms[39m
[2026-07-21 07:33:34:3334] [[35mhttp[39m]: [35mGET /api/v1/masters/charger-manufacturer 304 - - 29.265 ms[39m
[2026-07-21 07:33:34:3334] [[35mhttp[39m]: [35mGET /api/v1/masters/charger-manufacturer 304 - - 15.148 ms[39m
[2026-07-21 07:33:35:3335] [[35mhttp[39m]: [35mGET /api/v1/survey-sites 304 - - 14.832 ms[39m
[2026-07-21 07:33:35:3335] [[35mhttp[39m]: [35mGET /api/v1/survey-sites 304 - - 17.287 ms[39m
[2026-07-21 07:33:36:3336] [[35mhttp[39m]: [35mGET /api/v1/users 304 - - 9.816 ms[39m
[2026-07-21 07:33:36:3336] [[35mhttp[39m]: [35mGET /api/v1/users 304 - - 9.864 ms[39m
[2026-07-21 07:33:37:3337] [[35mhttp[39m]: [35mGET /api/v1/dashboard 304 - - 33.713 ms[39m
[2026-07-21 07:33:37:3337] [[35mhttp[39m]: [35mGET /api/v1/dashboard 304 - - 27.458 ms[39m
[2026-07-21 07:34:27:3427] [[35mhttp[39m]: [35mGET /api/v1/users 304 - - 14.978 ms[39m
[2026-07-21 07:34:27:3427] [[35mhttp[39m]: [35mGET /api/v1/users 304 - - 11.414 ms[39m
[2026-07-21 07:34:29:3429] [[35mhttp[39m]: [35mGET /api/v1/dashboard 304 - - 24.528 ms[39m
[2026-07-21 07:34:29:3429] [[35mhttp[39m]: [35mGET /api/v1/dashboard 304 - - 23.238 ms[39m
[2026-07-21 12:36:34:3634] [[35mhttp[39m]: [35mGET /api/v1/auth/me 304 - - 229.053 ms[39m
[2026-07-21 12:36:34:3634] [[35mhttp[39m]: [35mGET /api/v1/auth/me 304 - - 3.015 ms[39m
[2026-07-21 12:36:34:3634] [[35mhttp[39m]: [35mGET /api/v1/dashboard 304 - - 302.937 ms[39m
[2026-07-21 12:36:34:3634] [[35mhttp[39m]: [35mGET /api/v1/dashboard 304 - - 23.531 ms[39m
[2026-07-21 12:37:35:3735] [[35mhttp[39m]: [35mGET /api/v1/auth/me 304 - - 10.759 ms[39m
[2026-07-21 12:37:35:3735] [[35mhttp[39m]: [35mGET /api/v1/auth/me 304 - - 2.982 ms[39m
[2026-07-21 12:37:35:3735] [[35mhttp[39m]: [35mGET /api/v1/dashboard 200 249 - 52.424 ms[39m
[2026-07-21 12:37:35:3735] [[35mhttp[39m]: [35mGET /api/v1/dashboard 304 - - 58.893 ms[39m
[2026-07-21 12:37:37:3737] [[35mhttp[39m]: [35mGET /api/v1/users 304 - - 8.748 ms[39m
[2026-07-21 12:37:37:3737] [[35mhttp[39m]: [35mGET /api/v1/users 304 - - 7.494 ms[39m
[2026-07-21 12:37:39:3739] [[35mhttp[39m]: [35mGET /api/v1/survey-sites 304 - - 5.557 ms[39m
[2026-07-21 12:37:39:3739] [[35mhttp[39m]: [35mGET /api/v1/survey-sites 304 - - 6.671 ms[39m
[2026-07-21 12:37:40:3740] [[35mhttp[39m]: [35mGET /api/v1/masters/charger-manufacturer 304 - - 22.785 ms[39m
[2026-07-21 12:37:40:3740] [[35mhttp[39m]: [35mGET /api/v1/masters/charger-manufacturer 304 - - 9.580 ms[39m
[2026-07-21 12:37:42:3742] [[35mhttp[39m]: [35mGET /api/v1/masters/equipment 304 - - 18.206 ms[39m
[2026-07-21 12:37:42:3742] [[35mhttp[39m]: [35mGET /api/v1/masters/equipment 304 - - 14.429 ms[39m
[2026-07-21 12:38:02:382] [[32minfo[39m]: [32mDatabase connection established successfully.[39m
[2026-07-21 12:38:02:382] [[32minfo[39m]: [32mServer is running in development mode on port 5000[39m
[2026-07-21 12:38:02:382] [[35mhttp[39m]: [35mGET /api/v1/masters/charger-manufacturer 304 - - 67.044 ms[39m
[2026-07-21 12:38:02:382] [[35mhttp[39m]: [35mGET /api/v1/masters/charger-manufacturer 304 - - 44.694 ms[39m
[2026-07-21 12:38:04:384] [[32minfo[39m]: [32mDatabase connection established successfully.[39m
[2026-07-21 12:38:04:384] [[32minfo[39m]: [32mDatabase connection established successfully.[39m
[2026-07-21 12:38:05:385] [[32minfo[39m]: [32mDatabase connection established successfully.[39m
[2026-07-21 12:38:05:385] [[32minfo[39m]: [32mDatabase connection established successfully.[39m
[2026-07-21 12:38:08:388] [[35mhttp[39m]: [35mGET /api/v1/masters/charger-model 304 - - 14.144 ms[39m
[2026-07-21 12:38:08:388] [[35mhttp[39m]: [35mGET /api/v1/masters/charger-model 304 - - 8.998 ms[39m
[2026-07-21 12:38:09:389] [[35mhttp[39m]: [35mGET /api/v1/masters/charger-manufacturer 304 - - 104.159 ms[39m
[2026-07-21 12:38:09:389] [[35mhttp[39m]: [35mGET /api/v1/masters/charger-manufacturer 304 - - 12.437 ms[39m
[2026-07-21 12:56:23:5623] [[35mhttp[39m]: [35mGET /api/v1/auth/me 304 - - 214.468 ms[39m
[2026-07-21 12:56:23:5623] [[35mhttp[39m]: [35mGET /api/v1/auth/me 304 - - 6.801 ms[39m
[2026-07-21 12:56:24:5624] [[35mhttp[39m]: [35mGET /api/v1/masters/charger-model 304 - - 24.074 ms[39m
[2026-07-21 12:56:24:5624] [[35mhttp[39m]: [35mGET /api/v1/masters/charger-model 304 - - 10.367 ms[39m
[2026-07-21 12:56:24:5624] [[35mhttp[39m]: [35mGET /api/v1/masters/charger-manufacturer 304 - - 131.637 ms[39m
[2026-07-21 12:56:24:5624] [[35mhttp[39m]: [35mGET /api/v1/masters/charger-manufacturer 304 - - 7.767 ms[39m
[2026-07-21 13:02:43:243] [[35mhttp[39m]: [35mGET /api/v1/auth/me 304 - - 80.334 ms[39m
[2026-07-21 13:02:43:243] [[35mhttp[39m]: [35mGET /api/v1/auth/me 304 - - 2.694 ms[39m
[2026-07-21 13:02:43:243] [[35mhttp[39m]: [35mGET /api/v1/dashboard 304 - - 281.001 ms[39m
[2026-07-21 13:02:43:243] [[35mhttp[39m]: [35mGET /api/v1/dashboard 304 - - 23.702 ms[39m
[2026-07-21 13:09:11:911] [[35mhttp[39m]: [35mGET /api/v1/masters/charger-manufacturer 304 - - 97.055 ms[39m
[2026-07-21 13:09:11:911] [[35mhttp[39m]: [35mGET /api/v1/masters/charger-manufacturer 304 - - 6.345 ms[39m
[2026-07-21 13:09:12:912] [[35mhttp[39m]: [35mGET /api/v1/masters/charger-manufacturer 304 - - 7.450 ms[39m
[2026-07-21 13:09:12:912] [[35mhttp[39m]: [35mGET /api/v1/masters/charger-manufacturer 304 - - 7.739 ms[39m
[2026-07-21 13:09:12:912] [[35mhttp[39m]: [35mGET /api/v1/masters/charger-model 304 - - 128.681 ms[39m
[2026-07-21 13:09:12:912] [[35mhttp[39m]: [35mGET /api/v1/masters/charger-model 304 - - 5.898 ms[39m
[2026-07-21 13:09:14:914] [[35mhttp[39m]: [35mGET /api/v1/masters/connector 304 - - 12.118 ms[39m
[2026-07-21 13:09:14:914] [[35mhttp[39m]: [35mGET /api/v1/masters/connector 304 - - 5.895 ms[39m
[2026-07-21 13:09:30:930] [[35mhttp[39m]: [35mPOST /api/v1/auth/login 200 698 - 257.200 ms[39m
[2026-07-21 13:09:30:930] [[35mhttp[39m]: [35mGET /api/v1/dashboard 304 - - 210.319 ms[39m
[2026-07-21 13:09:30:930] [[35mhttp[39m]: [35mGET /api/v1/dashboard 304 - - 19.277 ms[39m
[2026-07-21 13:09:33:933] [[35mhttp[39m]: [35mGET /api/v1/masters/charger-manufacturer 304 - - 9.370 ms[39m
[2026-07-21 13:09:33:933] [[35mhttp[39m]: [35mGET /api/v1/masters/charger-manufacturer 304 - - 12.233 ms[39m
[2026-07-21 13:09:36:936] [[35mhttp[39m]: [35mGET /api/v1/masters/equipment 304 - - 20.964 ms[39m
[2026-07-21 13:09:36:936] [[35mhttp[39m]: [35mGET /api/v1/masters/equipment 304 - - 14.763 ms[39m
[2026-07-21 13:09:38:938] [[35mhttp[39m]: [35mGET /api/v1/masters/connector 304 - - 4.973 ms[39m
[2026-07-21 13:09:38:938] [[35mhttp[39m]: [35mGET /api/v1/masters/connector 304 - - 6.431 ms[39m
[2026-07-21 13:09:38:938] [[35mhttp[39m]: [35mGET /api/v1/masters/charger-manufacturer 304 - - 6.606 ms[39m
[2026-07-21 13:09:38:938] [[35mhttp[39m]: [35mGET /api/v1/masters/charger-model 304 - - 24.960 ms[39m
[2026-07-21 13:09:38:938] [[35mhttp[39m]: [35mGET /api/v1/masters/charger-manufacturer 304 - - 8.184 ms[39m
[2026-07-21 13:09:38:938] [[35mhttp[39m]: [35mGET /api/v1/masters/charger-model 304 - - 60.126 ms[39m
[2026-07-21 13:09:49:949] [[35mhttp[39m]: [35mGET /api/v1/masters/charger-manufacturer 304 - - 10.038 ms[39m
[2026-07-21 13:09:49:949] [[35mhttp[39m]: [35mGET /api/v1/masters/charger-manufacturer 304 - - 8.639 ms[39m
[2026-07-21 13:09:52:952] [[35mhttp[39m]: [35mGET /api/v1/masters/charger-manufacturer 304 - - 6.980 ms[39m
[2026-07-21 13:09:52:952] [[35mhttp[39m]: [35mGET /api/v1/masters/charger-model 304 - - 17.096 ms[39m
[2026-07-21 13:09:52:952] [[35mhttp[39m]: [35mGET /api/v1/masters/charger-manufacturer 304 - - 10.009 ms[39m
[2026-07-21 13:09:52:952] [[35mhttp[39m]: [35mGET /api/v1/masters/charger-model 304 - - 7.221 ms[39m
[2026-07-21 13:10:14:1014] [[35mhttp[39m]: [35mGET /api/v1/masters/connector 304 - - 13.748 ms[39m
[2026-07-21 13:10:14:1014] [[35mhttp[39m]: [35mGET /api/v1/masters/connector 304 - - 7.549 ms[39m
[2026-07-21 13:10:17:1017] [[35mhttp[39m]: [35mGET /api/v1/masters/photo-category 200 1753 - 11.932 ms[39m
[2026-07-21 13:10:17:1017] [[35mhttp[39m]: [35mGET /api/v1/masters/photo-category 304 - - 6.313 ms[39m
[2026-07-21 13:10:27:1027] [[35mhttp[39m]: [35mGET /api/v1/masters/equipment 304 - - 13.143 ms[39m
[2026-07-21 13:10:27:1027] [[35mhttp[39m]: [35mGET /api/v1/masters/equipment 304 - - 11.561 ms[39m
[2026-07-21 13:10:30:1030] [[35mhttp[39m]: [35mGET /api/v1/masters/equipment 304 - - 13.469 ms[39m
[2026-07-21 13:10:30:1030] [[35mhttp[39m]: [35mGET /api/v1/masters/equipment 304 - - 12.829 ms[39m
[2026-07-21 13:10:41:1041] [[35mhttp[39m]: [35mGET /api/v1/masters/equipment 304 - - 10.817 ms[39m
[2026-07-21 13:10:41:1041] [[35mhttp[39m]: [35mGET /api/v1/masters/equipment 304 - - 14.171 ms[39m
[2026-07-21 13:10:43:1043] [[35mhttp[39m]: [35mGET /api/v1/masters/equipment 304 - - 15.471 ms[39m
[2026-07-21 13:10:43:1043] [[35mhttp[39m]: [35mGET /api/v1/masters/equipment 304 - - 12.669 ms[39m
[2026-07-21 13:10:46:1046] [[35mhttp[39m]: [35mGET /api/v1/masters/equipment 304 - - 11.280 ms[39m
[2026-07-21 13:10:46:1046] [[35mhttp[39m]: [35mGET /api/v1/masters/equipment 304 - - 11.099 ms[39m
[2026-07-21 13:10:54:1054] [[35mhttp[39m]: [35mGET /api/v1/masters/equipment 304 - - 11.312 ms[39m
[2026-07-21 13:10:54:1054] [[35mhttp[39m]: [35mGET /api/v1/masters/equipment 304 - - 14.019 ms[39m
[2026-07-21 13:12:41:1241] [[35mhttp[39m]: [35mGET /api/v1/masters/charger-manufacturer 304 - - 11.018 ms[39m
[2026-07-21 13:12:41:1241] [[35mhttp[39m]: [35mGET /api/v1/masters/charger-manufacturer 304 - - 11.249 ms[39m
[2026-07-21 13:12:46:1246] [[35mhttp[39m]: [35mGET /api/v1/masters/equipment 304 - - 14.157 ms[39m
[2026-07-21 13:12:46:1246] [[35mhttp[39m]: [35mGET /api/v1/masters/equipment 304 - - 12.070 ms[39m
[2026-07-21 13:13:09:139] [[35mhttp[39m]: [35mGET /api/v1/masters/equipment 304 - - 9.879 ms[39m
[2026-07-21 13:13:09:139] [[35mhttp[39m]: [35mGET /api/v1/masters/equipment 304 - - 13.355 ms[39m
[2026-07-21 13:13:27:1327] [[35mhttp[39m]: [35mGET /api/v1/masters/charger-manufacturer 304 - - 9.319 ms[39m
[2026-07-21 13:13:27:1327] [[35mhttp[39m]: [35mGET /api/v1/masters/charger-manufacturer 304 - - 6.667 ms[39m
[2026-07-21 13:13:32:1332] [[35mhttp[39m]: [35mGET /api/v1/masters/charger-model 304 - - 12.189 ms[39m
[2026-07-21 13:13:32:1332] [[35mhttp[39m]: [35mGET /api/v1/masters/charger-manufacturer 304 - - 12.085 ms[39m
[2026-07-21 13:13:32:1332] [[35mhttp[39m]: [35mGET /api/v1/masters/charger-model 304 - - 11.961 ms[39m
[2026-07-21 13:13:32:1332] [[35mhttp[39m]: [35mGET /api/v1/masters/charger-manufacturer 304 - - 19.863 ms[39m
[2026-07-21 13:13:42:1342] [[35mhttp[39m]: [35mGET /api/v1/masters/connector 304 - - 6.492 ms[39m
[2026-07-21 13:13:42:1342] [[35mhttp[39m]: [35mGET /api/v1/masters/connector 304 - - 8.878 ms[39m
[2026-07-21 13:13:50:1350] [[35mhttp[39m]: [35mGET /api/v1/masters/photo-category 304 - - 8.204 ms[39m
[2026-07-21 13:13:50:1350] [[35mhttp[39m]: [35mGET /api/v1/masters/photo-category 304 - - 6.352 ms[39m
[2026-07-21 13:13:51:1351] [[35mhttp[39m]: [35mGET /api/v1/masters/connector 304 - - 4.499 ms[39m
[2026-07-21 13:13:51:1351] [[35mhttp[39m]: [35mGET /api/v1/masters/connector 304 - - 10.272 ms[39m
[2026-07-21 13:13:52:1352] [[35mhttp[39m]: [35mGET /api/v1/masters/charger-model 304 - - 7.988 ms[39m
[2026-07-21 13:13:52:1352] [[35mhttp[39m]: [35mGET /api/v1/masters/charger-manufacturer 304 - - 7.112 ms[39m
[2026-07-21 13:13:52:1352] [[35mhttp[39m]: [35mGET /api/v1/masters/charger-model 304 - - 10.128 ms[39m
[2026-07-21 13:13:52:1352] [[35mhttp[39m]: [35mGET /api/v1/masters/charger-manufacturer 304 - - 10.187 ms[39m
[2026-07-21 13:16:16:1616] [[35mhttp[39m]: [35mGET /api/v1/dashboard 304 - - 377.332 ms[39m
[2026-07-21 13:16:16:1616] [[35mhttp[39m]: [35mGET /api/v1/dashboard 304 - - 16.894 ms[39m
[2026-07-21 13:16:18:1618] [[35mhttp[39m]: [35mGET /api/v1/masters/charger-manufacturer 304 - - 18.141 ms[39m
[2026-07-21 13:16:18:1618] [[35mhttp[39m]: [35mGET /api/v1/masters/charger-manufacturer 304 - - 10.204 ms[39m
[2026-07-21 13:16:20:1620] [[35mhttp[39m]: [35mGET /api/v1/dashboard 304 - - 20.676 ms[39m
[2026-07-21 13:16:20:1620] [[35mhttp[39m]: [35mGET /api/v1/dashboard 304 - - 25.289 ms[39m
[2026-07-21 13:16:56:1656] [[32minfo[39m]: [32mDatabase connection established successfully.[39m
[2026-07-21 13:16:56:1656] [[32minfo[39m]: [32mServer is running in development mode on port 5000[39m
[2026-07-21 13:16:56:1656] [[32minfo[39m]: [32mDatabase connection established successfully.[39m
[2026-07-21 13:16:56:1656] [[32minfo[39m]: [32mDatabase connection established successfully.[39m
[2026-07-21 13:16:56:1656] [[32minfo[39m]: [32mDatabase connection established successfully.[39m
[2026-07-21 13:16:56:1656] [[32minfo[39m]: [32mDatabase connection established successfully.[39m
[2026-07-21 13:18:27:1827] [[35mhttp[39m]: [35mGET /api/v1/masters/equipment 200 18735 - 53.977 ms[39m
[2026-07-21 13:18:27:1827] [[35mhttp[39m]: [35mGET /api/v1/masters/equipment 304 - - 30.685 ms[39m
[2026-07-21 13:18:29:1829] [[35mhttp[39m]: [35mGET /api/v1/masters/equipment 304 - - 17.301 ms[39m
[2026-07-21 13:18:29:1829] [[35mhttp[39m]: [35mGET /api/v1/masters/equipment 304 - - 15.224 ms[39m
[2026-07-21 13:20:06:206] [[35mhttp[39m]: [35mGET /api/v1/masters/charger-manufacturer 200 2344 - 22.753 ms[39m
[2026-07-21 13:20:06:206] [[35mhttp[39m]: [35mGET /api/v1/masters/charger-manufacturer 304 - - 7.808 ms[39m
[2026-07-21 13:20:14:2014] [[35mhttp[39m]: [35mGET /api/v1/masters/charger-model 200 3039 - 13.646 ms[39m
[2026-07-21 13:20:14:2014] [[35mhttp[39m]: [35mGET /api/v1/masters/charger-model 304 - - 10.286 ms[39m
[2026-07-21 13:20:14:2014] [[35mhttp[39m]: [35mGET /api/v1/masters/charger-manufacturer 304 - - 151.933 ms[39m
[2026-07-21 13:20:14:2014] [[35mhttp[39m]: [35mGET /api/v1/masters/charger-manufacturer 304 - - 14.216 ms[39m
[2026-07-21 13:20:22:2022] [[35mhttp[39m]: [35mGET /api/v1/masters/equipment 304 - - 17.931 ms[39m
[2026-07-21 13:20:22:2022] [[35mhttp[39m]: [35mGET /api/v1/masters/equipment 304 - - 12.444 ms[39m
[2026-07-21 13:20:28:2028] [[35mhttp[39m]: [35mGET /api/v1/masters/equipment 304 - - 14.004 ms[39m
[2026-07-21 13:20:28:2028] [[35mhttp[39m]: [35mGET /api/v1/masters/equipment 304 - - 14.198 ms[39m
[2026-07-21 13:20:29:2029] [[35mhttp[39m]: [35mGET /api/v1/masters/charger-manufacturer 304 - - 10.466 ms[39m
[2026-07-21 13:20:29:2029] [[35mhttp[39m]: [35mGET /api/v1/masters/charger-manufacturer 304 - - 8.509 ms[39m
[2026-07-21 13:20:34:2034] [[35mhttp[39m]: [35mGET /api/v1/masters/charger-manufacturer 304 - - 12.675 ms[39m
[2026-07-21 13:20:34:2034] [[35mhttp[39m]: [35mGET /api/v1/masters/charger-model 304 - - 18.711 ms[39m
[2026-07-21 13:20:34:2034] [[35mhttp[39m]: [35mGET /api/v1/masters/charger-manufacturer 304 - - 14.259 ms[39m
[2026-07-21 13:20:34:2034] [[35mhttp[39m]: [35mGET /api/v1/masters/charger-model 304 - - 13.806 ms[39m
[2026-07-21 13:21:08:218] [[35mhttp[39m]: [35mGET /api/v1/masters/connector 304 - - 14.488 ms[39m
[2026-07-21 13:21:08:218] [[35mhttp[39m]: [35mGET /api/v1/masters/connector 304 - - 5.146 ms[39m
[2026-07-21 13:21:16:2116] [[35mhttp[39m]: [35mGET /api/v1/masters/photo-category 200 1753 - 13.868 ms[39m
[2026-07-21 13:21:16:2116] [[35mhttp[39m]: [35mGET /api/v1/masters/photo-category 304 - - 8.603 ms[39m
[2026-07-21 13:21:39:2139] [[35mhttp[39m]: [35mGET /api/v1/masters/connector 304 - - 9.039 ms[39m
[2026-07-21 13:21:39:2139] [[35mhttp[39m]: [35mGET /api/v1/masters/connector 304 - - 5.953 ms[39m
[2026-07-21 13:22:10:2210] [[35mhttp[39m]: [35mGET /api/v1/masters/charger-manufacturer 304 - - 12.324 ms[39m
[2026-07-21 13:22:10:2210] [[35mhttp[39m]: [35mGET /api/v1/masters/charger-manufacturer 304 - - 7.634 ms[39m
[2026-07-21 13:22:10:2210] [[35mhttp[39m]: [35mGET /api/v1/masters/charger-model 304 - - 132.632 ms[39m
[2026-07-21 13:22:10:2210] [[35mhttp[39m]: [35mGET /api/v1/masters/charger-model 304 - - 6.282 ms[39m
[2026-07-21 13:22:18:2218] [[35mhttp[39m]: [35mGET /api/v1/masters/charger-manufacturer 304 - - 10.244 ms[39m
[2026-07-21 13:22:18:2218] [[35mhttp[39m]: [35mGET /api/v1/masters/charger-manufacturer 304 - - 9.989 ms[39m
[2026-07-21 13:22:19:2219] [[35mhttp[39m]: [35mGET /api/v1/masters/equipment 304 - - 18.514 ms[39m
[2026-07-21 13:22:19:2219] [[35mhttp[39m]: [35mGET /api/v1/masters/equipment 304 - - 13.739 ms[39m
[2026-07-21 13:24:41:2441] [[35mhttp[39m]: [35mPOST /api/v1/masters/equipment 201 268 - 22.780 ms[39m
[2026-07-21 13:24:41:2441] [[35mhttp[39m]: [35mGET /api/v1/masters/equipment 200 18923 - 8.378 ms[39m
[2026-07-21 13:24:57:2457] [[35mhttp[39m]: [35mDELETE /api/v1/masters/equipment/badb87db-4b8f-4ee0-98be-2e3b692e8ccd 200 69 - 15.657 ms[39m
[2026-07-21 13:24:57:2457] [[35mhttp[39m]: [35mGET /api/v1/masters/equipment 200 18735 - 14.140 ms[39m
[2026-07-21 13:25:30:2530] [[35mhttp[39m]: [35mPOST /api/v1/masters/equipment 201 270 - 22.048 ms[39m
[2026-07-21 13:25:30:2530] [[35mhttp[39m]: [35mGET /api/v1/masters/equipment 200 18925 - 14.572 ms[39m
[2026-07-21 13:25:32:2532] [[35mhttp[39m]: [35mDELETE /api/v1/masters/equipment/f1633d4d-2a77-4b34-94a9-85ccf1d09199 200 69 - 25.614 ms[39m
[2026-07-21 13:25:32:2532] [[35mhttp[39m]: [35mGET /api/v1/masters/equipment 200 18735 - 16.855 ms[39m
[2026-07-21 13:25:59:2559] [[35mhttp[39m]: [35mGET /api/v1/masters/charger-manufacturer 304 - - 14.142 ms[39m
[2026-07-21 13:25:59:2559] [[35mhttp[39m]: [35mGET /api/v1/masters/charger-manufacturer 304 - - 12.775 ms[39m
[2026-07-21 13:26:02:262] [[35mhttp[39m]: [35mGET /api/v1/masters/equipment 304 - - 13.377 ms[39m
[2026-07-21 13:26:02:262] [[35mhttp[39m]: [35mGET /api/v1/masters/equipment 304 - - 13.995 ms[39m
[2026-07-21 13:26:12:2612] [[35mhttp[39m]: [35mGET /api/v1/users 200 1561 - 13.165 ms[39m
[2026-07-21 13:26:12:2612] [[35mhttp[39m]: [35mGET /api/v1/users 304 - - 10.695 ms[39m
[2026-07-21 13:26:15:2615] [[35mhttp[39m]: [35mGET /api/v1/survey-sites 200 2055 - 12.402 ms[39m
[2026-07-21 13:26:15:2615] [[35mhttp[39m]: [35mGET /api/v1/survey-sites 304 - - 9.957 ms[39m
[2026-07-21 13:26:23:2623] [[35mhttp[39m]: [35mGET /api/v1/masters/equipment 304 - - 11.015 ms[39m
[2026-07-21 13:26:23:2623] [[35mhttp[39m]: [35mGET /api/v1/masters/equipment 304 - - 13.780 ms[39m
[2026-07-21 13:26:30:2630] [[35mhttp[39m]: [35mGET /api/v1/masters/charger-manufacturer 304 - - 11.338 ms[39m
[2026-07-21 13:26:30:2630] [[35mhttp[39m]: [35mGET /api/v1/masters/charger-manufacturer 304 - - 8.868 ms[39m
[2026-07-21 13:26:30:2630] [[35mhttp[39m]: [35mGET /api/v1/masters/charger-model 304 - - 143.365 ms[39m
[2026-07-21 13:26:30:2630] [[35mhttp[39m]: [35mGET /api/v1/masters/charger-model 304 - - 13.664 ms[39m
[2026-07-21 13:26:59:2659] [[35mhttp[39m]: [35mGET /api/v1/masters/charger-manufacturer 304 - - 10.341 ms[39m
[2026-07-21 13:26:59:2659] [[35mhttp[39m]: [35mGET /api/v1/masters/charger-manufacturer 304 - - 7.936 ms[39m
[2026-07-21 13:27:03:273] [[35mhttp[39m]: [35mGET /api/v1/masters/charger-model 304 - - 12.316 ms[39m
[2026-07-21 13:27:03:273] [[35mhttp[39m]: [35mGET /api/v1/masters/charger-model 304 - - 7.590 ms[39m
[2026-07-21 13:27:03:273] [[35mhttp[39m]: [35mGET /api/v1/masters/charger-manufacturer 304 - - 125.791 ms[39m
[2026-07-21 13:27:03:273] [[35mhttp[39m]: [35mGET /api/v1/masters/charger-manufacturer 304 - - 11.010 ms[39m
[2026-07-21 13:27:18:2718] [[35mhttp[39m]: [35mGET /api/v1/masters/connector 304 - - 11.992 ms[39m
[2026-07-21 13:27:19:2719] [[35mhttp[39m]: [35mGET /api/v1/masters/connector 304 - - 7.180 ms[39m
[2026-07-21 13:27:21:2721] [[35mhttp[39m]: [35mGET /api/v1/masters/equipment 304 - - 23.223 ms[39m
[2026-07-21 13:27:21:2721] [[35mhttp[39m]: [35mGET /api/v1/masters/equipment 304 - - 13.412 ms[39m
[2026-07-21 13:27:23:2723] [[35mhttp[39m]: [35mGET /api/v1/masters/equipment 304 - - 15.980 ms[39m
[2026-07-21 13:27:23:2723] [[35mhttp[39m]: [35mGET /api/v1/masters/equipment 304 - - 14.836 ms[39m
[2026-07-21 13:40:33:4033] [[35mhttp[39m]: [35mGET /api/v1/masters/equipment 304 - - 83.121 ms[39m
[2026-07-21 13:41:19:4119] [[35mhttp[39m]: [35mPOST /api/v1/masters/equipment 201 271 - 11.513 ms[39m
[2026-07-21 13:41:19:4119] [[35mhttp[39m]: [35mGET /api/v1/masters/equipment 200 18926 - 13.649 ms[39m
[2026-07-21 13:41:35:4135] [[35mhttp[39m]: [35mPOST /api/v1/masters/equipment 201 271 - 20.634 ms[39m
[2026-07-21 13:41:35:4135] [[35mhttp[39m]: [35mGET /api/v1/masters/equipment 200 19117 - 11.107 ms[39m
[2026-07-21 13:41:58:4158] [[35mhttp[39m]: [35mPOST /api/v1/masters/equipment 201 276 - 23.740 ms[39m
[2026-07-21 13:41:58:4158] [[35mhttp[39m]: [35mGET /api/v1/masters/equipment 200 19313 - 15.743 ms[39m
[2026-07-21 13:42:00:420] [[35mhttp[39m]: [35mDELETE /api/v1/masters/equipment/f213385a-89dd-4f8d-9480-ea695e30e64f 200 69 - 31.598 ms[39m
[2026-07-21 13:42:00:420] [[35mhttp[39m]: [35mGET /api/v1/masters/equipment 200 19117 - 14.622 ms[39m
[2026-07-21 13:42:07:427] [[35mhttp[39m]: [35mPOST /api/v1/masters/equipment 201 277 - 22.865 ms[39m
[2026-07-21 13:42:07:427] [[35mhttp[39m]: [35mGET /api/v1/masters/equipment 200 19314 - 14.295 ms[39m
[2026-07-21 13:42:08:428] [[35mhttp[39m]: [35mDELETE /api/v1/masters/equipment/67597246-b6f6-442b-bce3-32405f0075f1 200 69 - 29.893 ms[39m
[2026-07-21 13:42:08:428] [[35mhttp[39m]: [35mGET /api/v1/masters/equipment 200 19117 - 16.023 ms[39m
[2026-07-21 13:42:26:4226] [[35mhttp[39m]: [35mPOST /api/v1/masters/equipment 201 261 - 25.185 ms[39m
[2026-07-21 13:42:26:4226] [[35mhttp[39m]: [35mGET /api/v1/masters/equipment 200 19298 - 15.119 ms[39m
[2026-07-21 13:42:29:4229] [[35mhttp[39m]: [35mDELETE /api/v1/masters/equipment/f95b7add-b849-4f5a-8217-a487f20c566e 200 69 - 11.320 ms[39m
[2026-07-21 13:42:29:4229] [[35mhttp[39m]: [35mGET /api/v1/masters/equipment 200 19117 - 10.161 ms[39m
[2026-07-21 13:42:43:4243] [[35mhttp[39m]: [35mPOST /api/v1/masters/equipment 201 275 - 26.839 ms[39m
[2026-07-21 13:42:43:4243] [[35mhttp[39m]: [35mGET /api/v1/masters/equipment 200 19312 - 12.469 ms[39m
[2026-07-21 13:42:46:4246] [[35mhttp[39m]: [35mDELETE /api/v1/masters/equipment/4a4e78f9-9e60-4038-87cd-17067e414c27 200 69 - 27.193 ms[39m
[2026-07-21 13:42:46:4246] [[35mhttp[39m]: [35mGET /api/v1/masters/equipment 200 19117 - 18.946 ms[39m
[2026-07-21 13:42:50:4250] [[35mhttp[39m]: [35mPOST /api/v1/masters/equipment 201 271 - 27.642 ms[39m
[2026-07-21 13:42:50:4250] [[35mhttp[39m]: [35mGET /api/v1/masters/equipment 200 19308 - 15.703 ms[39m
[2026-07-21 13:42:54:4254] [[35mhttp[39m]: [35mPOST /api/v1/masters/equipment 400 142 - 23.517 ms[39m
[2026-07-21 13:43:02:432] [[35mhttp[39m]: [35mDELETE /api/v1/masters/equipment/239e9b7f-48d2-450d-bd7b-073bc4487979 200 69 - 24.083 ms[39m
[2026-07-21 13:43:02:432] [[35mhttp[39m]: [35mGET /api/v1/masters/equipment 200 19117 - 19.027 ms[39m
[2026-07-21 14:00:07:07] [[35mhttp[39m]: [35mGET /api/v1/masters/charger-manufacturer 304 - - 114.829 ms[39m
[2026-07-21 14:00:08:08] [[35mhttp[39m]: [35mGET /api/v1/masters/charger-manufacturer 304 - - 7.745 ms[39m
[2026-07-21 14:00:13:013] [[35mhttp[39m]: [35mGET /api/v1/masters/charger-manufacturer 304 - - 8.484 ms[39m
[2026-07-21 14:00:13:013] [[35mhttp[39m]: [35mGET /api/v1/masters/charger-manufacturer 304 - - 6.477 ms[39m
[2026-07-21 14:00:13:013] [[35mhttp[39m]: [35mGET /api/v1/masters/charger-model 304 - - 136.316 ms[39m
[2026-07-21 14:00:14:014] [[35mhttp[39m]: [35mGET /api/v1/masters/charger-model 304 - - 8.340 ms[39m
[2026-07-21 14:00:34:034] [[35mhttp[39m]: [35mGET /api/v1/masters/connector 304 - - 12.473 ms[39m
[2026-07-21 14:00:34:034] [[35mhttp[39m]: [35mGET /api/v1/masters/connector 304 - - 9.997 ms[39m
[2026-07-21 14:00:43:043] [[35mhttp[39m]: [35mGET /api/v1/masters/photo-category 304 - - 13.012 ms[39m
[2026-07-21 14:00:43:043] [[35mhttp[39m]: [35mGET /api/v1/masters/photo-category 304 - - 9.698 ms[39m
[2026-07-21 14:19:12:1912] [[35mhttp[39m]: [35mGET /api/v1/auth/me 304 - - 362.423 ms[39m
[2026-07-21 14:19:12:1912] [[35mhttp[39m]: [35mGET /api/v1/auth/me 304 - - 5.219 ms[39m
[2026-07-21 14:19:13:1913] [[35mhttp[39m]: [35mGET /api/v1/masters/photo-category 304 - - 16.399 ms[39m
[2026-07-21 14:19:13:1913] [[35mhttp[39m]: [35mGET /api/v1/masters/photo-category 304 - - 6.092 ms[39m
[2026-07-21 14:21:29:2129] [[35mhttp[39m]: [35mGET /api/v1/auth/me 304 - - 7.276 ms[39m
[2026-07-21 14:21:29:2129] [[35mhttp[39m]: [35mGET /api/v1/auth/me 304 - - 4.125 ms[39m
[2026-07-21 14:21:30:2130] [[35mhttp[39m]: [35mGET /api/v1/dashboard 304 - - 348.802 ms[39m
[2026-07-21 14:21:30:2130] [[35mhttp[39m]: [35mGET /api/v1/dashboard 304 - - 28.009 ms[39m
[2026-07-21 14:21:32:2132] [[35mhttp[39m]: [35mGET /api/v1/masters/equipment 304 - - 16.432 ms[39m
[2026-07-21 14:21:32:2132] [[35mhttp[39m]: [35mGET /api/v1/masters/equipment 304 - - 11.878 ms[39m
[2026-07-21 14:21:40:2140] [[35mhttp[39m]: [35mGET /api/v1/masters/charger-manufacturer 304 - - 19.723 ms[39m
[2026-07-21 14:21:40:2140] [[35mhttp[39m]: [35mGET /api/v1/masters/charger-manufacturer 304 - - 8.424 ms[39m
[2026-07-21 14:21:42:2142] [[35mhttp[39m]: [35mGET /api/v1/masters/equipment 304 - - 16.688 ms[39m
[2026-07-21 14:21:42:2142] [[35mhttp[39m]: [35mGET /api/v1/masters/equipment 304 - - 12.730 ms[39m
[2026-07-21 14:22:16:2216] [[35mhttp[39m]: [35mGET /api/v1/masters/equipment 304 - - 16.453 ms[39m
[2026-07-21 14:22:16:2216] [[35mhttp[39m]: [35mGET /api/v1/masters/equipment 304 - - 11.975 ms[39m
[2026-07-21 14:22:21:2221] [[35mhttp[39m]: [35mGET /api/v1/masters/charger-manufacturer 304 - - 12.169 ms[39m
[2026-07-21 14:22:21:2221] [[35mhttp[39m]: [35mGET /api/v1/masters/charger-manufacturer 304 - - 10.464 ms[39m
[2026-07-21 14:22:25:2225] [[35mhttp[39m]: [35mGET /api/v1/masters/charger-manufacturer 304 - - 11.932 ms[39m
[2026-07-21 14:22:25:2225] [[35mhttp[39m]: [35mGET /api/v1/masters/charger-manufacturer 304 - - 8.485 ms[39m
[2026-07-21 14:22:25:2225] [[35mhttp[39m]: [35mGET /api/v1/masters/charger-model 304 - - 26.148 ms[39m
[2026-07-21 14:22:25:2225] [[35mhttp[39m]: [35mGET /api/v1/masters/charger-model 304 - - 7.421 ms[39m
[2026-07-21 14:25:13:2513] [[35mhttp[39m]: [35mGET /api/v1/masters/connector 304 - - 18.424 ms[39m
[2026-07-21 14:25:13:2513] [[35mhttp[39m]: [35mGET /api/v1/masters/connector 304 - - 8.763 ms[39m
[2026-07-21 14:25:24:2524] [[35mhttp[39m]: [35mGET /api/v1/masters/photo-category 304 - - 12.466 ms[39m
[2026-07-21 14:25:24:2524] [[35mhttp[39m]: [35mGET /api/v1/masters/photo-category 304 - - 6.914 ms[39m
[2026-07-21 14:25:30:2530] [[35mhttp[39m]: [35mGET /api/v1/masters/equipment 304 - - 19.505 ms[39m
[2026-07-21 14:25:30:2530] [[35mhttp[39m]: [35mGET /api/v1/masters/equipment 304 - - 13.734 ms[39m
[2026-07-21 14:31:27:3127] [[35mhttp[39m]: [35mGET /api/v1/masters/equipment 304 - - 160.215 ms[39m
[2026-07-21 14:31:27:3127] [[35mhttp[39m]: [35mGET /api/v1/masters/equipment 304 - - 11.391 ms[39m
[2026-07-21 14:31:35:3135] [[35mhttp[39m]: [35mGET /api/v1/masters/charger-manufacturer 304 - - 19.016 ms[39m
[2026-07-21 14:31:35:3135] [[35mhttp[39m]: [35mGET /api/v1/masters/charger-manufacturer 304 - - 9.040 ms[39m
[2026-07-21 14:31:45:3145] [[35mhttp[39m]: [35mGET /api/v1/masters/charger-model 304 - - 15.119 ms[39m
[2026-07-21 14:31:45:3145] [[35mhttp[39m]: [35mGET /api/v1/masters/charger-model 304 - - 12.845 ms[39m
[2026-07-21 14:31:45:3145] [[35mhttp[39m]: [35mGET /api/v1/masters/charger-manufacturer 304 - - 154.891 ms[39m
[2026-07-21 14:31:45:3145] [[35mhttp[39m]: [35mGET /api/v1/masters/charger-manufacturer 304 - - 7.526 ms[39m
[2026-07-21 14:31:53:3153] [[35mhttp[39m]: [35mGET /api/v1/masters/connector 304 - - 12.046 ms[39m
[2026-07-21 14:31:53:3153] [[35mhttp[39m]: [35mGET /api/v1/masters/connector 304 - - 9.730 ms[39m
[2026-07-21 14:31:57:3157] [[35mhttp[39m]: [35mGET /api/v1/masters/photo-category 304 - - 11.234 ms[39m
[2026-07-21 14:31:57:3157] [[35mhttp[39m]: [35mGET /api/v1/masters/photo-category 304 - - 7.042 ms[39m
[2026-07-21 14:31:59:3159] [[35mhttp[39m]: [35mGET /api/v1/masters/equipment 304 - - 19.067 ms[39m
[2026-07-21 14:32:00:320] [[35mhttp[39m]: [35mGET /api/v1/masters/equipment 304 - - 11.659 ms[39m
[2026-07-21 14:32:23:3223] [[35mhttp[39m]: [35mGET /api/v1/masters/equipment 304 - - 13.960 ms[39m
[2026-07-21 14:32:23:3223] [[35mhttp[39m]: [35mGET /api/v1/masters/equipment 304 - - 12.231 ms[39m
[2026-07-21 14:32:38:3238] [[35mhttp[39m]: [35mGET /api/v1/masters/equipment 304 - - 14.914 ms[39m
[2026-07-21 14:32:38:3238] [[35mhttp[39m]: [35mGET /api/v1/masters/equipment 304 - - 13.638 ms[39m
[2026-07-21 14:35:04:354] [[35mhttp[39m]: [35mGET /api/v1/survey 304 - - 14.430 ms[39m
[2026-07-21 14:35:04:354] [[35mhttp[39m]: [35mGET /api/v1/survey 304 - - 10.362 ms[39m
[2026-07-21 14:35:23:3523] [[35mhttp[39m]: [35mGET /api/v1/survey 304 - - 11.100 ms[39m
[2026-07-21 14:35:23:3523] [[35mhttp[39m]: [35mGET /api/v1/survey 304 - - 11.771 ms[39m
[2026-07-21 14:35:27:3527] [[35mhttp[39m]: [35mGET /api/v1/users 304 - - 6.405 ms[39m
[2026-07-21 14:35:27:3527] [[35mhttp[39m]: [35mGET /api/v1/users 304 - - 7.743 ms[39m
[2026-07-21 14:35:39:3539] [[35mhttp[39m]: [35mGET /api/v1/dashboard 304 - - 185.563 ms[39m
[2026-07-21 14:35:39:3539] [[35mhttp[39m]: [35mGET /api/v1/dashboard 304 - - 25.706 ms[39m
[2026-07-21 14:36:00:360] [[35mhttp[39m]: [35mGET /api/v1/survey-sites 304 - - 12.925 ms[39m
[2026-07-21 14:36:00:360] [[35mhttp[39m]: [35mGET /api/v1/survey-sites 304 - - 10.497 ms[39m
[2026-07-21 14:36:41:3641] [[35mhttp[39m]: [35mGET /api/v1/survey-sites 304 - - 6.444 ms[39m
[2026-07-21 14:36:41:3641] [[35mhttp[39m]: [35mGET /api/v1/survey-sites 304 - - 12.428 ms[39m
[2026-07-21 14:36:42:3642] [[35mhttp[39m]: [35mGET /api/v1/survey-sites 304 - - 15.421 ms[39m
[2026-07-21 14:36:42:3642] [[35mhttp[39m]: [35mGET /api/v1/users 304 - - 11.952 ms[39m
[2026-07-21 14:36:43:3643] [[35mhttp[39m]: [35mGET /api/v1/survey-sites 304 - - 5.916 ms[39m
[2026-07-21 14:36:43:3643] [[35mhttp[39m]: [35mGET /api/v1/users 304 - - 6.438 ms[39m
[2026-07-21 14:36:58:3658] [[35mhttp[39m]: [35mGET /api/v1/survey-sites 304 - - 5.794 ms[39m
[2026-07-21 14:36:58:3658] [[35mhttp[39m]: [35mGET /api/v1/survey-sites 304 - - 6.651 ms[39m
[2026-07-21 14:37:46:3746] [[35mhttp[39m]: [35mPOST /api/v1/auth/login 200 698 - 162.630 ms[39m
[2026-07-21 14:37:46:3746] [[35mhttp[39m]: [35mGET /api/v1/dashboard 304 - - 125.483 ms[39m
[2026-07-21 14:37:46:3746] [[35mhttp[39m]: [35mGET /api/v1/dashboard 304 - - 36.523 ms[39m
[2026-07-21 14:38:46:3846] [[35mhttp[39m]: [35mPOST /api/v1/auth/login 200 727 - 167.731 ms[39m
[2026-07-21 14:38:46:3846] [[35mhttp[39m]: [35mGET /api/v1/dashboard 304 - - 20.145 ms[39m
[2026-07-21 14:38:46:3846] [[35mhttp[39m]: [35mGET /api/v1/dashboard 304 - - 22.907 ms[39m
[2026-07-21 14:39:12:3912] [[35mhttp[39m]: [35mGET /api/v1/survey-sites 304 - - 13.585 ms[39m
[2026-07-21 14:39:12:3912] [[35mhttp[39m]: [35mGET /api/v1/survey-sites 304 - - 8.175 ms[39m
[2026-07-21 14:39:25:3925] [[35mhttp[39m]: [35mGET /api/v1/survey-sites 304 - - 6.475 ms[39m
[2026-07-21 14:39:26:3926] [[35mhttp[39m]: [35mGET /api/v1/survey-sites 304 - - 8.938 ms[39m
[2026-07-21 14:39:46:3946] [[35mhttp[39m]: [35mGET /api/v1/masters/charger-manufacturer 200 2344 - 16.496 ms[39m
[2026-07-21 14:39:46:3946] [[35mhttp[39m]: [35mGET /api/v1/masters/charger-manufacturer 304 - - 8.245 ms[39m
[2026-07-21 14:40:01:401] [[35mhttp[39m]: [35mGET /api/v1/survey-sites/0c1841f6-7637-4adf-a249-5e88eb36d970 200 546 - 6.699 ms[39m
[2026-07-21 14:40:01:401] [[35mhttp[39m]: [35mGET /api/v1/survey-sites/0c1841f6-7637-4adf-a249-5e88eb36d970 304 - - 8.277 ms[39m
[2026-07-21 14:40:12:4012] [[35mhttp[39m]: [35mGET /api/v1/survey-sites 304 - - 6.545 ms[39m
[2026-07-21 14:40:12:4012] [[35mhttp[39m]: [35mGET /api/v1/survey-sites 304 - - 8.263 ms[39m
[2026-07-21 14:40:29:4029] [[35mhttp[39m]: [35mGET /api/v1/dashboard 304 - - 32.620 ms[39m
[2026-07-21 14:40:29:4029] [[35mhttp[39m]: [35mGET /api/v1/dashboard 304 - - 21.673 ms[39m
[2026-07-21 14:40:31:4031] [[35mhttp[39m]: [35mGET /api/v1/survey-sites 304 - - 8.656 ms[39m
[2026-07-21 14:40:32:4032] [[35mhttp[39m]: [35mGET /api/v1/survey-sites 304 - - 7.714 ms[39m
[2026-07-21 14:40:46:4046] [[35mhttp[39m]: [35mGET /api/v1/masters/equipment 200 19117 - 18.727 ms[39m
[2026-07-21 14:40:46:4046] [[35mhttp[39m]: [35mGET /api/v1/masters/equipment 304 - - 12.444 ms[39m
[2026-07-21 14:40:48:4048] [[35mhttp[39m]: [35mGET /api/v1/masters/charger-manufacturer 304 - - 16.725 ms[39m
[2026-07-21 14:40:48:4048] [[35mhttp[39m]: [35mGET /api/v1/masters/charger-manufacturer 304 - - 7.290 ms[39m
[2026-07-21 14:40:49:4049] [[35mhttp[39m]: [35mGET /api/v1/masters/equipment 304 - - 12.120 ms[39m
[2026-07-21 14:40:49:4049] [[35mhttp[39m]: [35mGET /api/v1/masters/equipment 304 - - 14.276 ms[39m
[2026-07-21 14:40:54:4054] [[35mhttp[39m]: [35mGET /api/v1/survey-sites 200 2055 - 8.226 ms[39m
[2026-07-21 14:40:54:4054] [[35mhttp[39m]: [35mGET /api/v1/survey-sites 304 - - 11.642 ms[39m
[2026-07-21 14:40:55:4055] [[35mhttp[39m]: [35mGET /api/v1/survey-sites/0c1841f6-7637-4adf-a249-5e88eb36d970 200 546 - 6.759 ms[39m
[2026-07-21 14:40:56:4056] [[35mhttp[39m]: [35mGET /api/v1/survey-sites/0c1841f6-7637-4adf-a249-5e88eb36d970 304 - - 10.824 ms[39m
[2026-07-21 14:42:10:4210] [[35mhttp[39m]: [35mGET /api/v1/masters/equipment 304 - - 11.714 ms[39m
[2026-07-21 14:42:10:4210] [[35mhttp[39m]: [35mGET /api/v1/masters/equipment 304 - - 10.604 ms[39m
[2026-07-21 14:42:53:4253] [[35mhttp[39m]: [35mGET /api/v1/survey-sites 304 - - 91.491 ms[39m
[2026-07-21 14:42:53:4253] [[35mhttp[39m]: [35mGET /api/v1/survey-sites 304 - - 7.419 ms[39m
[2026-07-21 14:45:33:4533] [[35mhttp[39m]: [35mGET /api/v1/survey-sites/0c1841f6-7637-4adf-a249-5e88eb36d970 304 - - 6.609 ms[39m
[2026-07-21 14:45:33:4533] [[35mhttp[39m]: [35mGET /api/v1/survey-sites/0c1841f6-7637-4adf-a249-5e88eb36d970 304 - - 8.795 ms[39m
[2026-07-21 14:54:00:540] [[32minfo[39m]: [32mDatabase connection established successfully.[39m
[2026-07-21 14:54:00:540] [[32minfo[39m]: [32mServer is running in development mode on port 5000[39m
[2026-07-21 14:54:00:540] [[32minfo[39m]: [32mDatabase connection established successfully.[39m
[2026-07-21 14:54:00:540] [[32minfo[39m]: [32mDatabase connection established successfully.[39m
[2026-07-21 14:54:00:540] [[32minfo[39m]: [32mDatabase connection established successfully.[39m
[2026-07-21 14:54:00:540] [[32minfo[39m]: [32mDatabase connection established successfully.[39m
[2026-07-21 14:54:31:5431] [[32minfo[39m]: [32mDatabase connection established successfully.[39m
[2026-07-21 14:54:31:5431] [[32minfo[39m]: [32mServer is running in development mode on port 5000[39m
[2026-07-21 14:54:31:5431] [[32minfo[39m]: [32mDatabase connection established successfully.[39m
[2026-07-21 14:54:31:5431] [[32minfo[39m]: [32mDatabase connection established successfully.[39m
[2026-07-21 14:54:32:5432] [[32minfo[39m]: [32mDatabase connection established successfully.[39m
[2026-07-21 14:54:32:5432] [[32minfo[39m]: [32mDatabase connection established successfully.[39m
[2026-07-21 14:54:55:5455] [[32minfo[39m]: [32mDatabase connection established successfully.[39m
[2026-07-21 14:54:55:5455] [[32minfo[39m]: [32mServer is running in development mode on port 5000[39m
[2026-07-21 14:54:55:5455] [[32minfo[39m]: [32mDatabase connection established successfully.[39m
[2026-07-21 14:54:55:5455] [[32minfo[39m]: [32mDatabase connection established successfully.[39m
[2026-07-21 14:54:55:5455] [[32minfo[39m]: [32mDatabase connection established successfully.[39m
[2026-07-21 14:54:55:5455] [[32minfo[39m]: [32mDatabase connection established successfully.[39m
[2026-07-21 14:55:26:5526] [[35mhttp[39m]: [35mGET /api/v1/survey-sites/0c1841f6-7637-4adf-a249-5e88eb36d970 304 - - 31.827 ms[39m
[2026-07-21 14:55:26:5526] [[35mhttp[39m]: [35mGET /api/v1/survey-sites/0c1841f6-7637-4adf-a249-5e88eb36d970 304 - - 6.903 ms[39m
[2026-07-21 14:57:10:5710] [[35mhttp[39m]: [35mPUT /api/v1/survey-sites/0c1841f6-7637-4adf-a249-5e88eb36d970 200 541 - 26.108 ms[39m
[2026-07-21 14:57:10:5710] [[35mhttp[39m]: [35mGET /api/v1/survey-sites 200 2058 - 13.684 ms[39m
[2026-07-21 14:57:10:5710] [[35mhttp[39m]: [35mGET /api/v1/survey-sites 304 - - 11.529 ms[39m
[2026-07-21 14:57:15:5715] [[35mhttp[39m]: [35mGET /api/v1/survey-sites/0c1841f6-7637-4adf-a249-5e88eb36d970 200 549 - 9.771 ms[39m
[2026-07-21 14:57:15:5715] [[35mhttp[39m]: [35mGET /api/v1/survey-sites/0c1841f6-7637-4adf-a249-5e88eb36d970 304 - - 6.405 ms[39m
[2026-07-21 14:57:18:5718] [[35mhttp[39m]: [35mPUT /api/v1/survey-sites/0c1841f6-7637-4adf-a249-5e88eb36d970 200 539 - 12.945 ms[39m
[2026-07-21 14:57:19:5719] [[35mhttp[39m]: [35mGET /api/v1/survey-sites 200 2056 - 9.204 ms[39m
[2026-07-21 14:57:19:5719] [[35mhttp[39m]: [35mGET /api/v1/survey-sites 304 - - 11.479 ms[39m
[2026-07-21 14:57:20:5720] [[35mhttp[39m]: [35mGET /api/v1/survey-sites/0c1841f6-7637-4adf-a249-5e88eb36d970 200 547 - 6.160 ms[39m
[2026-07-21 14:57:20:5720] [[35mhttp[39m]: [35mGET /api/v1/survey-sites/0c1841f6-7637-4adf-a249-5e88eb36d970 304 - - 7.423 ms[39m
[2026-07-21 14:57:23:5723] [[35mhttp[39m]: [35mPUT /api/v1/survey-sites/0c1841f6-7637-4adf-a249-5e88eb36d970 200 537 - 14.875 ms[39m
[2026-07-21 14:57:23:5723] [[35mhttp[39m]: [35mGET /api/v1/survey-sites 200 2054 - 42.473 ms[39m
[2026-07-21 14:57:23:5723] [[35mhttp[39m]: [35mGET /api/v1/survey-sites 304 - - 10.870 ms[39m
[2026-07-21 14:57:24:5724] [[35mhttp[39m]: [35mGET /api/v1/survey-sites/0c1841f6-7637-4adf-a249-5e88eb36d970 200 545 - 9.700 ms[39m
[2026-07-21 14:57:24:5724] [[35mhttp[39m]: [35mGET /api/v1/survey-sites/0c1841f6-7637-4adf-a249-5e88eb36d970 304 - - 14.202 ms[39m
[2026-07-21 14:57:28:5728] [[35mhttp[39m]: [35mPUT /api/v1/survey-sites/0c1841f6-7637-4adf-a249-5e88eb36d970 200 538 - 25.953 ms[39m
[2026-07-21 14:57:28:5728] [[35mhttp[39m]: [35mGET /api/v1/survey-sites 200 2055 - 119.467 ms[39m
[2026-07-21 14:57:28:5728] [[35mhttp[39m]: [35mGET /api/v1/survey-sites 304 - - 13.319 ms[39m
[2026-07-21 14:57:51:5751] [[35mhttp[39m]: [35mGET /api/v1/dashboard 304 - - 204.412 ms[39m
[2026-07-21 14:57:51:5751] [[35mhttp[39m]: [35mGET /api/v1/dashboard 304 - - 31.356 ms[39m
[2026-07-21 14:57:53:5753] [[35mhttp[39m]: [35mGET /api/v1/survey-sites 200 2055 - 12.175 ms[39m
[2026-07-21 14:57:53:5753] [[35mhttp[39m]: [35mGET /api/v1/survey-sites 304 - - 8.796 ms[39m
[2026-07-21 14:57:57:5757] [[35mhttp[39m]: [35mGET /api/v1/survey-sites 304 - - 5.712 ms[39m
[2026-07-21 14:57:57:5757] [[35mhttp[39m]: [35mGET /api/v1/survey-sites 304 - - 8.962 ms[39m
[2026-07-21 15:03:09:39] [[35mhttp[39m]: [35mGET /api/v1/survey-sites 304 - - 97.822 ms[39m
[2026-07-21 15:03:09:39] [[35mhttp[39m]: [35mGET /api/v1/survey-sites 304 - - 4.247 ms[39m
[2026-07-21 15:03:15:315] [[35mhttp[39m]: [35mGET /api/v1/survey 304 - - 12.882 ms[39m
[2026-07-21 15:03:15:315] [[35mhttp[39m]: [35mGET /api/v1/survey 304 - - 7.070 ms[39m
[2026-07-21 15:03:36:336] [[35mhttp[39m]: [35mGET /api/v1/survey-sites 304 - - 5.905 ms[39m
[2026-07-21 15:03:36:336] [[35mhttp[39m]: [35mGET /api/v1/survey-sites 304 - - 5.952 ms[39m
[2026-07-21 15:03:41:341] [[35mhttp[39m]: [35mGET /api/v1/users 200 976 - 12.180 ms[39m
[2026-07-21 15:03:41:341] [[35mhttp[39m]: [35mGET /api/v1/users 304 - - 13.120 ms[39m
[2026-07-21 15:03:43:343] [[35mhttp[39m]: [35mGET /api/v1/survey-sites 304 - - 11.499 ms[39m
[2026-07-21 15:03:43:343] [[35mhttp[39m]: [35mGET /api/v1/survey-sites 304 - - 10.175 ms[39m
[2026-07-21 15:04:27:427] [[35mhttp[39m]: [35mGET /api/v1/survey-sites 304 - - 7.444 ms[39m
[2026-07-21 15:04:27:427] [[35mhttp[39m]: [35mGET /api/v1/survey-sites 304 - - 7.793 ms[39m
[2026-07-21 15:04:42:442] [[35mhttp[39m]: [35mPOST /api/v1/auth/login 200 743 - 164.091 ms[39m
[2026-07-21 15:04:45:445] [[35mhttp[39m]: [35mGET /api/v1/survey 304 - - 8.539 ms[39m
[2026-07-21 15:04:45:445] [[35mhttp[39m]: [35mGET /api/v1/survey 304 - - 9.695 ms[39m
[2026-07-21 15:05:00:50] [[35mhttp[39m]: [35mGET /api/v1/survey-assignment 200 1044 - 16.173 ms[39m
[2026-07-21 15:05:00:50] [[35mhttp[39m]: [35mGET /api/v1/survey-assignment 304 - - 10.650 ms[39m
[2026-07-21 15:05:07:57] [[35mhttp[39m]: [35mGET /api/v1/survey-assignment 304 - - 8.479 ms[39m
[2026-07-21 15:05:07:57] [[35mhttp[39m]: [35mGET /api/v1/survey-assignment 304 - - 11.329 ms[39m
[2026-07-21 15:05:07:57] [[35mhttp[39m]: [35mGET /api/v1/survey/site/e2951ef4-a31d-467d-a209-c79df8a2d20d 200 87 - 13.709 ms[39m
[2026-07-21 15:05:07:57] [[35mhttp[39m]: [35mGET /api/v1/survey/site/e2951ef4-a31d-467d-a209-c79df8a2d20d 304 - - 8.766 ms[39m
[2026-07-21 15:07:24:724] [[35mhttp[39m]: [35mGET /api/v1/survey-assignment 304 - - 12.922 ms[39m
[2026-07-21 15:07:24:724] [[35mhttp[39m]: [35mGET /api/v1/survey-assignment 304 - - 10.940 ms[39m
[2026-07-21 15:07:28:728] [[35mhttp[39m]: [35mGET /api/v1/survey-assignment 304 - - 20.845 ms[39m
[2026-07-21 15:07:28:728] [[35mhttp[39m]: [35mGET /api/v1/survey-assignment 304 - - 13.803 ms[39m
[2026-07-21 15:07:28:728] [[35mhttp[39m]: [35mGET /api/v1/survey/site/e2951ef4-a31d-467d-a209-c79df8a2d20d 304 - - 11.853 ms[39m
[2026-07-21 15:07:28:728] [[35mhttp[39m]: [35mGET /api/v1/survey/site/e2951ef4-a31d-467d-a209-c79df8a2d20d 304 - - 8.582 ms[39m
[2026-07-21 15:08:17:817] [[35mhttp[39m]: [35mGET /api/v1/survey-sites/e2951ef4-a31d-467d-a209-c79df8a2d20d 200 575 - 79.570 ms[39m
[2026-07-21 15:08:17:817] [[35mhttp[39m]: [35mGET /api/v1/survey-sites/e2951ef4-a31d-467d-a209-c79df8a2d20d 304 - - 4.489 ms[39m
[2026-07-21 15:08:20:820] [[35mhttp[39m]: [35mGET /api/v1/survey-sites 304 - - 9.457 ms[39m
[2026-07-21 15:08:20:820] [[35mhttp[39m]: [35mGET /api/v1/survey-sites 304 - - 6.205 ms[39m
[2026-07-21 15:08:23:823] [[35mhttp[39m]: [35mGET /api/v1/survey-sites 304 - - 7.721 ms[39m
[2026-07-21 15:08:23:823] [[35mhttp[39m]: [35mGET /api/v1/survey-sites 304 - - 9.528 ms[39m
[2026-07-21 15:43:41:4341] [[35mhttp[39m]: [35mGET /api/v1/auth/me 200 234 - 139.190 ms[39m
[2026-07-21 15:43:41:4341] [[35mhttp[39m]: [35mGET /api/v1/auth/me 304 - - 3.939 ms[39m
[2026-07-21 15:43:41:4341] [[35mhttp[39m]: [35mGET /api/v1/auth/me 304 - - 5.487 ms[39m
[2026-07-21 15:43:41:4341] [[35mhttp[39m]: [35mGET /api/v1/auth/me 304 - - 4.155 ms[39m
[2026-07-21 15:43:41:4341] [[35mhttp[39m]: [35mGET /api/v1/survey-assignment 304 - - 14.623 ms[39m
[2026-07-21 15:43:41:4341] [[35mhttp[39m]: [35mGET /api/v1/survey-assignment 304 - - 8.407 ms[39m
[2026-07-21 15:43:41:4341] [[35mhttp[39m]: [35mGET /api/v1/survey/site/e2951ef4-a31d-467d-a209-c79df8a2d20d 304 - - 12.076 ms[39m
[2026-07-21 15:43:41:4341] [[35mhttp[39m]: [35mGET /api/v1/survey/site/e2951ef4-a31d-467d-a209-c79df8a2d20d 304 - - 8.038 ms[39m
[2026-07-21 21:30:24:3024] [[35mhttp[39m]: [35mGET /api/v1/auth/me 200 219 - 602.417 ms[39m
[2026-07-21 21:30:24:3024] [[35mhttp[39m]: [35mGET /api/v1/auth/me 304 - - 130.740 ms[39m
[2026-07-21 21:30:25:3025] [[35mhttp[39m]: [35mGET /api/v1/survey-sites 304 - - 1094.578 ms[39m
[2026-07-21 21:30:26:3026] [[35mhttp[39m]: [35mGET /api/v1/survey-sites 304 - - 145.761 ms[39m
[2026-07-21 21:30:39:3039] [[35mhttp[39m]: [35mGET /api/v1/auth/me 304 - - 3.776 ms[39m
[2026-07-21 21:30:39:3039] [[35mhttp[39m]: [35mGET /api/v1/auth/me 304 - - 3.681 ms[39m
[2026-07-21 21:30:40:3040] [[35mhttp[39m]: [35mGET /api/v1/auth/me 304 - - 10.355 ms[39m
[2026-07-21 21:30:40:3040] [[35mhttp[39m]: [35mGET /api/v1/auth/me 304 - - 5.239 ms[39m
[2026-07-21 21:30:41:3041] [[35mhttp[39m]: [35mGET /api/v1/survey-assignment 304 - - 13.366 ms[39m
[2026-07-21 21:30:41:3041] [[35mhttp[39m]: [35mGET /api/v1/survey-assignment 304 - - 8.213 ms[39m
[2026-07-21 21:30:41:3041] [[35mhttp[39m]: [35mGET /api/v1/survey/site/e2951ef4-a31d-467d-a209-c79df8a2d20d 304 - - 14.041 ms[39m
[2026-07-21 21:30:41:3041] [[35mhttp[39m]: [35mGET /api/v1/survey/site/e2951ef4-a31d-467d-a209-c79df8a2d20d 304 - - 13.261 ms[39m
[2026-07-21 21:38:38:3838] [[35mhttp[39m]: [35mGET /api/v1/auth/me 304 - - 290.635 ms[39m
[2026-07-21 21:38:38:3838] [[35mhttp[39m]: [35mGET /api/v1/auth/me 304 - - 4.241 ms[39m
[2026-07-21 21:38:38:3838] [[35mhttp[39m]: [35mGET /api/v1/survey-sites 304 - - 12.906 ms[39m
[2026-07-21 21:38:38:3838] [[35mhttp[39m]: [35mGET /api/v1/survey-sites 304 - - 5.413 ms[39m
[2026-07-21 21:38:51:3851] [[35mhttp[39m]: [35mGET /api/v1/users 200 1561 - 6.911 ms[39m
[2026-07-21 21:38:51:3851] [[35mhttp[39m]: [35mGET /api/v1/users 304 - - 12.349 ms[39m
[2026-07-21 21:38:54:3854] [[35mhttp[39m]: [35mGET /api/v1/survey-sites 304 - - 5.748 ms[39m
[2026-07-21 21:38:54:3854] [[35mhttp[39m]: [35mGET /api/v1/survey-sites 304 - - 10.121 ms[39m
[2026-07-21 21:39:07:397] [[35mhttp[39m]: [35mGET /api/v1/auth/me 304 - - 2.016 ms[39m
[2026-07-21 21:39:07:397] [[35mhttp[39m]: [35mGET /api/v1/auth/me 304 - - 4.851 ms[39m
[2026-07-21 21:39:13:3913] [[35mhttp[39m]: [35mGET /api/v1/survey 304 - - 11.545 ms[39m
[2026-07-21 21:39:13:3913] [[35mhttp[39m]: [35mGET /api/v1/survey 304 - - 8.693 ms[39m
[2026-07-21 21:39:14:3914] [[35mhttp[39m]: [35mGET /api/v1/survey-assignment 304 - - 12.818 ms[39m
[2026-07-21 21:39:14:3914] [[35mhttp[39m]: [35mGET /api/v1/survey-assignment 304 - - 7.078 ms[39m
[2026-07-21 21:39:46:3946] [[35mhttp[39m]: [35mPOST /api/v1/auth/login 200 727 - 184.325 ms[39m
[2026-07-21 21:39:46:3946] [[35mhttp[39m]: [35mGET /api/v1/dashboard 304 - - 191.959 ms[39m
[2026-07-21 21:39:46:3946] [[35mhttp[39m]: [35mGET /api/v1/dashboard 304 - - 26.221 ms[39m
[2026-07-21 21:39:50:3950] [[35mhttp[39m]: [35mGET /api/v1/users 304 - - 14.955 ms[39m
[2026-07-21 21:39:50:3950] [[35mhttp[39m]: [35mGET /api/v1/users 304 - - 7.959 ms[39m
[2026-07-21 21:39:55:3955] [[35mhttp[39m]: [35mGET /api/v1/survey-sites 304 - - 6.914 ms[39m
[2026-07-21 21:39:55:3955] [[35mhttp[39m]: [35mGET /api/v1/survey-sites 304 - - 6.229 ms[39m
[2026-07-21 21:40:06:406] [[35mhttp[39m]: [35mGET /api/v1/survey-sites 304 - - 14.349 ms[39m
[2026-07-21 21:40:06:406] [[35mhttp[39m]: [35mGET /api/v1/survey-sites 304 - - 10.473 ms[39m
[2026-07-21 21:40:23:4023] [[35mhttp[39m]: [35mGET /api/v1/survey-sites 304 - - 11.486 ms[39m
[2026-07-21 21:40:23:4023] [[35mhttp[39m]: [35mGET /api/v1/survey-sites 304 - - 6.522 ms[39m
[2026-07-21 21:43:31:4331] [[35mhttp[39m]: [35mGET /api/v1/survey-sites 304 - - 6.447 ms[39m
[2026-07-21 21:43:31:4331] [[35mhttp[39m]: [35mGET /api/v1/survey-sites 304 - - 9.768 ms[39m
[2026-07-21 21:43:35:4335] [[35mhttp[39m]: [35mGET /api/v1/dashboard 304 - - 26.296 ms[39m
[2026-07-21 21:43:35:4335] [[35mhttp[39m]: [35mGET /api/v1/dashboard 304 - - 21.192 ms[39m
[2026-07-21 22:12:49:1249] [[35mhttp[39m]: [35mGET /api/v1/auth/me 200 228 - 216.836 ms[39m
[2026-07-21 22:12:49:1249] [[35mhttp[39m]: [35mGET /api/v1/auth/me 304 - - 2.766 ms[39m
[2026-07-21 22:12:49:1249] [[31merror[39m]: [31m[39m
[31mInvalid `prisma.user.count()` invocation in[39m
[31mD:\Code-SID\Blu_Smart_Charge_Survey\backend\src\modules\dashboard\dashboard.service.js:15:17[39m

[31m  12   approvedSurveyCount,[39m
[31m  13   assignmentCount,[39m
[31m  14 ] = await Promise.all([[39m
[31m→ 15   prisma.user.count([39m
[31mCan't reach database server at `127.0.0.1:5432`[39m

[31mPlease make sure your database server is running at `127.0.0.1:5432`. - /api/v1/dashboard - GET - ::1[39m
[2026-07-21 22:12:49:1249] [[35mhttp[39m]: [35mGET /api/v1/dashboard 500 136 - 66.206 ms[39m
[2026-07-21 22:12:50:1250] [[35mhttp[39m]: [35mGET /api/v1/dashboard 200 249 - 46.235 ms[39m
[2026-07-21 22:13:11:1311] [[35mhttp[39m]: [35mGET /api/v1/auth/me 304 - - 7.804 ms[39m
[2026-07-21 22:13:11:1311] [[35mhttp[39m]: [35mGET /api/v1/auth/me 304 - - 2.854 ms[39m
[2026-07-21 22:13:11:1311] [[35mhttp[39m]: [35mGET /api/v1/survey-sites 304 - - 6.330 ms[39m
[2026-07-21 22:13:11:1311] [[35mhttp[39m]: [35mGET /api/v1/survey-sites 304 - - 5.180 ms[39m
[2026-07-21 22:13:17:1317] [[35mhttp[39m]: [35mGET /api/v1/survey-sites/0c1841f6-7637-4adf-a249-5e88eb36d970 200 546 - 6.029 ms[39m
[2026-07-21 22:13:17:1317] [[35mhttp[39m]: [35mGET /api/v1/survey-sites/0c1841f6-7637-4adf-a249-5e88eb36d970 304 - - 10.225 ms[39m
[2026-07-21 22:13:25:1325] [[35mhttp[39m]: [35mGET /api/v1/masters/equipment 304 - - 30.780 ms[39m
[2026-07-21 22:13:25:1325] [[35mhttp[39m]: [35mGET /api/v1/masters/equipment 304 - - 10.175 ms[39m
[2026-07-21 22:13:40:1340] [[35mhttp[39m]: [35mGET /api/v1/masters/equipment 304 - - 10.387 ms[39m
[2026-07-21 22:13:40:1340] [[35mhttp[39m]: [35mGET /api/v1/masters/equipment 304 - - 12.381 ms[39m
[2026-07-21 22:14:43:1443] [[32minfo[39m]: [32mDatabase connection established successfully.[39m
[2026-07-21 22:14:43:1443] [[32minfo[39m]: [32mServer is running in development mode on port 5000[39m
[2026-07-21 22:14:43:1443] [[32minfo[39m]: [32mDatabase connection established successfully.[39m
[2026-07-21 22:14:44:1444] [[32minfo[39m]: [32mDatabase connection established successfully.[39m
[2026-07-21 22:14:44:1444] [[32minfo[39m]: [32mDatabase connection established successfully.[39m
[2026-07-21 22:14:44:1444] [[32minfo[39m]: [32mDatabase connection established successfully.[39m
[2026-07-21 22:14:47:1447] [[35mhttp[39m]: [35mPOST /api/v1/auth/login 200 698 - 361.864 ms[39m
[2026-07-21 22:14:47:1447] [[35mhttp[39m]: [35mGET /api/v1/dashboard 304 - - 256.209 ms[39m
[2026-07-21 22:14:47:1447] [[35mhttp[39m]: [35mGET /api/v1/dashboard 304 - - 48.528 ms[39m
[2026-07-21 22:16:13:1613] [[35mhttp[39m]: [35mGET /api/v1/masters/equipment 304 - - 37.429 ms[39m
[2026-07-21 22:16:13:1613] [[35mhttp[39m]: [35mGET /api/v1/masters/equipment 304 - - 11.180 ms[39m
[2026-07-21 22:16:14:1614] [[35mhttp[39m]: [35mGET /api/v1/masters/equipment 304 - - 15.491 ms[39m
[2026-07-21 22:16:14:1614] [[35mhttp[39m]: [35mGET /api/v1/masters/equipment 304 - - 12.992 ms[39m
[2026-07-21 22:16:32:1632] [[35mhttp[39m]: [35mGET /api/v1/masters/equipment 304 - - 13.672 ms[39m
[2026-07-21 22:16:32:1632] [[35mhttp[39m]: [35mGET /api/v1/masters/equipment 304 - - 16.608 ms[39m
[2026-07-21 22:16:47:1647] [[35mhttp[39m]: [35mGET /api/v1/masters/equipment 304 - - 13.918 ms[39m
[2026-07-21 22:16:47:1647] [[35mhttp[39m]: [35mGET /api/v1/masters/equipment 304 - - 12.061 ms[39m
[2026-07-21 22:22:40:2240] [[35mhttp[39m]: [35mGET /api/v1/masters/equipment 304 - - 129.130 ms[39m
[2026-07-21 22:22:40:2240] [[35mhttp[39m]: [35mGET /api/v1/masters/equipment 304 - - 12.371 ms[39m
[2026-07-21 22:22:59:2259] [[35mhttp[39m]: [35mGET /api/v1/masters/charger-manufacturer 304 - - 32.923 ms[39m
[2026-07-21 22:22:59:2259] [[35mhttp[39m]: [35mGET /api/v1/masters/charger-manufacturer 304 - - 8.336 ms[39m
[2026-07-21 22:23:13:2313] [[35mhttp[39m]: [35mGET /api/v1/masters/charger-model 304 - - 16.471 ms[39m
[2026-07-21 22:23:13:2313] [[35mhttp[39m]: [35mGET /api/v1/masters/charger-model 304 - - 10.374 ms[39m
[2026-07-21 22:23:13:2313] [[35mhttp[39m]: [35mGET /api/v1/masters/charger-manufacturer 304 - - 151.294 ms[39m
[2026-07-21 22:23:13:2313] [[35mhttp[39m]: [35mGET /api/v1/masters/charger-manufacturer 304 - - 8.944 ms[39m
[2026-07-21 22:23:32:2332] [[35mhttp[39m]: [35mGET /api/v1/masters/connector 304 - - 12.986 ms[39m
[2026-07-21 22:23:32:2332] [[35mhttp[39m]: [35mGET /api/v1/masters/connector 304 - - 5.709 ms[39m
[2026-07-21 22:23:55:2355] [[35mhttp[39m]: [35mGET /api/v1/masters/photo-category 304 - - 22.771 ms[39m
[2026-07-21 22:23:55:2355] [[35mhttp[39m]: [35mGET /api/v1/masters/photo-category 304 - - 9.557 ms[39m
[2026-07-21 22:26:11:2611] [[32minfo[39m]: [32mDatabase connection established successfully.[39m
[2026-07-21 22:26:11:2611] [[32minfo[39m]: [32mServer is running in development mode on port 5000[39m
[2026-07-21 22:26:12:2612] [[32minfo[39m]: [32mDatabase connection established successfully.[39m
[2026-07-21 22:26:12:2612] [[32minfo[39m]: [32mDatabase connection established successfully.[39m
[2026-07-21 22:26:12:2612] [[32minfo[39m]: [32mDatabase connection established successfully.[39m
[2026-07-21 22:26:13:2613] [[32minfo[39m]: [32mDatabase connection established successfully.[39m
[2026-07-21 22:28:17:2817] [[35mhttp[39m]: [35mPOST /api/v1/auth/login 200 727 - 283.350 ms[39m
[2026-07-21 22:28:17:2817] [[35mhttp[39m]: [35mGET /api/v1/dashboard 304 - - 271.172 ms[39m
[2026-07-21 22:28:17:2817] [[35mhttp[39m]: [35mGET /api/v1/dashboard 304 - - 29.777 ms[39m
[2026-07-21 22:29:40:2940] [[35mhttp[39m]: [35mGET /api/v1/users 304 - - 15.039 ms[39m
[2026-07-21 22:29:40:2940] [[35mhttp[39m]: [35mGET /api/v1/users 304 - - 10.339 ms[39m
[2026-07-21 22:29:42:2942] [[35mhttp[39m]: [35mGET /api/v1/survey-sites 304 - - 11.209 ms[39m
[2026-07-21 22:29:42:2942] [[35mhttp[39m]: [35mGET /api/v1/survey-sites 304 - - 9.368 ms[39m
[2026-07-21 22:29:45:2945] [[35mhttp[39m]: [35mGET /api/v1/survey 304 - - 9.747 ms[39m
[2026-07-21 22:29:45:2945] [[35mhttp[39m]: [35mGET /api/v1/survey 304 - - 8.867 ms[39m
[2026-07-21 22:29:47:2947] [[35mhttp[39m]: [35mGET /api/v1/survey-sites 304 - - 7.134 ms[39m
[2026-07-21 22:29:47:2947] [[35mhttp[39m]: [35mGET /api/v1/survey-sites 304 - - 7.299 ms[39m
[2026-07-21 22:29:48:2948] [[35mhttp[39m]: [35mGET /api/v1/dashboard 304 - - 18.594 ms[39m
[2026-07-21 22:29:48:2948] [[35mhttp[39m]: [35mGET /api/v1/dashboard 304 - - 26.803 ms[39m
[2026-07-21 22:29:49:2949] [[35mhttp[39m]: [35mGET /api/v1/users 304 - - 5.982 ms[39m
[2026-07-21 22:29:49:2949] [[35mhttp[39m]: [35mGET /api/v1/users 304 - - 10.166 ms[39m
[2026-07-21 22:29:50:2950] [[35mhttp[39m]: [35mGET /api/v1/dashboard 304 - - 24.102 ms[39m
[2026-07-21 22:29:50:2950] [[35mhttp[39m]: [35mGET /api/v1/dashboard 304 - - 26.970 ms[39m
[2026-07-21 22:29:51:2951] [[35mhttp[39m]: [35mGET /api/v1/survey-sites 304 - - 11.698 ms[39m
[2026-07-21 22:29:51:2951] [[35mhttp[39m]: [35mGET /api/v1/survey-sites 304 - - 9.597 ms[39m
[2026-07-21 22:29:53:2953] [[35mhttp[39m]: [35mGET /api/v1/dashboard 304 - - 17.374 ms[39m
[2026-07-21 22:29:53:2953] [[35mhttp[39m]: [35mGET /api/v1/dashboard 304 - - 38.741 ms[39m
[2026-07-21 22:29:55:2955] [[35mhttp[39m]: [35mGET /api/v1/survey-sites 304 - - 9.958 ms[39m
[2026-07-21 22:29:55:2955] [[35mhttp[39m]: [35mGET /api/v1/survey-sites 304 - - 10.613 ms[39m
[2026-07-21 22:29:57:2957] [[35mhttp[39m]: [35mGET /api/v1/dashboard 304 - - 19.845 ms[39m
[2026-07-21 22:29:57:2957] [[35mhttp[39m]: [35mGET /api/v1/dashboard 304 - - 39.702 ms[39m
[2026-07-21 22:29:59:2959] [[35mhttp[39m]: [35mGET /api/v1/survey-sites 304 - - 11.995 ms[39m
[2026-07-21 22:29:59:2959] [[35mhttp[39m]: [35mGET /api/v1/survey-sites 304 - - 7.625 ms[39m
[2026-07-21 22:30:01:301] [[35mhttp[39m]: [35mGET /api/v1/dashboard 304 - - 15.999 ms[39m
[2026-07-21 22:30:01:301] [[35mhttp[39m]: [35mGET /api/v1/dashboard 304 - - 17.641 ms[39m
[2026-07-21 22:30:04:304] [[35mhttp[39m]: [35mGET /api/v1/survey-sites 304 - - 7.037 ms[39m
[2026-07-21 22:30:04:304] [[35mhttp[39m]: [35mGET /api/v1/survey-sites 304 - - 8.774 ms[39m
[2026-07-21 22:30:07:307] [[35mhttp[39m]: [35mGET /api/v1/dashboard 304 - - 18.931 ms[39m
[2026-07-21 22:30:07:307] [[35mhttp[39m]: [35mGET /api/v1/dashboard 304 - - 23.008 ms[39m
[2026-07-21 22:30:08:308] [[35mhttp[39m]: [35mGET /api/v1/survey-sites 304 - - 7.729 ms[39m
[2026-07-21 22:30:08:308] [[35mhttp[39m]: [35mGET /api/v1/survey-sites 304 - - 8.491 ms[39m
[2026-07-21 22:30:21:3021] [[35mhttp[39m]: [35mGET /api/v1/survey-sites 304 - - 13.967 ms[39m
[2026-07-21 22:30:21:3021] [[35mhttp[39m]: [35mGET /api/v1/survey-sites 304 - - 9.803 ms[39m
[2026-07-21 22:30:29:3029] [[35mhttp[39m]: [35mGET /api/v1/dashboard 304 - - 14.082 ms[39m
[2026-07-21 22:30:29:3029] [[35mhttp[39m]: [35mGET /api/v1/dashboard 304 - - 24.617 ms[39m
[2026-07-21 22:32:11:3211] [[35mhttp[39m]: [35mGET /api/v1/auth/me 304 - - 5.276 ms[39m
[2026-07-21 22:32:11:3211] [[35mhttp[39m]: [35mGET /api/v1/auth/me 304 - - 4.879 ms[39m
[2026-07-21 22:32:11:3211] [[35mhttp[39m]: [35mGET /api/v1/masters/equipment 304 - - 19.664 ms[39m
[2026-07-21 22:32:11:3211] [[35mhttp[39m]: [35mGET /api/v1/masters/equipment 304 - - 23.869 ms[39m
[2026-07-21 22:32:15:3215] [[35mhttp[39m]: [35mGET /api/v1/masters/equipment 304 - - 9.883 ms[39m
[2026-07-21 22:32:15:3215] [[35mhttp[39m]: [35mGET /api/v1/masters/equipment 304 - - 15.672 ms[39m
[2026-07-21 22:32:19:3219] [[35mhttp[39m]: [35mGET /api/v1/masters/charger-manufacturer 304 - - 20.974 ms[39m
[2026-07-21 22:32:19:3219] [[35mhttp[39m]: [35mGET /api/v1/masters/charger-manufacturer 304 - - 5.893 ms[39m
[2026-07-21 22:32:20:3220] [[35mhttp[39m]: [35mGET /api/v1/masters/charger-model 200 3039 - 9.127 ms[39m
[2026-07-21 22:32:20:3220] [[35mhttp[39m]: [35mGET /api/v1/masters/charger-model 304 - - 10.406 ms[39m
[2026-07-21 22:32:20:3220] [[35mhttp[39m]: [35mGET /api/v1/masters/charger-manufacturer 304 - - 139.061 ms[39m
[2026-07-21 22:32:20:3220] [[35mhttp[39m]: [35mGET /api/v1/masters/charger-manufacturer 304 - - 7.358 ms[39m
[2026-07-21 22:32:22:3222] [[35mhttp[39m]: [35mGET /api/v1/masters/connector 200 870 - 11.431 ms[39m
[2026-07-21 22:32:22:3222] [[35mhttp[39m]: [35mGET /api/v1/masters/connector 304 - - 7.157 ms[39m
[2026-07-21 22:32:23:3223] [[35mhttp[39m]: [35mGET /api/v1/masters/photo-category 200 1753 - 24.047 ms[39m
[2026-07-21 22:32:23:3223] [[35mhttp[39m]: [35mGET /api/v1/masters/photo-category 304 - - 9.275 ms[39m
[2026-07-21 22:32:25:3225] [[35mhttp[39m]: [35mGET /api/v1/masters/connector 304 - - 9.464 ms[39m
[2026-07-21 22:32:25:3225] [[35mhttp[39m]: [35mGET /api/v1/masters/connector 304 - - 6.228 ms[39m
[2026-07-21 22:32:33:3233] [[35mhttp[39m]: [35mGET /api/v1/users 304 - - 11.985 ms[39m
[2026-07-21 22:32:33:3233] [[35mhttp[39m]: [35mGET /api/v1/users 304 - - 7.034 ms[39m
[2026-07-21 22:32:34:3234] [[35mhttp[39m]: [35mGET /api/v1/survey-sites 304 - - 11.384 ms[39m
[2026-07-21 22:32:34:3234] [[35mhttp[39m]: [35mGET /api/v1/survey-sites 304 - - 6.504 ms[39m
[2026-07-21 22:32:38:3238] [[35mhttp[39m]: [35mGET /api/v1/dashboard 304 - - 18.844 ms[39m
[2026-07-21 22:32:38:3238] [[35mhttp[39m]: [35mGET /api/v1/dashboard 304 - - 13.773 ms[39m
[2026-07-21 22:32:39:3239] [[35mhttp[39m]: [35mGET /api/v1/survey-sites 304 - - 11.059 ms[39m
[2026-07-21 22:32:39:3239] [[35mhttp[39m]: [35mGET /api/v1/survey-sites 304 - - 8.515 ms[39m
[2026-07-21 22:32:42:3242] [[35mhttp[39m]: [35mGET /api/v1/dashboard 304 - - 16.875 ms[39m
[2026-07-21 22:32:42:3242] [[35mhttp[39m]: [35mGET /api/v1/dashboard 304 - - 20.334 ms[39m
[2026-07-21 22:32:43:3243] [[35mhttp[39m]: [35mGET /api/v1/survey 304 - - 11.379 ms[39m
[2026-07-21 22:32:43:3243] [[35mhttp[39m]: [35mGET /api/v1/survey 304 - - 5.965 ms[39m
[2026-07-21 22:32:45:3245] [[35mhttp[39m]: [35mGET /api/v1/dashboard 304 - - 13.179 ms[39m
[2026-07-21 22:32:45:3245] [[35mhttp[39m]: [35mGET /api/v1/dashboard 304 - - 19.553 ms[39m
[2026-07-21 22:32:46:3246] [[35mhttp[39m]: [35mGET /api/v1/survey-sites 304 - - 9.188 ms[39m
[2026-07-21 22:32:46:3246] [[35mhttp[39m]: [35mGET /api/v1/survey-sites 304 - - 8.476 ms[39m
[2026-07-21 22:32:48:3248] [[35mhttp[39m]: [35mGET /api/v1/users 304 - - 6.233 ms[39m
[2026-07-21 22:32:48:3248] [[35mhttp[39m]: [35mGET /api/v1/users 304 - - 5.625 ms[39m
[2026-07-21 22:32:49:3249] [[35mhttp[39m]: [35mGET /api/v1/survey-sites 304 - - 15.763 ms[39m
[2026-07-21 22:32:49:3249] [[35mhttp[39m]: [35mGET /api/v1/survey-sites 304 - - 8.937 ms[39m
[2026-07-21 22:32:51:3251] [[35mhttp[39m]: [35mGET /api/v1/survey 304 - - 6.210 ms[39m
[2026-07-21 22:32:51:3251] [[35mhttp[39m]: [35mGET /api/v1/survey 304 - - 14.401 ms[39m
[2026-07-21 22:32:51:3251] [[35mhttp[39m]: [35mGET /api/v1/survey-sites 304 - - 8.965 ms[39m
[2026-07-21 22:32:51:3251] [[35mhttp[39m]: [35mGET /api/v1/survey-sites 304 - - 7.687 ms[39m
[2026-07-21 22:32:52:3252] [[35mhttp[39m]: [35mGET /api/v1/users 304 - - 9.693 ms[39m
[2026-07-21 22:32:52:3252] [[35mhttp[39m]: [35mGET /api/v1/users 304 - - 5.881 ms[39m
[2026-07-21 22:32:53:3253] [[35mhttp[39m]: [35mGET /api/v1/dashboard 304 - - 19.227 ms[39m
[2026-07-21 22:32:53:3253] [[35mhttp[39m]: [35mGET /api/v1/dashboard 304 - - 22.247 ms[39m
[2026-07-21 22:35:23:3523] [[35mhttp[39m]: [35mGET /api/v1/masters/charger-model 304 - - 160.224 ms[39m
[2026-07-21 22:35:23:3523] [[35mhttp[39m]: [35mGET /api/v1/masters/charger-manufacturer 304 - - 161.747 ms[39m
[2026-07-21 22:35:23:3523] [[35mhttp[39m]: [35mGET /api/v1/masters/charger-model 304 - - 10.823 ms[39m
[2026-07-21 22:35:23:3523] [[35mhttp[39m]: [35mGET /api/v1/masters/charger-manufacturer 304 - - 16.822 ms[39m
[2026-07-21 22:35:23:3523] [[35mhttp[39m]: [35mGET /api/v1/masters/charger-manufacturer 304 - - 9.522 ms[39m
[2026-07-21 22:35:23:3523] [[35mhttp[39m]: [35mGET /api/v1/masters/charger-manufacturer 304 - - 8.547 ms[39m
[2026-07-21 22:35:24:3524] [[35mhttp[39m]: [35mGET /api/v1/masters/equipment 304 - - 15.275 ms[39m
[2026-07-21 22:35:24:3524] [[35mhttp[39m]: [35mGET /api/v1/masters/equipment 304 - - 8.864 ms[39m
[2026-07-21 22:35:30:3530] [[35mhttp[39m]: [35mGET /api/v1/auth/me 304 - - 2.618 ms[39m
[2026-07-21 22:35:30:3530] [[35mhttp[39m]: [35mGET /api/v1/auth/me 304 - - 5.884 ms[39m
[2026-07-21 22:35:31:3531] [[35mhttp[39m]: [35mGET /api/v1/dashboard 304 - - 273.348 ms[39m
[2026-07-21 22:35:31:3531] [[35mhttp[39m]: [35mGET /api/v1/dashboard 304 - - 24.558 ms[39m
[2026-07-21 22:35:33:3533] [[35mhttp[39m]: [35mGET /api/v1/users 304 - - 8.408 ms[39m
[2026-07-21 22:35:33:3533] [[35mhttp[39m]: [35mGET /api/v1/users 304 - - 8.633 ms[39m
[2026-07-21 22:35:35:3535] [[35mhttp[39m]: [35mGET /api/v1/survey-sites 304 - - 9.361 ms[39m
[2026-07-21 22:35:35:3535] [[35mhttp[39m]: [35mGET /api/v1/survey-sites 304 - - 7.251 ms[39m
[2026-07-21 22:35:40:3540] [[35mhttp[39m]: [35mGET /api/v1/dashboard 304 - - 21.084 ms[39m
[2026-07-21 22:35:40:3540] [[35mhttp[39m]: [35mGET /api/v1/dashboard 304 - - 23.167 ms[39m
[2026-07-21 22:35:42:3542] [[35mhttp[39m]: [35mGET /api/v1/survey 304 - - 7.323 ms[39m
[2026-07-21 22:35:42:3542] [[35mhttp[39m]: [35mGET /api/v1/survey 304 - - 11.550 ms[39m
[2026-07-21 22:35:44:3544] [[35mhttp[39m]: [35mGET /api/v1/dashboard 304 - - 21.893 ms[39m
[2026-07-21 22:35:44:3544] [[35mhttp[39m]: [35mGET /api/v1/dashboard 304 - - 22.654 ms[39m
[2026-07-21 22:35:45:3545] [[35mhttp[39m]: [35mGET /api/v1/survey-sites 304 - - 10.569 ms[39m
[2026-07-21 22:35:45:3545] [[35mhttp[39m]: [35mGET /api/v1/survey-sites 304 - - 8.457 ms[39m
[2026-07-21 22:35:48:3548] [[35mhttp[39m]: [35mGET /api/v1/survey-sites 304 - - 13.620 ms[39m
[2026-07-21 22:35:48:3548] [[35mhttp[39m]: [35mGET /api/v1/survey-sites 304 - - 13.775 ms[39m
[2026-07-21 22:44:53:4453] [[35mhttp[39m]: [35mGET /api/v1/auth/me 304 - - 84.568 ms[39m
[2026-07-21 22:44:53:4453] [[35mhttp[39m]: [35mGET /api/v1/auth/me 304 - - 3.714 ms[39m
[2026-07-21 22:44:53:4453] [[35mhttp[39m]: [35mGET /api/v1/masters/equipment 304 - - 80.212 ms[39m
[2026-07-21 22:44:53:4453] [[35mhttp[39m]: [35mGET /api/v1/masters/equipment 304 - - 14.654 ms[39m
[2026-07-21 22:45:23:4523] [[32minfo[39m]: [32mDatabase connection established successfully.[39m
[2026-07-21 22:45:23:4523] [[32minfo[39m]: [32mServer is running in development mode on port 5000[39m
[2026-07-21 22:45:23:4523] [[32minfo[39m]: [32mDatabase connection established successfully.[39m
[2026-07-21 22:45:23:4523] [[32minfo[39m]: [32mDatabase connection established successfully.[39m
[2026-07-21 22:45:23:4523] [[32minfo[39m]: [32mDatabase connection established successfully.[39m
[2026-07-21 22:45:24:4524] [[32minfo[39m]: [32mDatabase connection established successfully.[39m
[2026-07-21 22:45:34:4534] [[32minfo[39m]: [32mDatabase connection established successfully.[39m
[2026-07-21 22:45:34:4534] [[32minfo[39m]: [32mServer is running in development mode on port 5000[39m
[2026-07-21 22:45:34:4534] [[32minfo[39m]: [32mDatabase connection established successfully.[39m
[2026-07-21 22:45:35:4535] [[32minfo[39m]: [32mDatabase connection established successfully.[39m
[2026-07-21 22:45:35:4535] [[32minfo[39m]: [32mDatabase connection established successfully.[39m
[2026-07-21 23:21:55:2155] [[32minfo[39m]: [32mDatabase connection established successfully.[39m
[2026-07-21 23:21:55:2155] [[32minfo[39m]: [32mServer is running in development mode on port 5000[39m
[2026-07-21 23:21:55:2155] [[32minfo[39m]: [32mDatabase connection established successfully.[39m
[2026-07-21 23:21:55:2155] [[32minfo[39m]: [32mDatabase connection established successfully.[39m
[2026-07-21 23:21:56:2156] [[32minfo[39m]: [32mDatabase connection established successfully.[39m
[2026-07-21 23:22:08:228] [[32minfo[39m]: [32mDatabase connection established successfully.[39m
[2026-07-21 23:23:01:231] [[32minfo[39m]: [32mDatabase connection established successfully.[39m
[2026-07-21 23:23:01:231] [[32minfo[39m]: [32mServer is running in development mode on port 5000[39m
[2026-07-21 23:23:43:2343] [[35mhttp[39m]: [35mPOST /api/v1/auth/login 200 698 - 232.681 ms[39m
[2026-07-21 23:23:44:2344] [[35mhttp[39m]: [35mGET /api/v1/dashboard 304 - - 300.866 ms[39m
[2026-07-21 23:23:44:2344] [[35mhttp[39m]: [35mGET /api/v1/dashboard 304 - - 29.606 ms[39m
[2026-07-21 23:23:46:2346] [[35mhttp[39m]: [35mGET /api/v1/survey 304 - - 14.350 ms[39m
[2026-07-21 23:23:46:2346] [[35mhttp[39m]: [35mGET /api/v1/survey 304 - - 12.263 ms[39m
[2026-07-21 23:24:04:244] [[35mhttp[39m]: [35mGET /api/v1/masters/equipment 200 19117 - 23.856 ms[39m
[2026-07-21 23:24:04:244] [[35mhttp[39m]: [35mGET /api/v1/masters/equipment 304 - - 12.997 ms[39m
[2026-07-21 23:24:10:2410] [[35mhttp[39m]: [35mGET /api/v1/masters/equipment 304 - - 17.605 ms[39m
[2026-07-21 23:24:10:2410] [[35mhttp[39m]: [35mGET /api/v1/masters/equipment 304 - - 13.599 ms[39m
[2026-07-21 23:24:11:2411] [[35mhttp[39m]: [35mGET /api/v1/masters/charger-manufacturer 200 2344 - 23.457 ms[39m
[2026-07-21 23:24:11:2411] [[35mhttp[39m]: [35mGET /api/v1/masters/charger-manufacturer 304 - - 6.360 ms[39m
[2026-07-21 23:24:14:2414] [[35mhttp[39m]: [35mGET /api/v1/masters/equipment 304 - - 11.791 ms[39m
[2026-07-21 23:24:14:2414] [[35mhttp[39m]: [35mGET /api/v1/masters/equipment 304 - - 11.225 ms[39m
[2026-07-21 23:24:19:2419] [[35mhttp[39m]: [35mGET /api/v1/survey 304 - - 10.446 ms[39m
[2026-07-21 23:24:19:2419] [[35mhttp[39m]: [35mGET /api/v1/survey 304 - - 13.135 ms[39m
[2026-07-21 23:25:40:2540] [[35mhttp[39m]: [35mGET /api/v1/masters/equipment 304 - - 11.985 ms[39m
[2026-07-21 23:25:40:2540] [[35mhttp[39m]: [35mGET /api/v1/masters/equipment 304 - - 13.519 ms[39m
[2026-07-21 23:30:18:3018] [[35mhttp[39m]: [35mGET /api/v1/survey 304 - - 121.565 ms[39m
[2026-07-21 23:30:18:3018] [[35mhttp[39m]: [35mGET /api/v1/survey 304 - - 7.872 ms[39m
[2026-07-21 23:30:22:3022] [[35mhttp[39m]: [35mGET /api/v1/users 200 1561 - 12.968 ms[39m
[2026-07-21 23:30:23:3023] [[35mhttp[39m]: [35mGET /api/v1/survey-sites 200 2055 - 98.639 ms[39m
[2026-07-21 23:30:26:3026] [[35mhttp[39m]: [35mPOST /api/v1/survey-assignment 201 1017 - 37.880 ms[39m
[2026-07-21 23:30:26:3026] [[35mhttp[39m]: [35mGET /api/v1/survey 304 - - 8.925 ms[39m
[2026-07-21 23:30:33:3033] [[35mhttp[39m]: [35mGET /api/v1/survey-sites 200 2055 - 6.014 ms[39m
[2026-07-21 23:30:33:3033] [[35mhttp[39m]: [35mGET /api/v1/survey-sites 304 - - 15.671 ms[39m
[2026-07-21 23:30:37:3037] [[35mhttp[39m]: [35mGET /api/v1/users 304 - - 5.605 ms[39m
[2026-07-21 23:30:37:3037] [[35mhttp[39m]: [35mGET /api/v1/users 304 - - 5.881 ms[39m
[2026-07-21 23:30:38:3038] [[35mhttp[39m]: [35mGET /api/v1/survey 304 - - 9.146 ms[39m
[2026-07-21 23:30:38:3038] [[35mhttp[39m]: [35mGET /api/v1/survey 304 - - 8.556 ms[39m
[2026-07-21 23:34:49:3449] [[32minfo[39m]: [32mDatabase connection established successfully.[39m
[2026-07-21 23:34:49:3449] [[32minfo[39m]: [32mServer is running in development mode on port 5000[39m
[2026-07-21 23:34:49:3449] [[32minfo[39m]: [32mDatabase connection established successfully.[39m
[2026-07-21 23:34:50:3450] [[32minfo[39m]: [32mDatabase connection established successfully.[39m
[2026-07-21 23:34:50:3450] [[32minfo[39m]: [32mDatabase connection established successfully.[39m
[2026-07-21 23:34:50:3450] [[32minfo[39m]: [32mDatabase connection established successfully.[39m
[2026-07-21 23:34:50:3450] [[32minfo[39m]: [32mDatabase connection established successfully.[39m
[2026-07-21 23:34:54:3454] [[35mhttp[39m]: [35mGET /api/v1/survey 304 - - 74.083 ms[39m
[2026-07-21 23:34:54:3454] [[35mhttp[39m]: [35mGET /api/v1/survey-sites 304 - - 172.179 ms[39m
[2026-07-21 23:34:54:3454] [[35mhttp[39m]: [35mGET /api/v1/masters/equipment 304 - - 168.316 ms[39m
[2026-07-21 23:34:54:3454] [[35mhttp[39m]: [35mGET /api/v1/survey 304 - - 20.110 ms[39m
[2026-07-21 23:34:54:3454] [[35mhttp[39m]: [35mGET /api/v1/masters/charger-manufacturer 304 - - 193.901 ms[39m
[2026-07-21 23:34:54:3454] [[35mhttp[39m]: [35mGET /api/v1/masters/connector 304 - - 193.669 ms[39m
[2026-07-21 23:34:54:3454] [[35mhttp[39m]: [35mGET /api/v1/survey-sites 304 - - 12.871 ms[39m
[2026-07-21 23:34:54:3454] [[35mhttp[39m]: [35mGET /api/v1/masters/charger-manufacturer 304 - - 8.485 ms[39m
[2026-07-21 23:34:54:3454] [[35mhttp[39m]: [35mGET /api/v1/masters/equipment 304 - - 19.493 ms[39m
[2026-07-21 23:34:54:3454] [[35mhttp[39m]: [35mGET /api/v1/masters/connector 304 - - 9.485 ms[39m
[2026-07-21 23:36:26:3626] [[32minfo[39m]: [32mDatabase connection established successfully.[39m
[2026-07-21 23:36:26:3626] [[32minfo[39m]: [32mServer is running in development mode on port 5000[39m
[2026-07-21 23:36:59:3659] [[35mhttp[39m]: [35mGET /api/v1/auth/me 200 219 - 37.765 ms[39m
[2026-07-21 23:36:59:3659] [[35mhttp[39m]: [35mGET /api/v1/auth/me 304 - - 5.220 ms[39m
[2026-07-21 23:37:00:370] [[35mhttp[39m]: [35mGET /api/v1/survey-sites 304 - - 21.103 ms[39m
[2026-07-21 23:37:00:370] [[35mhttp[39m]: [35mGET /api/v1/survey-sites 304 - - 10.527 ms[39m
[2026-07-21 23:37:02:372] [[35mhttp[39m]: [35mGET /api/v1/masters/connector 304 - - 21.662 ms[39m
[2026-07-21 23:37:02:372] [[35mhttp[39m]: [35mGET /api/v1/masters/connector 304 - - 7.828 ms[39m
[2026-07-21 23:37:02:372] [[35mhttp[39m]: [35mGET /api/v1/survey-sites 304 - - 209.910 ms[39m
[2026-07-21 23:37:02:372] [[35mhttp[39m]: [35mGET /api/v1/survey 304 - - 207.353 ms[39m
[2026-07-21 23:37:02:372] [[35mhttp[39m]: [35mGET /api/v1/masters/equipment 304 - - 202.212 ms[39m
[2026-07-21 23:37:02:372] [[35mhttp[39m]: [35mGET /api/v1/survey 304 - - 13.476 ms[39m
[2026-07-21 23:37:02:372] [[35mhttp[39m]: [35mGET /api/v1/survey-sites 304 - - 18.752 ms[39m
[2026-07-21 23:37:02:372] [[35mhttp[39m]: [35mGET /api/v1/masters/equipment 304 - - 14.024 ms[39m
[2026-07-21 23:37:02:372] [[35mhttp[39m]: [35mGET /api/v1/masters/charger-manufacturer 304 - - 238.969 ms[39m
[2026-07-21 23:37:02:372] [[35mhttp[39m]: [35mGET /api/v1/masters/charger-manufacturer 304 - - 10.160 ms[39m
[2026-07-21 23:37:05:375] [[35mhttp[39m]: [35mPOST /api/v1/survey/step1 201 2956 - 109.430 ms[39m
[2026-07-21 23:37:34:3734] [[35mhttp[39m]: [35mGET /api/v1/masters/charger-model?manufacturerId=a8a2553d-6eb9-49a8-a464-e065ff42952d 200 1320 - 21.091 ms[39m
[2026-07-21 23:37:36:3736] [[35mhttp[39m]: [35mGET /api/v1/masters/charger-model?manufacturerId=44ee5d2e-8fe6-4278-b7ac-3b26889e1dc5 200 946 - 23.673 ms[39m
[2026-07-21 23:37:40:3740] [[35mhttp[39m]: [35mGET /api/v1/masters/charger-model?manufacturerId=b9c6c756-7633-469b-a2a9-62e898409eb8 200 925 - 15.918 ms[39m
[2026-07-21 23:39:51:3951] [[35mhttp[39m]: [35mPOST /api/v1/survey/step1 201 2988 - 70.897 ms[39m
[2026-07-21 23:39:59:3959] [[35mhttp[39m]: [35mGET /api/v1/survey 200 2136 - 12.438 ms[39m
[2026-07-21 23:39:59:3959] [[35mhttp[39m]: [35mGET /api/v1/survey 304 - - 13.146 ms[39m
[2026-07-21 23:40:01:401] [[35mhttp[39m]: [35mGET /api/v1/reports/38b1c2d1-40fe-4fd7-9cf5-f37c34471228/pdf 401 130 - 0.558 ms[39m
[2026-07-21 23:40:39:4039] [[32minfo[39m]: [32mDatabase connection established successfully.[39m
[2026-07-21 23:40:39:4039] [[32minfo[39m]: [32mServer is running in development mode on port 5000[39m
[2026-07-21 23:40:39:4039] [[32minfo[39m]: [32mDatabase connection established successfully.[39m
[2026-07-21 23:40:40:4040] [[32minfo[39m]: [32mDatabase connection established successfully.[39m
[2026-07-21 23:40:41:4041] [[32minfo[39m]: [32mDatabase connection established successfully.[39m
[2026-07-21 23:40:41:4041] [[32minfo[39m]: [32mDatabase connection established successfully.[39m
[2026-07-21 23:40:41:4041] [[32minfo[39m]: [32mDatabase connection established successfully.[39m
[2026-07-21 23:40:41:4041] [[32minfo[39m]: [32mDatabase connection established successfully.[39m
[2026-07-21 23:40:54:4054] [[35mhttp[39m]: [35mPOST /api/v1/users 201 355 - 394.332 ms[39m
[2026-07-21 23:40:54:4054] [[35mhttp[39m]: [35mGET /api/v1/users 200 1846 - 25.687 ms[39m
[2026-07-21 23:40:54:4054] [[35mhttp[39m]: [35mGET /api/v1/users 304 - - 11.122 ms[39m
[2026-07-21 23:41:01:411] [[35mhttp[39m]: [35mGET /api/v1/users/1148c941-ef4c-421b-be74-2eed0a901025 304 - - 11.216 ms[39m
[2026-07-21 23:41:01:411] [[35mhttp[39m]: [35mGET /api/v1/users/1148c941-ef4c-421b-be74-2eed0a901025 304 - - 8.048 ms[39m
[2026-07-21 23:41:24:4124] [[35mhttp[39m]: [35mGET /api/v1/masters/equipment 304 - - 24.739 ms[39m
[2026-07-21 23:41:24:4124] [[35mhttp[39m]: [35mGET /api/v1/masters/equipment 304 - - 18.550 ms[39m
[2026-07-21 23:41:29:4129] [[35mhttp[39m]: [35mGET /api/v1/survey-sites 200 2060 - 11.450 ms[39m
[2026-07-21 23:41:29:4129] [[35mhttp[39m]: [35mGET /api/v1/survey-sites 304 - - 13.209 ms[39m
[2026-07-21 23:41:35:4135] [[35mhttp[39m]: [35mGET /api/v1/survey-sites 304 - - 12.342 ms[39m
[2026-07-21 23:41:35:4135] [[35mhttp[39m]: [35mGET /api/v1/survey-sites 304 - - 8.111 ms[39m
[2026-07-21 23:41:35:4135] [[35mhttp[39m]: [35mGET /api/v1/users 304 - - 132.501 ms[39m
[2026-07-21 23:41:35:4135] [[35mhttp[39m]: [35mGET /api/v1/users 304 - - 5.317 ms[39m
[2026-07-21 23:41:49:4149] [[35mhttp[39m]: [35mGET /api/v1/users 304 - - 6.852 ms[39m
[2026-07-21 23:41:49:4149] [[35mhttp[39m]: [35mGET /api/v1/users 304 - - 8.640 ms[39m
[2026-07-21 23:42:24:4224] [[35mhttp[39m]: [35mGET /api/v1/masters/connector 304 - - 19.969 ms[39m
[2026-07-21 23:42:24:4224] [[35mhttp[39m]: [35mGET /api/v1/survey 304 - - 29.929 ms[39m
[2026-07-21 23:42:24:4224] [[35mhttp[39m]: [35mGET /api/v1/masters/connector 304 - - 101.140 ms[39m
[2026-07-21 23:42:24:4224] [[35mhttp[39m]: [35mGET /api/v1/survey 304 - - 99.826 ms[39m
[2026-07-21 23:42:24:4224] [[35mhttp[39m]: [35mGET /api/v1/survey-sites 304 - - 132.566 ms[39m
[2026-07-21 23:42:24:4224] [[35mhttp[39m]: [35mGET /api/v1/masters/equipment 304 - - 180.297 ms[39m
[2026-07-21 23:42:24:4224] [[35mhttp[39m]: [35mGET /api/v1/masters/charger-manufacturer 304 - - 179.832 ms[39m
[2026-07-21 23:42:24:4224] [[35mhttp[39m]: [35mGET /api/v1/survey-sites 304 - - 12.434 ms[39m
[2026-07-21 23:42:24:4224] [[35mhttp[39m]: [35mGET /api/v1/masters/equipment 304 - - 17.147 ms[39m
[2026-07-21 23:42:24:4224] [[35mhttp[39m]: [35mGET /api/v1/masters/charger-manufacturer 304 - - 21.984 ms[39m
[2026-07-21 23:42:44:4244] [[35mhttp[39m]: [35mPOST /api/v1/survey/step1 201 2956 - 75.949 ms[39m
[2026-07-21 23:44:56:4456] [[35mhttp[39m]: [35mPOST /api/v1/auth/login 200 727 - 220.250 ms[39m
[2026-07-21 23:44:56:4456] [[35mhttp[39m]: [35mGET /api/v1/dashboard 200 2270 - 31.343 ms[39m
[2026-07-21 23:44:56:4456] [[35mhttp[39m]: [35mGET /api/v1/dashboard 304 - - 28.277 ms[39m
[2026-07-21 23:45:00:450] [[35mhttp[39m]: [35mGET /api/v1/survey-sites 200 2060 - 18.166 ms[39m
[2026-07-21 23:45:00:450] [[35mhttp[39m]: [35mGET /api/v1/survey 200 2136 - 36.735 ms[39m
[2026-07-21 23:45:00:450] [[35mhttp[39m]: [35mGET /api/v1/survey 304 - - 12.619 ms[39m
[2026-07-21 23:45:00:450] [[35mhttp[39m]: [35mGET /api/v1/survey-sites 304 - - 21.130 ms[39m
[2026-07-21 23:45:00:450] [[35mhttp[39m]: [35mGET /api/v1/masters/connector 304 - - 16.530 ms[39m
[2026-07-21 23:45:00:450] [[35mhttp[39m]: [35mGET /api/v1/masters/charger-manufacturer 200 2344 - 24.569 ms[39m
[2026-07-21 23:45:00:450] [[35mhttp[39m]: [35mGET /api/v1/masters/equipment 200 19117 - 32.273 ms[39m
[2026-07-21 23:45:00:450] [[35mhttp[39m]: [35mGET /api/v1/masters/connector 304 - - 12.784 ms[39m
[2026-07-21 23:45:00:450] [[35mhttp[39m]: [35mGET /api/v1/masters/equipment 304 - - 13.413 ms[39m
[2026-07-21 23:45:00:450] [[35mhttp[39m]: [35mGET /api/v1/masters/charger-manufacturer 304 - - 34.775 ms[39m
[2026-07-21 23:45:08:458] [[35mhttp[39m]: [35mGET /api/v1/survey 304 - - 10.317 ms[39m
[2026-07-21 23:45:08:458] [[35mhttp[39m]: [35mGET /api/v1/survey 304 - - 14.127 ms[39m
[2026-07-21 23:45:11:4511] [[35mhttp[39m]: [35mGET /api/v1/users 200 976 - 7.958 ms[39m
[2026-07-21 23:45:11:4511] [[35mhttp[39m]: [35mGET /api/v1/users 304 - - 7.843 ms[39m
[2026-07-21 23:45:12:4512] [[35mhttp[39m]: [35mGET /api/v1/survey-sites 304 - - 18.665 ms[39m
[2026-07-21 23:45:12:4512] [[35mhttp[39m]: [35mGET /api/v1/masters/charger-manufacturer 304 - - 25.264 ms[39m
[2026-07-21 23:45:12:4512] [[35mhttp[39m]: [35mGET /api/v1/survey 304 - - 47.005 ms[39m
[2026-07-21 23:45:12:4512] [[35mhttp[39m]: [35mGET /api/v1/masters/connector 304 - - 27.909 ms[39m
[2026-07-21 23:45:12:4512] [[35mhttp[39m]: [35mGET /api/v1/survey-sites 304 - - 28.880 ms[39m
[2026-07-21 23:45:12:4512] [[35mhttp[39m]: [35mGET /api/v1/masters/charger-manufacturer 304 - - 17.888 ms[39m
[2026-07-21 23:45:12:4512] [[35mhttp[39m]: [35mGET /api/v1/masters/connector 304 - - 15.779 ms[39m
[2026-07-21 23:45:12:4512] [[35mhttp[39m]: [35mGET /api/v1/survey 304 - - 30.814 ms[39m
[2026-07-21 23:45:12:4512] [[35mhttp[39m]: [35mGET /api/v1/masters/equipment 304 - - 64.688 ms[39m
[2026-07-21 23:45:12:4512] [[35mhttp[39m]: [35mGET /api/v1/masters/equipment 304 - - 13.713 ms[39m
[2026-07-21 23:45:38:4538] [[35mhttp[39m]: [35mGET /api/v1/dashboard 304 - - 28.761 ms[39m
[2026-07-21 23:45:38:4538] [[35mhttp[39m]: [35mGET /api/v1/dashboard 304 - - 18.226 ms[39m
[2026-07-21 23:45:49:4549] [[35mhttp[39m]: [35mGET /api/v1/users 304 - - 98.920 ms[39m
[2026-07-21 23:45:49:4549] [[35mhttp[39m]: [35mGET /api/v1/users 304 - - 9.297 ms[39m
[2026-07-21 23:45:56:4556] [[35mhttp[39m]: [35mGET /api/v1/masters/connector 304 - - 8.710 ms[39m
[2026-07-21 23:45:56:4556] [[35mhttp[39m]: [35mGET /api/v1/survey 304 - - 23.593 ms[39m
[2026-07-21 23:45:56:4556] [[35mhttp[39m]: [35mGET /api/v1/survey-sites 304 - - 22.847 ms[39m
[2026-07-21 23:45:56:4556] [[35mhttp[39m]: [35mGET /api/v1/masters/charger-manufacturer 304 - - 18.588 ms[39m
[2026-07-21 23:45:56:4556] [[35mhttp[39m]: [35mGET /api/v1/masters/equipment 304 - - 27.533 ms[39m
[2026-07-21 23:45:56:4556] [[35mhttp[39m]: [35mGET /api/v1/masters/connector 304 - - 24.336 ms[39m
[2026-07-21 23:45:56:4556] [[35mhttp[39m]: [35mGET /api/v1/survey-sites 304 - - 22.442 ms[39m
[2026-07-21 23:45:56:4556] [[35mhttp[39m]: [35mGET /api/v1/survey 304 - - 32.709 ms[39m
[2026-07-21 23:45:56:4556] [[35mhttp[39m]: [35mGET /api/v1/masters/charger-manufacturer 304 - - 22.595 ms[39m
[2026-07-21 23:45:56:4556] [[35mhttp[39m]: [35mGET /api/v1/masters/equipment 304 - - 25.616 ms[39m
[2026-07-21 23:47:36:4736] [[35mhttp[39m]: [35mGET /api/v1/reports/38b1c2d1-40fe-4fd7-9cf5-f37c34471228/excel 401 130 - 0.939 ms[39m
[2026-07-21 23:47:44:4744] [[35mhttp[39m]: [35mGET /api/v1/users 304 - - 105.882 ms[39m
[2026-07-21 23:47:44:4744] [[35mhttp[39m]: [35mGET /api/v1/users 304 - - 12.405 ms[39m
[2026-07-21 23:47:45:4745] [[35mhttp[39m]: [35mGET /api/v1/survey 304 - - 29.603 ms[39m
[2026-07-21 23:47:45:4745] [[35mhttp[39m]: [35mGET /api/v1/masters/charger-manufacturer 304 - - 25.077 ms[39m
[2026-07-21 23:47:45:4745] [[35mhttp[39m]: [35mGET /api/v1/masters/charger-manufacturer 304 - - 12.097 ms[39m
[2026-07-21 23:47:45:4745] [[35mhttp[39m]: [35mGET /api/v1/survey 304 - - 15.210 ms[39m
[2026-07-21 23:47:46:4746] [[35mhttp[39m]: [35mGET /api/v1/survey-sites 304 - - 228.664 ms[39m
[2026-07-21 23:47:46:4746] [[35mhttp[39m]: [35mGET /api/v1/survey-sites 304 - - 50.598 ms[39m
[2026-07-21 23:47:46:4746] [[35mhttp[39m]: [35mGET /api/v1/masters/connector 304 - - 282.037 ms[39m
[2026-07-21 23:47:46:4746] [[35mhttp[39m]: [35mGET /api/v1/masters/connector 304 - - 17.473 ms[39m
[2026-07-21 23:47:46:4746] [[35mhttp[39m]: [35mGET /api/v1/masters/equipment 304 - - 313.792 ms[39m
[2026-07-21 23:47:46:4746] [[35mhttp[39m]: [35mGET /api/v1/masters/equipment 304 - - 11.190 ms[39m
[2026-07-21 23:49:04:494] [[35mhttp[39m]: [35mGET /api/v1/auth/me 304 - - 5.956 ms[39m
[2026-07-21 23:49:04:494] [[35mhttp[39m]: [35mGET /api/v1/auth/me 304 - - 2.856 ms[39m
[2026-07-21 23:49:04:494] [[35mhttp[39m]: [35mGET /api/v1/masters/equipment 304 - - 18.786 ms[39m
[2026-07-21 23:49:04:494] [[35mhttp[39m]: [35mGET /api/v1/survey-sites 200 2060 - 31.624 ms[39m
[2026-07-21 23:49:04:494] [[35mhttp[39m]: [35mGET /api/v1/survey 200 2136 - 34.246 ms[39m
[2026-07-21 23:49:04:494] [[35mhttp[39m]: [35mGET /api/v1/masters/charger-manufacturer 304 - - 50.177 ms[39m
[2026-07-21 23:49:04:494] [[35mhttp[39m]: [35mGET /api/v1/masters/equipment 304 - - 18.884 ms[39m
[2026-07-21 23:49:04:494] [[35mhttp[39m]: [35mGET /api/v1/survey 304 - - 15.554 ms[39m
[2026-07-21 23:49:04:494] [[35mhttp[39m]: [35mGET /api/v1/survey-sites 304 - - 14.761 ms[39m
[2026-07-21 23:49:04:494] [[35mhttp[39m]: [35mGET /api/v1/masters/connector 304 - - 76.292 ms[39m
[2026-07-21 23:49:04:494] [[35mhttp[39m]: [35mGET /api/v1/masters/charger-manufacturer 304 - - 11.385 ms[39m
[2026-07-21 23:49:04:494] [[35mhttp[39m]: [35mGET /api/v1/masters/connector 304 - - 18.290 ms[39m
[2026-07-21 23:49:37:4937] [[35mhttp[39m]: [35mPOST /api/v1/auth/login 200 698 - 217.515 ms[39m
[2026-07-21 23:49:37:4937] [[35mhttp[39m]: [35mGET /api/v1/dashboard 200 2270 - 33.425 ms[39m
[2026-07-21 23:49:37:4937] [[35mhttp[39m]: [35mGET /api/v1/dashboard 304 - - 20.257 ms[39m
[2026-07-21 23:49:40:4940] [[35mhttp[39m]: [35mGET /api/v1/survey 304 - - 14.428 ms[39m
[2026-07-21 23:49:40:4940] [[35mhttp[39m]: [35mGET /api/v1/survey-sites 304 - - 13.586 ms[39m
[2026-07-21 23:49:40:4940] [[35mhttp[39m]: [35mGET /api/v1/masters/connector 304 - - 10.234 ms[39m
[2026-07-21 23:49:40:4940] [[35mhttp[39m]: [35mGET /api/v1/masters/charger-manufacturer 304 - - 15.738 ms[39m
[2026-07-21 23:49:40:4940] [[35mhttp[39m]: [35mGET /api/v1/masters/equipment 304 - - 11.716 ms[39m
[2026-07-21 23:49:40:4940] [[35mhttp[39m]: [35mGET /api/v1/survey-sites 304 - - 8.909 ms[39m
[2026-07-21 23:49:40:4940] [[35mhttp[39m]: [35mGET /api/v1/masters/charger-manufacturer 304 - - 8.234 ms[39m
[2026-07-21 23:49:40:4940] [[35mhttp[39m]: [35mGET /api/v1/masters/connector 304 - - 11.310 ms[39m
[2026-07-21 23:49:40:4940] [[35mhttp[39m]: [35mGET /api/v1/survey 304 - - 40.737 ms[39m
[2026-07-21 23:49:40:4940] [[35mhttp[39m]: [35mGET /api/v1/masters/equipment 304 - - 13.198 ms[39m
[2026-07-21 23:59:31:5931] [[35mhttp[39m]: [35mGET /api/v1/photos?surveyId=38b1c2d1-40fe-4fd7-9cf5-f37c34471228 200 77 - 126.857 ms[39m
[2026-07-21 23:59:31:5931] [[35mhttp[39m]: [35mGET /api/v1/photos?surveyId=38b1c2d1-40fe-4fd7-9cf5-f37c34471228 304 - - 5.179 ms[39m
[2026-07-21 23:59:31:5931] [[35mhttp[39m]: [35mGET /api/v1/survey/38b1c2d1-40fe-4fd7-9cf5-f37c34471228 200 2968 - 157.056 ms[39m
[2026-07-21 23:59:31:5931] [[35mhttp[39m]: [35mGET /api/v1/users 304 - - 7.848 ms[39m
[2026-07-21 23:59:31:5931] [[35mhttp[39m]: [35mGET /api/v1/survey/38b1c2d1-40fe-4fd7-9cf5-f37c34471228 304 - - 17.630 ms[39m
[2026-07-21 23:59:31:5931] [[35mhttp[39m]: [35mGET /api/v1/users 304 - - 5.331 ms[39m
[2026-07-21 23:59:35:5935] [[35mhttp[39m]: [35mGET /api/v1/survey-sites 304 - - 11.013 ms[39m
[2026-07-21 23:59:35:5935] [[35mhttp[39m]: [35mGET /api/v1/survey 304 - - 29.535 ms[39m
[2026-07-21 23:59:35:5935] [[35mhttp[39m]: [35mGET /api/v1/survey-sites 304 - - 13.431 ms[39m
[2026-07-21 23:59:35:5935] [[35mhttp[39m]: [35mGET /api/v1/masters/charger-manufacturer 304 - - 20.864 ms[39m
[2026-07-21 23:59:35:5935] [[35mhttp[39m]: [35mGET /api/v1/masters/connector 304 - - 17.465 ms[39m
[2026-07-21 23:59:35:5935] [[35mhttp[39m]: [35mGET /api/v1/masters/equipment 304 - - 20.027 ms[39m
[2026-07-21 23:59:35:5935] [[35mhttp[39m]: [35mGET /api/v1/masters/connector 304 - - 16.201 ms[39m
[2026-07-21 23:59:35:5935] [[35mhttp[39m]: [35mGET /api/v1/masters/equipment 304 - - 17.788 ms[39m
[2026-07-21 23:59:36:5936] [[35mhttp[39m]: [35mGET /api/v1/survey 304 - - 218.724 ms[39m
[2026-07-21 23:59:36:5936] [[35mhttp[39m]: [35mGET /api/v1/masters/charger-manufacturer 304 - - 203.147 ms[39m
[2026-07-21 23:59:37:5937] [[35mhttp[39m]: [35mGET /api/v1/reports/38b1c2d1-40fe-4fd7-9cf5-f37c34471228/excel 401 130 - 0.292 ms[39m
[2026-07-22 00:07:16:716] [[35mhttp[39m]: [35mGET /api/v1/photos?surveyId=38b1c2d1-40fe-4fd7-9cf5-f37c34471228 200 77 - 157.186 ms[39m
[2026-07-22 00:07:16:716] [[35mhttp[39m]: [35mGET /api/v1/photos?surveyId=38b1c2d1-40fe-4fd7-9cf5-f37c34471228 304 - - 4.134 ms[39m
[2026-07-22 00:07:16:716] [[35mhttp[39m]: [35mGET /api/v1/survey/38b1c2d1-40fe-4fd7-9cf5-f37c34471228 200 2968 - 184.151 ms[39m
[2026-07-22 00:07:16:716] [[35mhttp[39m]: [35mGET /api/v1/survey/38b1c2d1-40fe-4fd7-9cf5-f37c34471228 304 - - 16.694 ms[39m
[2026-07-22 00:07:16:716] [[35mhttp[39m]: [35mGET /api/v1/users 304 - - 7.870 ms[39m
[2026-07-22 00:07:16:716] [[35mhttp[39m]: [35mGET /api/v1/users 304 - - 4.573 ms[39m
[2026-07-22 00:07:28:728] [[35mhttp[39m]: [35mGET /api/v1/reports/38b1c2d1-40fe-4fd7-9cf5-f37c34471228/excel 401 130 - 0.284 ms[39m
[2026-07-22 00:07:33:733] [[35mhttp[39m]: [35mGET /api/v1/reports/38b1c2d1-40fe-4fd7-9cf5-f37c34471228/pdf 401 130 - 0.364 ms[39m
[2026-07-22 00:08:07:87] [[35mhttp[39m]: [35mGET /api/v1/survey-sites 304 - - 20.871 ms[39m
[2026-07-22 00:08:07:87] [[35mhttp[39m]: [35mGET /api/v1/survey 304 - - 27.550 ms[39m
[2026-07-22 00:08:07:87] [[35mhttp[39m]: [35mGET /api/v1/survey-sites 304 - - 9.882 ms[39m
[2026-07-22 00:08:07:87] [[35mhttp[39m]: [35mGET /api/v1/survey 304 - - 14.119 ms[39m
[2026-07-22 00:08:07:87] [[35mhttp[39m]: [35mGET /api/v1/masters/equipment 304 - - 229.133 ms[39m
[2026-07-22 00:08:07:87] [[35mhttp[39m]: [35mGET /api/v1/masters/connector 304 - - 234.050 ms[39m
[2026-07-22 00:08:07:87] [[35mhttp[39m]: [35mGET /api/v1/masters/charger-manufacturer 304 - - 256.706 ms[39m
[2026-07-22 00:08:07:87] [[35mhttp[39m]: [35mGET /api/v1/masters/connector 304 - - 22.432 ms[39m
[2026-07-22 00:08:07:87] [[35mhttp[39m]: [35mGET /api/v1/masters/equipment 304 - - 40.017 ms[39m
[2026-07-22 00:08:07:87] [[35mhttp[39m]: [35mGET /api/v1/masters/charger-manufacturer 304 - - 65.786 ms[39m
[2026-07-22 00:08:12:812] [[35mhttp[39m]: [35mGET /api/v1/reports/38b1c2d1-40fe-4fd7-9cf5-f37c34471228/pdf 401 130 - 0.316 ms[39m
[2026-07-22 00:08:37:837] [[35mhttp[39m]: [35mGET /api/v1/auth/me 200 228 - 3.183 ms[39m
[2026-07-22 00:08:37:837] [[35mhttp[39m]: [35mGET /api/v1/auth/me 304 - - 2.819 ms[39m
[2026-07-22 00:08:37:837] [[35mhttp[39m]: [35mGET /api/v1/survey-sites 304 - - 119.613 ms[39m
[2026-07-22 00:08:37:837] [[35mhttp[39m]: [35mGET /api/v1/masters/connector 304 - - 18.098 ms[39m
[2026-07-22 00:08:37:837] [[35mhttp[39m]: [35mGET /api/v1/survey 304 - - 129.230 ms[39m
[2026-07-22 00:08:37:837] [[35mhttp[39m]: [35mGET /api/v1/masters/charger-manufacturer 304 - - 142.251 ms[39m
[2026-07-22 00:08:37:837] [[35mhttp[39m]: [35mGET /api/v1/survey-sites 304 - - 22.126 ms[39m
[2026-07-22 00:08:37:837] [[35mhttp[39m]: [35mGET /api/v1/masters/equipment 304 - - 31.838 ms[39m
[2026-07-22 00:08:37:837] [[35mhttp[39m]: [35mGET /api/v1/masters/connector 304 - - 47.749 ms[39m
[2026-07-22 00:08:37:837] [[35mhttp[39m]: [35mGET /api/v1/survey 304 - - 53.100 ms[39m
[2026-07-22 00:08:37:837] [[35mhttp[39m]: [35mGET /api/v1/masters/charger-manufacturer 304 - - 54.857 ms[39m
[2026-07-22 00:08:37:837] [[35mhttp[39m]: [35mGET /api/v1/masters/equipment 304 - - 25.167 ms[39m
[2026-07-22 00:09:02:92] [[35mhttp[39m]: [35mPOST /api/v1/auth/login 200 743 - 237.285 ms[39m
[2026-07-22 00:09:04:94] [[35mhttp[39m]: [35mGET /api/v1/survey-assignment 200 1044 - 16.257 ms[39m
[2026-07-22 00:09:04:94] [[35mhttp[39m]: [35mGET /api/v1/survey-assignment 304 - - 14.303 ms[39m
[2026-07-22 00:09:07:97] [[35mhttp[39m]: [35mGET /api/v1/survey 304 - - 10.811 ms[39m
[2026-07-22 00:09:07:97] [[35mhttp[39m]: [35mGET /api/v1/survey 304 - - 9.754 ms[39m
[2026-07-22 00:09:16:916] [[35mhttp[39m]: [35mGET /api/v1/survey-assignment 304 - - 7.601 ms[39m
[2026-07-22 00:09:16:916] [[35mhttp[39m]: [35mGET /api/v1/survey-assignment 304 - - 12.402 ms[39m
[2026-07-22 00:09:17:917] [[35mhttp[39m]: [35mGET /api/v1/survey 304 - - 32.031 ms[39m
[2026-07-22 00:09:17:917] [[35mhttp[39m]: [35mGET /api/v1/survey-sites 304 - - 22.328 ms[39m
[2026-07-22 00:09:17:917] [[35mhttp[39m]: [35mGET /api/v1/masters/connector 304 - - 19.529 ms[39m
[2026-07-22 00:09:17:917] [[35mhttp[39m]: [35mGET /api/v1/masters/charger-manufacturer 304 - - 34.926 ms[39m
[2026-07-22 00:09:17:917] [[35mhttp[39m]: [35mGET /api/v1/survey 304 - - 33.575 ms[39m
[2026-07-22 00:09:17:917] [[35mhttp[39m]: [35mGET /api/v1/survey-sites 304 - - 33.311 ms[39m
[2026-07-22 00:09:17:917] [[35mhttp[39m]: [35mGET /api/v1/masters/equipment 304 - - 45.842 ms[39m
[2026-07-22 00:09:17:917] [[35mhttp[39m]: [35mGET /api/v1/masters/charger-manufacturer 304 - - 22.729 ms[39m
[2026-07-22 00:09:17:917] [[35mhttp[39m]: [35mGET /api/v1/masters/connector 304 - - 28.791 ms[39m
[2026-07-22 00:09:17:917] [[35mhttp[39m]: [35mGET /api/v1/masters/equipment 304 - - 11.593 ms[39m
[2026-07-22 00:10:24:1024] [[35mhttp[39m]: [35mGET /api/v1/survey-sites 304 - - 9.357 ms[39m
[2026-07-22 00:10:24:1024] [[35mhttp[39m]: [35mGET /api/v1/survey-sites 304 - - 6.198 ms[39m
[2026-07-22 00:10:25:1025] [[35mhttp[39m]: [35mGET /api/v1/users 304 - - 10.263 ms[39m
[2026-07-22 00:10:25:1025] [[35mhttp[39m]: [35mGET /api/v1/users 304 - - 8.837 ms[39m
[2026-07-22 00:10:26:1026] [[35mhttp[39m]: [35mGET /api/v1/survey-sites 304 - - 9.742 ms[39m
[2026-07-22 00:10:26:1026] [[35mhttp[39m]: [35mGET /api/v1/masters/charger-manufacturer 304 - - 8.284 ms[39m
[2026-07-22 00:10:26:1026] [[35mhttp[39m]: [35mGET /api/v1/survey 304 - - 14.823 ms[39m
[2026-07-22 00:10:26:1026] [[35mhttp[39m]: [35mGET /api/v1/survey-sites 304 - - 15.734 ms[39m
[2026-07-22 00:10:26:1026] [[35mhttp[39m]: [35mGET /api/v1/masters/connector 304 - - 12.289 ms[39m
[2026-07-22 00:10:26:1026] [[35mhttp[39m]: [35mGET /api/v1/survey 304 - - 16.066 ms[39m
[2026-07-22 00:10:26:1026] [[35mhttp[39m]: [35mGET /api/v1/masters/equipment 304 - - 15.820 ms[39m
[2026-07-22 00:10:26:1026] [[35mhttp[39m]: [35mGET /api/v1/masters/charger-manufacturer 304 - - 38.579 ms[39m
[2026-07-22 00:10:26:1026] [[35mhttp[39m]: [35mGET /api/v1/masters/connector 304 - - 7.355 ms[39m
[2026-07-22 00:10:26:1026] [[35mhttp[39m]: [35mGET /api/v1/masters/equipment 304 - - 12.240 ms[39m
[2026-07-22 00:10:35:1035] [[35mhttp[39m]: [35mPOST /api/v1/survey/step1 201 2956 - 87.614 ms[39m
[2026-07-22 00:10:47:1047] [[35mhttp[39m]: [35mGET /api/v1/users 304 - - 6.617 ms[39m
[2026-07-22 00:10:47:1047] [[35mhttp[39m]: [35mGET /api/v1/users 304 - - 7.791 ms[39m
[2026-07-22 00:10:56:1056] [[35mhttp[39m]: [35mGET /api/v1/survey-sites 200 2060 - 5.887 ms[39m
[2026-07-22 00:10:56:1056] [[35mhttp[39m]: [35mGET /api/v1/survey-sites 304 - - 7.696 ms[39m
[2026-07-22 00:11:11:1111] [[35mhttp[39m]: [35mGET /api/v1/users 304 - - 9.776 ms[39m
[2026-07-22 00:11:11:1111] [[35mhttp[39m]: [35mGET /api/v1/users 304 - - 7.362 ms[39m
[2026-07-22 00:11:26:1126] [[35mhttp[39m]: [35mGET /api/v1/survey-sites 304 - - 13.115 ms[39m
[2026-07-22 00:11:26:1126] [[35mhttp[39m]: [35mGET /api/v1/survey-sites 304 - - 10.433 ms[39m
[2026-07-22 00:11:28:1128] [[35mhttp[39m]: [35mGET /api/v1/survey-sites 304 - - 14.617 ms[39m
[2026-07-22 00:11:28:1128] [[35mhttp[39m]: [35mGET /api/v1/masters/connector 304 - - 16.091 ms[39m
[2026-07-22 00:11:28:1128] [[35mhttp[39m]: [35mGET /api/v1/survey 200 2136 - 21.211 ms[39m
[2026-07-22 00:11:28:1128] [[35mhttp[39m]: [35mGET /api/v1/masters/equipment 304 - - 17.720 ms[39m
[2026-07-22 00:11:28:1128] [[35mhttp[39m]: [35mGET /api/v1/masters/charger-manufacturer 304 - - 38.966 ms[39m
[2026-07-22 00:11:28:1128] [[35mhttp[39m]: [35mGET /api/v1/masters/connector 304 - - 13.988 ms[39m
[2026-07-22 00:11:28:1128] [[35mhttp[39m]: [35mGET /api/v1/survey-sites 304 - - 17.274 ms[39m
[2026-07-22 00:11:28:1128] [[35mhttp[39m]: [35mGET /api/v1/survey 304 - - 13.304 ms[39m
[2026-07-22 00:11:28:1128] [[35mhttp[39m]: [35mGET /api/v1/masters/equipment 304 - - 11.860 ms[39m
[2026-07-22 00:11:28:1128] [[35mhttp[39m]: [35mGET /api/v1/masters/charger-manufacturer 304 - - 10.466 ms[39m
[2026-07-22 00:11:57:1157] [[35mhttp[39m]: [35mPOST /api/v1/survey/step1 400 130 - 14.303 ms[39m
[2026-07-22 00:12:07:127] [[35mhttp[39m]: [35mPOST /api/v1/survey/step1 400 130 - 7.839 ms[39m
[2026-07-22 00:12:54:1254] [[35mhttp[39m]: [35mGET /api/v1/auth/me 304 - - 2.816 ms[39m
[2026-07-22 00:12:54:1254] [[35mhttp[39m]: [35mGET /api/v1/auth/me 304 - - 3.468 ms[39m
[2026-07-22 00:12:54:1254] [[35mhttp[39m]: [35mGET /api/v1/masters/charger-manufacturer 304 - - 8.406 ms[39m
[2026-07-22 00:12:54:1254] [[35mhttp[39m]: [35mGET /api/v1/survey 304 - - 35.371 ms[39m
[2026-07-22 00:12:54:1254] [[35mhttp[39m]: [35mGET /api/v1/masters/connector 304 - - 12.750 ms[39m
[2026-07-22 00:12:54:1254] [[35mhttp[39m]: [35mGET /api/v1/masters/equipment 304 - - 15.849 ms[39m
[2026-07-22 00:12:54:1254] [[35mhttp[39m]: [35mGET /api/v1/masters/charger-manufacturer 304 - - 25.722 ms[39m
[2026-07-22 00:12:54:1254] [[35mhttp[39m]: [35mGET /api/v1/masters/connector 304 - - 11.820 ms[39m
[2026-07-22 00:12:54:1254] [[35mhttp[39m]: [35mGET /api/v1/masters/equipment 304 - - 16.753 ms[39m
[2026-07-22 00:12:54:1254] [[35mhttp[39m]: [35mGET /api/v1/survey 304 - - 199.109 ms[39m
[2026-07-22 00:12:54:1254] [[35mhttp[39m]: [35mGET /api/v1/survey-sites 304 - - 339.460 ms[39m
[2026-07-22 00:12:54:1254] [[35mhttp[39m]: [35mGET /api/v1/survey-sites 304 - - 20.460 ms[39m
[2026-07-22 00:14:05:145] [[35mhttp[39m]: [35mPOST /api/v1/survey/step1 201 2956 - 66.454 ms[39m
[2026-07-22 00:14:25:1425] [[35mhttp[39m]: [35mPOST /api/v1/survey/step1 201 2956 - 33.889 ms[39m
[2026-07-22 00:14:46:1446] [[35mhttp[39m]: [35mPOST /api/v1/survey/step1 400 130 - 13.756 ms[39m
[2026-07-22 00:14:49:1449] [[35mhttp[39m]: [35mPOST /api/v1/survey/step1 400 130 - 7.296 ms[39m
[2026-07-22 00:20:25:2025] [[35mhttp[39m]: [35mPOST /api/v1/auth/login 200 743 - 199.056 ms[39m
[2026-07-22 00:20:26:2026] [[35mhttp[39m]: [35mGET /api/v1/survey-assignment 200 1044 - 18.497 ms[39m
[2026-07-22 00:20:26:2026] [[35mhttp[39m]: [35mGET /api/v1/survey-assignment 304 - - 12.878 ms[39m
[2026-07-22 00:20:28:2028] [[35mhttp[39m]: [35mGET /api/v1/survey-assignment 304 - - 13.447 ms[39m
[2026-07-22 00:20:28:2028] [[35mhttp[39m]: [35mGET /api/v1/survey-assignment 304 - - 8.776 ms[39m
[2026-07-22 00:20:28:2028] [[35mhttp[39m]: [35mGET /api/v1/survey/site/e2951ef4-a31d-467d-a209-c79df8a2d20d 304 - - 12.908 ms[39m
[2026-07-22 00:20:28:2028] [[35mhttp[39m]: [35mGET /api/v1/survey/site/e2951ef4-a31d-467d-a209-c79df8a2d20d 304 - - 7.500 ms[39m
[2026-07-22 00:20:37:2037] [[35mhttp[39m]: [35mPOST /api/v1/survey/step1 201 4874 - 95.979 ms[39m
[2026-07-22 00:20:37:2037] [[35mhttp[39m]: [35mGET /api/v1/survey/bfd268f1-26a7-494e-9483-c5118680b2e7 200 4854 - 18.913 ms[39m
[2026-07-22 00:20:37:2037] [[35mhttp[39m]: [35mGET /api/v1/survey/bfd268f1-26a7-494e-9483-c5118680b2e7 304 - - 14.935 ms[39m
[2026-07-22 00:20:50:2050] [[35mhttp[39m]: [35mGET /api/v1/survey/bfd268f1-26a7-494e-9483-c5118680b2e7 304 - - 19.027 ms[39m
[2026-07-22 00:21:04:214] [[35mhttp[39m]: [35mGET /api/v1/survey-assignment 200 1050 - 9.802 ms[39m
[2026-07-22 00:21:04:214] [[35mhttp[39m]: [35mGET /api/v1/survey-assignment 304 - - 8.476 ms[39m
[2026-07-22 00:21:04:214] [[35mhttp[39m]: [35mGET /api/v1/survey/site/e2951ef4-a31d-467d-a209-c79df8a2d20d 200 4700 - 16.125 ms[39m
[2026-07-22 00:21:04:214] [[35mhttp[39m]: [35mGET /api/v1/survey/site/e2951ef4-a31d-467d-a209-c79df8a2d20d 304 - - 15.529 ms[39m
[2026-07-22 00:22:42:2242] [[35mhttp[39m]: [35mGET /api/v1/survey/bfd268f1-26a7-494e-9483-c5118680b2e7 304 - - 23.403 ms[39m
[2026-07-22 00:22:42:2242] [[35mhttp[39m]: [35mGET /api/v1/survey/bfd268f1-26a7-494e-9483-c5118680b2e7 304 - - 14.801 ms[39m
[2026-07-22 00:22:46:2246] [[35mhttp[39m]: [35mGET /api/v1/survey/bfd268f1-26a7-494e-9483-c5118680b2e7 304 - - 20.294 ms[39m
[2026-07-22 00:22:47:2247] [[35mhttp[39m]: [35mGET /api/v1/survey/bfd268f1-26a7-494e-9483-c5118680b2e7 304 - - 17.670 ms[39m
[2026-07-22 00:22:48:2248] [[35mhttp[39m]: [35mGET /api/v1/survey/bfd268f1-26a7-494e-9483-c5118680b2e7 304 - - 16.513 ms[39m
[2026-07-22 00:22:50:2250] [[35mhttp[39m]: [35mPOST /api/v1/survey/lock-asset 200 549 - 20.445 ms[39m
[2026-07-22 00:22:50:2250] [[35mhttp[39m]: [35mGET /api/v1/survey/bfd268f1-26a7-494e-9483-c5118680b2e7 200 5011 - 21.863 ms[39m
[2026-07-22 00:22:50:2250] [[35mhttp[39m]: [35mGET /api/v1/masters/equipment 304 - - 10.871 ms[39m
[2026-07-22 00:22:50:2250] [[35mhttp[39m]: [35mGET /api/v1/survey/bfd268f1-26a7-494e-9483-c5118680b2e7 304 - - 25.014 ms[39m
[2026-07-22 00:22:50:2250] [[35mhttp[39m]: [35mGET /api/v1/masters/equipment 304 - - 114.805 ms[39m
[2026-07-22 00:22:50:2250] [[35mhttp[39m]: [35mGET /api/v1/masters/connector 304 - - 155.712 ms[39m
[2026-07-22 00:22:50:2250] [[35mhttp[39m]: [35mGET /api/v1/masters/charger-manufacturer 304 - - 163.181 ms[39m
[2026-07-22 00:22:50:2250] [[35mhttp[39m]: [35mGET /api/v1/masters/connector 304 - - 6.230 ms[39m
[2026-07-22 00:22:50:2250] [[35mhttp[39m]: [35mGET /api/v1/masters/charger-manufacturer 304 - - 12.137 ms[39m
[2026-07-22 00:23:01:231] [[35mhttp[39m]: [35mGET /api/v1/survey/bfd268f1-26a7-494e-9483-c5118680b2e7 304 - - 43.448 ms[39m
[2026-07-22 00:23:01:231] [[35mhttp[39m]: [35mGET /api/v1/survey/bfd268f1-26a7-494e-9483-c5118680b2e7 304 - - 16.617 ms[39m
[2026-07-22 00:23:04:234] [[35mhttp[39m]: [35mPOST /api/v1/survey/lock-asset 200 549 - 17.975 ms[39m
[2026-07-22 00:23:04:234] [[35mhttp[39m]: [35mGET /api/v1/survey/bfd268f1-26a7-494e-9483-c5118680b2e7 200 5168 - 30.216 ms[39m
[2026-07-22 00:23:04:234] [[35mhttp[39m]: [35mGET /api/v1/masters/equipment 304 - - 17.535 ms[39m
[2026-07-22 00:23:04:234] [[35mhttp[39m]: [35mGET /api/v1/masters/charger-manufacturer 304 - - 23.534 ms[39m
[2026-07-22 00:23:04:234] [[35mhttp[39m]: [35mGET /api/v1/masters/connector 304 - - 21.451 ms[39m
[2026-07-22 00:23:04:234] [[35mhttp[39m]: [35mGET /api/v1/masters/connector 304 - - 6.785 ms[39m
[2026-07-22 00:23:04:234] [[35mhttp[39m]: [35mGET /api/v1/masters/charger-manufacturer 304 - - 10.899 ms[39m
[2026-07-22 00:23:04:234] [[35mhttp[39m]: [35mGET /api/v1/masters/equipment 304 - - 16.710 ms[39m
[2026-07-22 00:23:04:234] [[35mhttp[39m]: [35mGET /api/v1/survey/bfd268f1-26a7-494e-9483-c5118680b2e7 304 - - 34.902 ms[39m
[2026-07-22 00:24:20:2420] [[35mhttp[39m]: [35mPOST /api/v1/survey/save-asset 400 4418 - 39.577 ms[39m
[2026-07-22 00:24:28:2428] [[35mhttp[39m]: [35mGET /api/v1/survey/bfd268f1-26a7-494e-9483-c5118680b2e7 200 5168 - 22.639 ms[39m
[2026-07-22 00:24:28:2428] [[35mhttp[39m]: [35mGET /api/v1/survey/bfd268f1-26a7-494e-9483-c5118680b2e7 304 - - 17.591 ms[39m
[2026-07-22 00:24:33:2433] [[35mhttp[39m]: [35mPOST /api/v1/survey/lock-asset 200 554 - 11.272 ms[39m
[2026-07-22 00:24:33:2433] [[35mhttp[39m]: [35mGET /api/v1/survey/bfd268f1-26a7-494e-9483-c5118680b2e7 200 5325 - 30.486 ms[39m
[2026-07-22 00:24:33:2433] [[35mhttp[39m]: [35mGET /api/v1/survey/bfd268f1-26a7-494e-9483-c5118680b2e7 304 - - 24.838 ms[39m
[2026-07-22 00:24:57:2457] [[35mhttp[39m]: [35mGET /api/v1/survey/bfd268f1-26a7-494e-9483-c5118680b2e7 304 - - 22.627 ms[39m
[2026-07-22 00:24:57:2457] [[35mhttp[39m]: [35mGET /api/v1/survey/bfd268f1-26a7-494e-9483-c5118680b2e7 304 - - 16.115 ms[39m
[2026-07-22 00:25:23:2523] [[35mhttp[39m]: [35mPOST /api/v1/survey/step1 400 130 - 16.775 ms[39m
[2026-07-22 00:25:33:2533] [[35mhttp[39m]: [35mGET /api/v1/survey-assignment 200 1050 - 12.022 ms[39m
[2026-07-22 00:25:33:2533] [[35mhttp[39m]: [35mGET /api/v1/survey-assignment 304 - - 13.678 ms[39m
[2026-07-22 00:25:34:2534] [[35mhttp[39m]: [35mGET /api/v1/survey-assignment 304 - - 7.443 ms[39m
[2026-07-22 00:25:34:2534] [[35mhttp[39m]: [35mGET /api/v1/survey-assignment 304 - - 10.490 ms[39m
[2026-07-22 00:25:34:2534] [[35mhttp[39m]: [35mGET /api/v1/survey/site/e2951ef4-a31d-467d-a209-c79df8a2d20d 200 5171 - 15.950 ms[39m
[2026-07-22 00:25:34:2534] [[35mhttp[39m]: [35mGET /api/v1/survey/site/e2951ef4-a31d-467d-a209-c79df8a2d20d 304 - - 16.473 ms[39m
[2026-07-22 00:25:37:2537] [[35mhttp[39m]: [35mGET /api/v1/survey/bfd268f1-26a7-494e-9483-c5118680b2e7 200 5325 - 17.339 ms[39m
[2026-07-22 00:25:37:2537] [[35mhttp[39m]: [35mGET /api/v1/survey/bfd268f1-26a7-494e-9483-c5118680b2e7 304 - - 16.889 ms[39m
[2026-07-22 00:25:41:2541] [[35mhttp[39m]: [35mGET /api/v1/survey-assignment 304 - - 7.700 ms[39m
[2026-07-22 00:25:41:2541] [[35mhttp[39m]: [35mGET /api/v1/survey-assignment 304 - - 9.967 ms[39m
[2026-07-22 00:25:41:2541] [[35mhttp[39m]: [35mGET /api/v1/survey/site/e2951ef4-a31d-467d-a209-c79df8a2d20d 304 - - 15.800 ms[39m
[2026-07-22 00:25:41:2541] [[35mhttp[39m]: [35mGET /api/v1/survey/site/e2951ef4-a31d-467d-a209-c79df8a2d20d 304 - - 37.105 ms[39m
[2026-07-22 00:29:56:2956] [[35mhttp[39m]: [35mGET /api/v1/masters/photo-category 200 1753 - 93.221 ms[39m
[2026-07-22 00:29:56:2956] [[35mhttp[39m]: [35mGET /api/v1/photos?surveyId=bfd268f1-26a7-494e-9483-c5118680b2e7 200 77 - 163.499 ms[39m
[2026-07-22 00:29:56:2956] [[35mhttp[39m]: [35mGET /api/v1/masters/photo-category 304 - - 6.969 ms[39m
[2026-07-22 00:29:56:2956] [[35mhttp[39m]: [35mGET /api/v1/photos?surveyId=bfd268f1-26a7-494e-9483-c5118680b2e7 304 - - 7.374 ms[39m
[2026-07-22 00:30:10:3010] [[35mhttp[39m]: [35mGET /api/v1/survey 200 3184 - 14.537 ms[39m
[2026-07-22 00:30:10:3010] [[35mhttp[39m]: [35mGET /api/v1/survey-sites 200 2063 - 6.561 ms[39m
[2026-07-22 00:30:10:3010] [[35mhttp[39m]: [35mGET /api/v1/masters/charger-manufacturer 304 - - 10.453 ms[39m
[2026-07-22 00:30:10:3010] [[35mhttp[39m]: [35mGET /api/v1/masters/connector 304 - - 6.625 ms[39m
[2026-07-22 00:30:10:3010] [[35mhttp[39m]: [35mGET /api/v1/masters/equipment 304 - - 12.212 ms[39m
[2026-07-22 00:30:10:3010] [[35mhttp[39m]: [35mGET /api/v1/survey 304 - - 14.329 ms[39m
[2026-07-22 00:30:10:3010] [[35mhttp[39m]: [35mGET /api/v1/survey-sites 304 - - 4.262 ms[39m
[2026-07-22 00:30:10:3010] [[35mhttp[39m]: [35mGET /api/v1/masters/charger-manufacturer 304 - - 11.160 ms[39m
[2026-07-22 00:30:10:3010] [[35mhttp[39m]: [35mGET /api/v1/masters/connector 304 - - 7.264 ms[39m
[2026-07-22 00:30:10:3010] [[35mhttp[39m]: [35mGET /api/v1/masters/equipment 304 - - 10.328 ms[39m
[2026-07-22 00:30:10:3010] [[35mhttp[39m]: [35mGET /api/v1/survey-sites 200 2063 - 6.959 ms[39m
[2026-07-22 00:30:10:3010] [[35mhttp[39m]: [35mGET /api/v1/survey 200 3184 - 10.385 ms[39m
[2026-07-22 00:30:10:3010] [[35mhttp[39m]: [35mGET /api/v1/masters/connector 304 - - 4.472 ms[39m
[2026-07-22 00:30:10:3010] [[35mhttp[39m]: [35mGET /api/v1/masters/charger-manufacturer 304 - - 99.011 ms[39m
[2026-07-22 00:30:10:3010] [[35mhttp[39m]: [35mGET /api/v1/masters/equipment 304 - - 7.928 ms[39m
[2026-07-22 00:30:10:3010] [[35mhttp[39m]: [35mGET /api/v1/survey 304 - - 14.391 ms[39m
[2026-07-22 00:30:10:3010] [[35mhttp[39m]: [35mGET /api/v1/survey-sites 304 - - 6.194 ms[39m
[2026-07-22 00:30:10:3010] [[35mhttp[39m]: [35mGET /api/v1/masters/charger-manufacturer 304 - - 6.457 ms[39m
[2026-07-22 00:30:10:3010] [[35mhttp[39m]: [35mGET /api/v1/masters/connector 304 - - 7.449 ms[39m
[2026-07-22 00:30:10:3010] [[35mhttp[39m]: [35mGET /api/v1/masters/equipment 304 - - 11.073 ms[39m
[2026-07-22 00:30:10:3010] [[35mhttp[39m]: [35mGET /api/v1/survey/bfd268f1-26a7-494e-9483-c5118680b2e7 304 - - 33.470 ms[39m
[2026-07-22 00:30:10:3010] [[35mhttp[39m]: [35mGET /api/v1/survey/bfd268f1-26a7-494e-9483-c5118680b2e7 304 - - 20.686 ms[39m
[2026-07-22 00:30:25:3025] [[35mhttp[39m]: [35mPOST /api/v1/survey/lock-asset 200 549 - 19.057 ms[39m
[2026-07-22 00:30:25:3025] [[35mhttp[39m]: [35mGET /api/v1/masters/charger-manufacturer 304 - - 6.637 ms[39m
[2026-07-22 00:30:25:3025] [[35mhttp[39m]: [35mGET /api/v1/survey/bfd268f1-26a7-494e-9483-c5118680b2e7 200 5325 - 19.962 ms[39m
[2026-07-22 00:30:25:3025] [[35mhttp[39m]: [35mGET /api/v1/masters/connector 304 - - 4.819 ms[39m
[2026-07-22 00:30:25:3025] [[35mhttp[39m]: [35mGET /api/v1/masters/equipment 304 - - 8.800 ms[39m
[2026-07-22 00:30:25:3025] [[35mhttp[39m]: [35mGET /api/v1/masters/charger-manufacturer 304 - - 10.329 ms[39m
[2026-07-22 00:30:25:3025] [[35mhttp[39m]: [35mGET /api/v1/masters/connector 304 - - 7.587 ms[39m
[2026-07-22 00:30:25:3025] [[35mhttp[39m]: [35mGET /api/v1/masters/equipment 304 - - 17.149 ms[39m
[2026-07-22 00:30:25:3025] [[35mhttp[39m]: [35mGET /api/v1/survey/bfd268f1-26a7-494e-9483-c5118680b2e7 304 - - 24.684 ms[39m
[2026-07-22 00:30:32:3032] [[35mhttp[39m]: [35mGET /api/v1/survey/bfd268f1-26a7-494e-9483-c5118680b2e7 304 - - 20.423 ms[39m
[2026-07-22 00:30:32:3032] [[35mhttp[39m]: [35mGET /api/v1/survey/bfd268f1-26a7-494e-9483-c5118680b2e7 304 - - 15.568 ms[39m
[2026-07-22 00:30:34:3034] [[35mhttp[39m]: [35mPOST /api/v1/survey/lock-asset 200 549 - 14.106 ms[39m
[2026-07-22 00:30:34:3034] [[35mhttp[39m]: [35mGET /api/v1/masters/connector 304 - - 6.064 ms[39m
[2026-07-22 00:30:34:3034] [[35mhttp[39m]: [35mGET /api/v1/masters/charger-manufacturer 304 - - 10.969 ms[39m
[2026-07-22 00:30:34:3034] [[35mhttp[39m]: [35mGET /api/v1/masters/equipment 304 - - 9.986 ms[39m
[2026-07-22 00:30:34:3034] [[35mhttp[39m]: [35mGET /api/v1/masters/connector 304 - - 6.944 ms[39m
[2026-07-22 00:30:34:3034] [[35mhttp[39m]: [35mGET /api/v1/masters/charger-manufacturer 304 - - 7.067 ms[39m
[2026-07-22 00:30:34:3034] [[35mhttp[39m]: [35mGET /api/v1/masters/equipment 304 - - 10.091 ms[39m
[2026-07-22 00:30:34:3034] [[35mhttp[39m]: [35mGET /api/v1/survey/bfd268f1-26a7-494e-9483-c5118680b2e7 200 5482 - 133.612 ms[39m
[2026-07-22 00:30:34:3034] [[35mhttp[39m]: [35mGET /api/v1/survey/bfd268f1-26a7-494e-9483-c5118680b2e7 304 - - 19.924 ms[39m
[2026-07-22 00:30:38:3038] [[35mhttp[39m]: [35mGET /api/v1/survey/bfd268f1-26a7-494e-9483-c5118680b2e7 304 - - 20.207 ms[39m
[2026-07-22 00:30:38:3038] [[35mhttp[39m]: [35mGET /api/v1/survey/bfd268f1-26a7-494e-9483-c5118680b2e7 304 - - 24.785 ms[39m
[2026-07-22 00:30:40:3040] [[35mhttp[39m]: [35mPOST /api/v1/survey/lock-asset 200 549 - 17.603 ms[39m
[2026-07-22 00:30:40:3040] [[35mhttp[39m]: [35mGET /api/v1/masters/connector 304 - - 7.048 ms[39m
[2026-07-22 00:30:40:3040] [[35mhttp[39m]: [35mGET /api/v1/masters/equipment 304 - - 8.201 ms[39m
[2026-07-22 00:30:40:3040] [[35mhttp[39m]: [35mGET /api/v1/masters/charger-manufacturer 304 - - 22.308 ms[39m
[2026-07-22 00:30:40:3040] [[35mhttp[39m]: [35mGET /api/v1/masters/connector 304 - - 6.714 ms[39m
[2026-07-22 00:30:40:3040] [[35mhttp[39m]: [35mGET /api/v1/masters/equipment 304 - - 8.953 ms[39m
[2026-07-22 00:30:40:3040] [[35mhttp[39m]: [35mGET /api/v1/masters/charger-manufacturer 304 - - 9.031 ms[39m
[2026-07-22 00:30:40:3040] [[35mhttp[39m]: [35mGET /api/v1/survey/bfd268f1-26a7-494e-9483-c5118680b2e7 200 5482 - 67.503 ms[39m
[2026-07-22 00:30:40:3040] [[35mhttp[39m]: [35mGET /api/v1/survey/bfd268f1-26a7-494e-9483-c5118680b2e7 304 - - 22.866 ms[39m
[2026-07-22 00:30:47:3047] [[35mhttp[39m]: [35mGET /api/v1/survey/bfd268f1-26a7-494e-9483-c5118680b2e7 304 - - 26.429 ms[39m
[2026-07-22 00:30:47:3047] [[35mhttp[39m]: [35mGET /api/v1/survey/bfd268f1-26a7-494e-9483-c5118680b2e7 304 - - 35.482 ms[39m
[2026-07-22 00:30:49:3049] [[35mhttp[39m]: [35mPOST /api/v1/survey/lock-asset 200 549 - 16.659 ms[39m
[2026-07-22 00:30:49:3049] [[35mhttp[39m]: [35mGET /api/v1/masters/charger-manufacturer 304 - - 8.884 ms[39m
[2026-07-22 00:30:49:3049] [[35mhttp[39m]: [35mGET /api/v1/masters/connector 304 - - 10.175 ms[39m
[2026-07-22 00:30:49:3049] [[35mhttp[39m]: [35mGET /api/v1/masters/equipment 304 - - 12.382 ms[39m
[2026-07-22 00:30:49:3049] [[35mhttp[39m]: [35mGET /api/v1/survey/bfd268f1-26a7-494e-9483-c5118680b2e7 200 5639 - 31.154 ms[39m
[2026-07-22 00:30:49:3049] [[35mhttp[39m]: [35mGET /api/v1/masters/connector 304 - - 21.684 ms[39m
[2026-07-22 00:30:49:3049] [[35mhttp[39m]: [35mGET /api/v1/masters/charger-manufacturer 304 - - 23.787 ms[39m
[2026-07-22 00:30:49:3049] [[35mhttp[39m]: [35mGET /api/v1/masters/equipment 304 - - 24.855 ms[39m
[2026-07-22 00:30:49:3049] [[35mhttp[39m]: [35mGET /api/v1/survey/bfd268f1-26a7-494e-9483-c5118680b2e7 304 - - 37.203 ms[39m
[2026-07-22 00:30:54:3054] [[35mhttp[39m]: [35mGET /api/v1/survey/bfd268f1-26a7-494e-9483-c5118680b2e7 304 - - 27.381 ms[39m
[2026-07-22 00:30:54:3054] [[35mhttp[39m]: [35mGET /api/v1/survey/bfd268f1-26a7-494e-9483-c5118680b2e7 304 - - 38.316 ms[39m
[2026-07-22 00:31:51:3151] [[35mhttp[39m]: [35mGET /api/v1/survey-sites 304 - - 11.443 ms[39m
[2026-07-22 00:31:51:3151] [[35mhttp[39m]: [35mGET /api/v1/survey-sites 304 - - 10.022 ms[39m
[2026-07-22 00:33:45:3345] [[35mhttp[39m]: [35mGET /api/v1/photos?surveyId=bfd268f1-26a7-494e-9483-c5118680b2e7 304 - - 5.224 ms[39m
[2026-07-22 00:33:45:3345] [[35mhttp[39m]: [35mGET /api/v1/masters/photo-category 304 - - 5.318 ms[39m
[2026-07-22 00:33:45:3345] [[35mhttp[39m]: [35mGET /api/v1/photos?surveyId=bfd268f1-26a7-494e-9483-c5118680b2e7 304 - - 7.485 ms[39m
[2026-07-22 00:33:45:3345] [[35mhttp[39m]: [35mGET /api/v1/masters/photo-category 304 - - 7.249 ms[39m
[2026-07-22 00:33:46:3346] [[35mhttp[39m]: [35mGET /api/v1/survey/bfd268f1-26a7-494e-9483-c5118680b2e7 304 - - 28.431 ms[39m
[2026-07-22 00:33:46:3346] [[35mhttp[39m]: [35mGET /api/v1/survey/bfd268f1-26a7-494e-9483-c5118680b2e7 304 - - 21.021 ms[39m
[2026-07-22 00:33:47:3347] [[35mhttp[39m]: [35mGET /api/v1/masters/connector 304 - - 7.454 ms[39m
[2026-07-22 00:33:47:3347] [[35mhttp[39m]: [35mGET /api/v1/masters/equipment 304 - - 15.215 ms[39m
[2026-07-22 00:33:47:3347] [[35mhttp[39m]: [35mGET /api/v1/masters/charger-manufacturer 304 - - 26.881 ms[39m
[2026-07-22 00:33:47:3347] [[35mhttp[39m]: [35mGET /api/v1/survey/bfd268f1-26a7-494e-9483-c5118680b2e7 304 - - 32.078 ms[39m
[2026-07-22 00:33:47:3347] [[35mhttp[39m]: [35mGET /api/v1/masters/connector 304 - - 8.064 ms[39m
[2026-07-22 00:33:47:3347] [[35mhttp[39m]: [35mGET /api/v1/masters/equipment 304 - - 11.792 ms[39m
[2026-07-22 00:33:47:3347] [[35mhttp[39m]: [35mGET /api/v1/masters/charger-manufacturer 304 - - 7.799 ms[39m
[2026-07-22 00:33:47:3347] [[35mhttp[39m]: [35mGET /api/v1/survey/bfd268f1-26a7-494e-9483-c5118680b2e7 304 - - 23.341 ms[39m
[2026-07-22 00:33:51:3351] [[35mhttp[39m]: [35mPOST /api/v1/survey/save-asset 400 4418 - 20.545 ms[39m
[2026-07-22 00:33:53:3353] [[35mhttp[39m]: [35mGET /api/v1/survey/bfd268f1-26a7-494e-9483-c5118680b2e7 200 5639 - 18.832 ms[39m
[2026-07-22 00:33:53:3353] [[35mhttp[39m]: [35mGET /api/v1/survey/bfd268f1-26a7-494e-9483-c5118680b2e7 304 - - 18.009 ms[39m
[2026-07-22 00:33:53:3353] [[35mhttp[39m]: [35mGET /api/v1/survey-assignment 304 - - 11.787 ms[39m
[2026-07-22 00:33:53:3353] [[35mhttp[39m]: [35mGET /api/v1/survey-assignment 304 - - 9.618 ms[39m
[2026-07-22 00:33:53:3353] [[35mhttp[39m]: [35mGET /api/v1/survey/site/e2951ef4-a31d-467d-a209-c79df8a2d20d 200 5485 - 17.786 ms[39m
[2026-07-22 00:33:53:3353] [[35mhttp[39m]: [35mGET /api/v1/survey/site/e2951ef4-a31d-467d-a209-c79df8a2d20d 304 - - 32.654 ms[39m
[2026-07-22 00:33:56:3356] [[35mhttp[39m]: [35mGET /api/v1/survey/bfd268f1-26a7-494e-9483-c5118680b2e7 304 - - 33.572 ms[39m
[2026-07-22 00:33:56:3356] [[35mhttp[39m]: [35mGET /api/v1/survey/bfd268f1-26a7-494e-9483-c5118680b2e7 304 - - 22.165 ms[39m
[2026-07-22 00:34:56:3456] [[35mhttp[39m]: [35mGET /api/v1/masters/charger-manufacturer 304 - - 15.353 ms[39m
[2026-07-22 00:34:56:3456] [[35mhttp[39m]: [35mGET /api/v1/masters/connector 304 - - 11.442 ms[39m
[2026-07-22 00:34:56:3456] [[35mhttp[39m]: [35mGET /api/v1/survey 304 - - 14.313 ms[39m
[2026-07-22 00:34:56:3456] [[35mhttp[39m]: [35mGET /api/v1/survey-sites 304 - - 46.269 ms[39m
[2026-07-22 00:34:56:3456] [[35mhttp[39m]: [35mGET /api/v1/masters/connector 304 - - 11.288 ms[39m
[2026-07-22 00:34:56:3456] [[35mhttp[39m]: [35mGET /api/v1/masters/charger-manufacturer 304 - - 13.989 ms[39m
[2026-07-22 00:34:56:3456] [[35mhttp[39m]: [35mGET /api/v1/masters/equipment 304 - - 14.539 ms[39m
[2026-07-22 00:34:56:3456] [[35mhttp[39m]: [35mGET /api/v1/survey 304 - - 31.870 ms[39m
[2026-07-22 00:34:56:3456] [[35mhttp[39m]: [35mGET /api/v1/masters/equipment 304 - - 8.667 ms[39m
[2026-07-22 00:34:56:3456] [[35mhttp[39m]: [35mGET /api/v1/survey-sites 304 - - 185.387 ms[39m
[2026-07-22 00:34:59:3459] [[35mhttp[39m]: [35mPOST /api/v1/survey/step1 400 130 - 14.898 ms[39m
[2026-07-22 00:35:02:352] [[35mhttp[39m]: [35mPOST /api/v1/survey/step1 400 130 - 7.214 ms[39m
[2026-07-22 00:35:06:356] [[35mhttp[39m]: [35mGET /api/v1/survey-assignment 304 - - 16.526 ms[39m
[2026-07-22 00:35:06:356] [[35mhttp[39m]: [35mGET /api/v1/survey-assignment 304 - - 10.418 ms[39m
[2026-07-22 00:35:07:357] [[35mhttp[39m]: [35mGET /api/v1/survey 304 - - 15.514 ms[39m
[2026-07-22 00:35:07:357] [[35mhttp[39m]: [35mGET /api/v1/survey-sites 304 - - 13.021 ms[39m
[2026-07-22 00:35:07:357] [[35mhttp[39m]: [35mGET /api/v1/masters/connector 304 - - 8.434 ms[39m
[2026-07-22 00:35:07:357] [[35mhttp[39m]: [35mGET /api/v1/masters/equipment 304 - - 11.480 ms[39m
[2026-07-22 00:35:07:357] [[35mhttp[39m]: [35mGET /api/v1/survey 304 - - 18.127 ms[39m
[2026-07-22 00:35:07:357] [[35mhttp[39m]: [35mGET /api/v1/survey-sites 304 - - 9.353 ms[39m
[2026-07-22 00:35:07:357] [[35mhttp[39m]: [35mGET /api/v1/masters/equipment 304 - - 11.517 ms[39m
[2026-07-22 00:35:07:357] [[35mhttp[39m]: [35mGET /api/v1/masters/connector 304 - - 13.972 ms[39m
[2026-07-22 00:35:07:357] [[35mhttp[39m]: [35mGET /api/v1/masters/charger-manufacturer 304 - - 133.715 ms[39m
[2026-07-22 00:35:07:357] [[35mhttp[39m]: [35mGET /api/v1/masters/charger-manufacturer 304 - - 8.196 ms[39m
[2026-07-22 00:35:44:3544] [[35mhttp[39m]: [35mGET /api/v1/survey-assignment 304 - - 17.324 ms[39m
[2026-07-22 00:35:44:3544] [[35mhttp[39m]: [35mGET /api/v1/survey-assignment 304 - - 7.321 ms[39m
[2026-07-22 00:35:47:3547] [[35mhttp[39m]: [35mGET /api/v1/survey-assignment 304 - - 12.247 ms[39m
[2026-07-22 00:35:47:3547] [[35mhttp[39m]: [35mGET /api/v1/survey-assignment 304 - - 10.417 ms[39m
[2026-07-22 00:35:47:3547] [[35mhttp[39m]: [35mGET /api/v1/survey/site/e2951ef4-a31d-467d-a209-c79df8a2d20d 304 - - 29.104 ms[39m
[2026-07-22 00:35:47:3547] [[35mhttp[39m]: [35mGET /api/v1/survey/site/e2951ef4-a31d-467d-a209-c79df8a2d20d 304 - - 14.785 ms[39m
[2026-07-22 00:35:49:3549] [[35mhttp[39m]: [35mGET /api/v1/survey-sites 304 - - 10.541 ms[39m
[2026-07-22 00:35:49:3549] [[35mhttp[39m]: [35mGET /api/v1/survey 304 - - 26.938 ms[39m
[2026-07-22 00:35:49:3549] [[35mhttp[39m]: [35mGET /api/v1/masters/equipment 304 - - 15.080 ms[39m
[2026-07-22 00:35:49:3549] [[35mhttp[39m]: [35mGET /api/v1/masters/charger-manufacturer 304 - - 17.720 ms[39m
[2026-07-22 00:35:49:3549] [[35mhttp[39m]: [35mGET /api/v1/survey-sites 304 - - 6.612 ms[39m
[2026-07-22 00:35:49:3549] [[35mhttp[39m]: [35mGET /api/v1/survey 304 - - 28.609 ms[39m
[2026-07-22 00:35:49:3549] [[35mhttp[39m]: [35mGET /api/v1/masters/equipment 304 - - 25.767 ms[39m
[2026-07-22 00:35:49:3549] [[35mhttp[39m]: [35mGET /api/v1/masters/connector 304 - - 135.907 ms[39m
[2026-07-22 00:35:49:3549] [[35mhttp[39m]: [35mGET /api/v1/masters/connector 304 - - 38.194 ms[39m
[2026-07-22 00:35:49:3549] [[35mhttp[39m]: [35mGET /api/v1/masters/charger-manufacturer 304 - - 154.316 ms[39m
[2026-07-22 00:37:56:3756] [[35mhttp[39m]: [35mGET /api/v1/survey 304 - - 24.841 ms[39m
[2026-07-22 00:37:56:3756] [[35mhttp[39m]: [35mGET /api/v1/masters/charger-manufacturer 304 - - 31.510 ms[39m
[2026-07-22 00:37:56:3756] [[35mhttp[39m]: [35mGET /api/v1/survey-sites 304 - - 30.936 ms[39m
[2026-07-22 00:37:56:3756] [[35mhttp[39m]: [35mGET /api/v1/masters/equipment 304 - - 28.012 ms[39m
[2026-07-22 00:37:56:3756] [[35mhttp[39m]: [35mGET /api/v1/survey 304 - - 37.401 ms[39m
[2026-07-22 00:37:56:3756] [[35mhttp[39m]: [35mGET /api/v1/survey-sites 304 - - 6.366 ms[39m
[2026-07-22 00:37:56:3756] [[35mhttp[39m]: [35mGET /api/v1/masters/charger-manufacturer 304 - - 19.083 ms[39m
[2026-07-22 00:37:56:3756] [[35mhttp[39m]: [35mGET /api/v1/masters/equipment 304 - - 19.712 ms[39m
[2026-07-22 00:37:56:3756] [[35mhttp[39m]: [35mGET /api/v1/masters/connector 304 - - 112.544 ms[39m
[2026-07-22 00:37:56:3756] [[35mhttp[39m]: [35mGET /api/v1/masters/connector 304 - - 13.980 ms[39m
[2026-07-22 00:38:02:382] [[35mhttp[39m]: [35mPOST /api/v1/survey/step1 400 130 - 12.931 ms[39m
[2026-07-22 00:38:16:3816] [[35mhttp[39m]: [35mGET /api/v1/photos?surveyId=bfd268f1-26a7-494e-9483-c5118680b2e7 200 77 - 12.588 ms[39m
[2026-07-22 00:38:16:3816] [[35mhttp[39m]: [35mGET /api/v1/photos?surveyId=bfd268f1-26a7-494e-9483-c5118680b2e7 304 - - 3.933 ms[39m
[2026-07-22 00:38:16:3816] [[35mhttp[39m]: [35mGET /api/v1/survey/bfd268f1-26a7-494e-9483-c5118680b2e7 200 5639 - 37.227 ms[39m
[2026-07-22 00:38:16:3816] [[35mhttp[39m]: [35mGET /api/v1/survey/bfd268f1-26a7-494e-9483-c5118680b2e7 304 - - 22.950 ms[39m
[2026-07-22 00:38:22:3822] [[35mhttp[39m]: [35mGET /api/v1/survey-sites 304 - - 6.735 ms[39m
[2026-07-22 00:38:22:3822] [[35mhttp[39m]: [35mGET /api/v1/survey 304 - - 7.142 ms[39m
[2026-07-22 00:38:22:3822] [[35mhttp[39m]: [35mGET /api/v1/masters/charger-manufacturer 304 - - 9.509 ms[39m
[2026-07-22 00:38:22:3822] [[35mhttp[39m]: [35mGET /api/v1/masters/connector 304 - - 11.582 ms[39m
[2026-07-22 00:38:22:3822] [[35mhttp[39m]: [35mGET /api/v1/survey 304 - - 21.540 ms[39m
[2026-07-22 00:38:22:3822] [[35mhttp[39m]: [35mGET /api/v1/masters/equipment 304 - - 29.482 ms[39m
[2026-07-22 00:38:22:3822] [[35mhttp[39m]: [35mGET /api/v1/masters/charger-manufacturer 304 - - 20.338 ms[39m
[2026-07-22 00:38:22:3822] [[35mhttp[39m]: [35mGET /api/v1/survey-sites 304 - - 26.002 ms[39m
[2026-07-22 00:38:22:3822] [[35mhttp[39m]: [35mGET /api/v1/masters/connector 304 - - 13.711 ms[39m
[2026-07-22 00:38:22:3822] [[35mhttp[39m]: [35mGET /api/v1/masters/equipment 304 - - 17.555 ms[39m
[2026-07-22 00:38:25:3825] [[35mhttp[39m]: [35mGET /api/v1/photos?surveyId=38b1c2d1-40fe-4fd7-9cf5-f37c34471228 304 - - 9.127 ms[39m
[2026-07-22 00:38:25:3825] [[35mhttp[39m]: [35mGET /api/v1/photos?surveyId=38b1c2d1-40fe-4fd7-9cf5-f37c34471228 304 - - 4.089 ms[39m
[2026-07-22 00:38:25:3825] [[35mhttp[39m]: [35mGET /api/v1/survey/38b1c2d1-40fe-4fd7-9cf5-f37c34471228 304 - - 32.200 ms[39m
[2026-07-22 00:38:25:3825] [[35mhttp[39m]: [35mGET /api/v1/survey/38b1c2d1-40fe-4fd7-9cf5-f37c34471228 304 - - 15.715 ms[39m
[2026-07-22 00:38:40:3840] [[35mhttp[39m]: [35mGET /api/v1/survey 304 - - 15.041 ms[39m
[2026-07-22 00:38:40:3840] [[35mhttp[39m]: [35mGET /api/v1/masters/connector 304 - - 12.832 ms[39m
[2026-07-22 00:38:40:3840] [[35mhttp[39m]: [35mGET /api/v1/survey-sites 304 - - 18.312 ms[39m
[2026-07-22 00:38:40:3840] [[35mhttp[39m]: [35mGET /api/v1/masters/charger-manufacturer 304 - - 19.446 ms[39m
[2026-07-22 00:38:40:3840] [[35mhttp[39m]: [35mGET /api/v1/masters/equipment 304 - - 17.961 ms[39m
[2026-07-22 00:38:40:3840] [[35mhttp[39m]: [35mGET /api/v1/survey 304 - - 21.436 ms[39m
[2026-07-22 00:38:40:3840] [[35mhttp[39m]: [35mGET /api/v1/survey-sites 304 - - 15.783 ms[39m
[2026-07-22 00:38:40:3840] [[35mhttp[39m]: [35mGET /api/v1/masters/charger-manufacturer 304 - - 14.089 ms[39m
[2026-07-22 00:38:40:3840] [[35mhttp[39m]: [35mGET /api/v1/masters/connector 304 - - 19.368 ms[39m
[2026-07-22 00:38:40:3840] [[35mhttp[39m]: [35mGET /api/v1/masters/equipment 304 - - 16.838 ms[39m
[2026-07-22 00:38:44:3844] [[35mhttp[39m]: [35mGET /api/v1/photos?surveyId=38b1c2d1-40fe-4fd7-9cf5-f37c34471228 304 - - 8.250 ms[39m
[2026-07-22 00:38:44:3844] [[35mhttp[39m]: [35mGET /api/v1/photos?surveyId=38b1c2d1-40fe-4fd7-9cf5-f37c34471228 304 - - 4.891 ms[39m
[2026-07-22 00:38:44:3844] [[35mhttp[39m]: [35mGET /api/v1/survey/38b1c2d1-40fe-4fd7-9cf5-f37c34471228 304 - - 23.722 ms[39m
[2026-07-22 00:38:44:3844] [[35mhttp[39m]: [35mGET /api/v1/survey/38b1c2d1-40fe-4fd7-9cf5-f37c34471228 304 - - 15.909 ms[39m
[2026-07-22 00:38:46:3846] [[35mhttp[39m]: [35mGET /api/v1/survey-sites 304 - - 7.453 ms[39m
[2026-07-22 00:38:46:3846] [[35mhttp[39m]: [35mGET /api/v1/survey 304 - - 10.896 ms[39m
[2026-07-22 00:38:46:3846] [[35mhttp[39m]: [35mGET /api/v1/masters/charger-manufacturer 304 - - 10.576 ms[39m
[2026-07-22 00:38:46:3846] [[35mhttp[39m]: [35mGET /api/v1/masters/connector 304 - - 17.010 ms[39m
[2026-07-22 00:38:46:3846] [[35mhttp[39m]: [35mGET /api/v1/survey-sites 304 - - 9.685 ms[39m
[2026-07-22 00:38:46:3846] [[35mhttp[39m]: [35mGET /api/v1/masters/charger-manufacturer 304 - - 12.750 ms[39m
[2026-07-22 00:38:46:3846] [[35mhttp[39m]: [35mGET /api/v1/survey 304 - - 19.574 ms[39m
[2026-07-22 00:38:46:3846] [[35mhttp[39m]: [35mGET /api/v1/masters/equipment 304 - - 30.870 ms[39m
[2026-07-22 00:38:46:3846] [[35mhttp[39m]: [35mGET /api/v1/masters/connector 304 - - 14.604 ms[39m
[2026-07-22 00:38:46:3846] [[35mhttp[39m]: [35mGET /api/v1/masters/equipment 304 - - 8.111 ms[39m
[2026-07-22 00:38:48:3848] [[35mhttp[39m]: [35mGET /api/v1/photos?surveyId=bfd268f1-26a7-494e-9483-c5118680b2e7 304 - - 8.762 ms[39m
[2026-07-22 00:38:48:3848] [[35mhttp[39m]: [35mGET /api/v1/photos?surveyId=bfd268f1-26a7-494e-9483-c5118680b2e7 304 - - 4.381 ms[39m
[2026-07-22 00:38:48:3848] [[35mhttp[39m]: [35mGET /api/v1/survey/bfd268f1-26a7-494e-9483-c5118680b2e7 304 - - 36.399 ms[39m
[2026-07-22 00:38:48:3848] [[35mhttp[39m]: [35mGET /api/v1/survey/bfd268f1-26a7-494e-9483-c5118680b2e7 304 - - 48.779 ms[39m
[2026-07-22 00:38:53:3853] [[35mhttp[39m]: [35mGET /api/v1/survey-sites 304 - - 9.412 ms[39m
[2026-07-22 00:38:53:3853] [[35mhttp[39m]: [35mGET /api/v1/survey 304 - - 15.855 ms[39m
[2026-07-22 00:38:53:3853] [[35mhttp[39m]: [35mGET /api/v1/masters/charger-manufacturer 304 - - 14.506 ms[39m
[2026-07-22 00:38:53:3853] [[35mhttp[39m]: [35mGET /api/v1/masters/connector 304 - - 16.877 ms[39m
[2026-07-22 00:38:53:3853] [[35mhttp[39m]: [35mGET /api/v1/masters/equipment 304 - - 21.511 ms[39m
[2026-07-22 00:38:53:3853] [[35mhttp[39m]: [35mGET /api/v1/survey-sites 304 - - 17.703 ms[39m
[2026-07-22 00:38:53:3853] [[35mhttp[39m]: [35mGET /api/v1/survey 304 - - 20.331 ms[39m
[2026-07-22 00:38:53:3853] [[35mhttp[39m]: [35mGET /api/v1/masters/charger-manufacturer 304 - - 21.104 ms[39m
[2026-07-22 00:38:53:3853] [[35mhttp[39m]: [35mGET /api/v1/masters/connector 304 - - 17.573 ms[39m
[2026-07-22 00:38:53:3853] [[35mhttp[39m]: [35mGET /api/v1/masters/equipment 304 - - 15.581 ms[39m
[2026-07-22 00:39:26:3926] [[35mhttp[39m]: [35mPOST /api/v1/survey/step1 400 130 - 9.071 ms[39m
[2026-07-22 00:39:47:3947] [[32minfo[39m]: [32mDatabase connection established successfully.[39m
[2026-07-22 00:39:47:3947] [[32minfo[39m]: [32mServer is running in development mode on port 5000[39m
[2026-07-22 00:39:48:3948] [[32minfo[39m]: [32mDatabase connection established successfully.[39m
[2026-07-22 00:39:48:3948] [[32minfo[39m]: [32mDatabase connection established successfully.[39m
[2026-07-22 00:39:48:3948] [[32minfo[39m]: [32mDatabase connection established successfully.[39m
[2026-07-22 00:39:48:3948] [[32minfo[39m]: [32mDatabase connection established successfully.[39m
[2026-07-22 00:39:48:3948] [[32minfo[39m]: [32mDatabase connection established successfully.[39m
[2026-07-22 00:39:48:3948] [[32minfo[39m]: [32mDatabase connection established successfully.[39m
[2026-07-22 00:40:03:403] [[32minfo[39m]: [32mDatabase connection established successfully.[39m
[2026-07-22 00:40:03:403] [[32minfo[39m]: [32mServer is running in development mode on port 5000[39m
[2026-07-22 00:40:03:403] [[32minfo[39m]: [32mDatabase connection established successfully.[39m
[2026-07-22 00:40:03:403] [[32minfo[39m]: [32mDatabase connection established successfully.[39m
[2026-07-22 00:40:03:403] [[32minfo[39m]: [32mDatabase connection established successfully.[39m
[2026-07-22 00:40:03:403] [[32minfo[39m]: [32mDatabase connection established successfully.[39m
[2026-07-22 00:40:03:403] [[32minfo[39m]: [32mDatabase connection established successfully.[39m
[2026-07-22 00:40:03:403] [[32minfo[39m]: [32mDatabase connection established successfully.[39m
[2026-07-22 00:40:18:4018] [[32minfo[39m]: [32mDatabase connection established successfully.[39m
[2026-07-22 00:40:18:4018] [[32minfo[39m]: [32mServer is running in development mode on port 5000[39m
[2026-07-22 00:40:18:4018] [[32minfo[39m]: [32mDatabase connection established successfully.[39m
[2026-07-22 00:40:18:4018] [[32minfo[39m]: [32mDatabase connection established successfully.[39m
[2026-07-22 00:40:19:4019] [[32minfo[39m]: [32mDatabase connection established successfully.[39m
[2026-07-22 00:40:19:4019] [[32minfo[39m]: [32mDatabase connection established successfully.[39m
[2026-07-22 00:40:19:4019] [[32minfo[39m]: [32mDatabase connection established successfully.[39m
[2026-07-22 00:40:19:4019] [[32minfo[39m]: [32mDatabase connection established successfully.[39m
[2026-07-22 00:40:35:4035] [[32minfo[39m]: [32mDatabase connection established successfully.[39m
[2026-07-22 00:40:35:4035] [[32minfo[39m]: [32mServer is running in development mode on port 5000[39m
[2026-07-22 00:40:35:4035] [[32minfo[39m]: [32mDatabase connection established successfully.[39m
[2026-07-22 00:40:35:4035] [[32minfo[39m]: [32mDatabase connection established successfully.[39m
[2026-07-22 00:40:35:4035] [[32minfo[39m]: [32mDatabase connection established successfully.[39m
[2026-07-22 00:40:35:4035] [[32minfo[39m]: [32mDatabase connection established successfully.[39m
[2026-07-22 00:40:35:4035] [[32minfo[39m]: [32mDatabase connection established successfully.[39m
[2026-07-22 00:40:36:4036] [[32minfo[39m]: [32mDatabase connection established successfully.[39m
[2026-07-22 00:42:43:4243] [[35mhttp[39m]: [35mGET /api/v1/survey/38b1c2d1-40fe-4fd7-9cf5-f37c34471228 403 178 - 63.841 ms[39m
[2026-07-22 00:42:43:4243] [[35mhttp[39m]: [35mGET /api/v1/survey/38b1c2d1-40fe-4fd7-9cf5-f37c34471228 403 178 - 21.793 ms[39m
[2026-07-22 00:42:43:4243] [[35mhttp[39m]: [35mGET /api/v1/photos?surveyId=38b1c2d1-40fe-4fd7-9cf5-f37c34471228 304 - - 81.035 ms[39m
[2026-07-22 00:42:43:4243] [[35mhttp[39m]: [35mGET /api/v1/photos?surveyId=38b1c2d1-40fe-4fd7-9cf5-f37c34471228 304 - - 9.461 ms[39m
[2026-07-22 00:42:47:4247] [[35mhttp[39m]: [35mGET /api/v1/masters/charger-manufacturer 304 - - 17.787 ms[39m
[2026-07-22 00:42:47:4247] [[35mhttp[39m]: [35mGET /api/v1/survey-sites 200 574 - 24.756 ms[39m
[2026-07-22 00:42:47:4247] [[35mhttp[39m]: [35mGET /api/v1/masters/charger-manufacturer 304 - - 21.622 ms[39m
[2026-07-22 00:42:47:4247] [[35mhttp[39m]: [35mGET /api/v1/survey-sites 304 - - 18.057 ms[39m
[2026-07-22 00:42:47:4247] [[35mhttp[39m]: [35mGET /api/v1/masters/connector 304 - - 143.695 ms[39m
[2026-07-22 00:42:47:4247] [[35mhttp[39m]: [35mGET /api/v1/masters/equipment 304 - - 148.921 ms[39m
[2026-07-22 00:42:47:4247] [[35mhttp[39m]: [35mGET /api/v1/masters/connector 304 - - 9.359 ms[39m
[2026-07-22 00:42:47:4247] [[35mhttp[39m]: [35mGET /api/v1/masters/equipment 304 - - 11.660 ms[39m
[2026-07-22 00:42:47:4247] [[35mhttp[39m]: [35mGET /api/v1/survey 200 1621 - 174.247 ms[39m
[2026-07-22 00:42:47:4247] [[35mhttp[39m]: [35mGET /api/v1/survey 304 - - 11.428 ms[39m
[2026-07-22 00:42:52:4252] [[35mhttp[39m]: [35mGET /api/v1/auth/me 200 234 - 3.148 ms[39m
[2026-07-22 00:42:52:4252] [[35mhttp[39m]: [35mGET /api/v1/auth/me 304 - - 7.209 ms[39m
[2026-07-22 00:42:52:4252] [[35mhttp[39m]: [35mGET /api/v1/survey-sites 304 - - 30.765 ms[39m
[2026-07-22 00:42:52:4252] [[35mhttp[39m]: [35mGET /api/v1/masters/connector 304 - - 29.078 ms[39m
[2026-07-22 00:42:52:4252] [[35mhttp[39m]: [35mGET /api/v1/masters/charger-manufacturer 304 - - 44.720 ms[39m
[2026-07-22 00:42:52:4252] [[35mhttp[39m]: [35mGET /api/v1/masters/equipment 304 - - 132.235 ms[39m
[2026-07-22 00:42:52:4252] [[35mhttp[39m]: [35mGET /api/v1/masters/connector 304 - - 103.218 ms[39m
[2026-07-22 00:42:52:4252] [[35mhttp[39m]: [35mGET /api/v1/survey-sites 304 - - 132.685 ms[39m
[2026-07-22 00:42:52:4252] [[35mhttp[39m]: [35mGET /api/v1/survey 304 - - 169.013 ms[39m
[2026-07-22 00:42:52:4252] [[35mhttp[39m]: [35mGET /api/v1/masters/charger-manufacturer 304 - - 125.699 ms[39m
[2026-07-22 00:42:52:4252] [[35mhttp[39m]: [35mGET /api/v1/masters/equipment 304 - - 19.088 ms[39m
[2026-07-22 00:42:52:4252] [[35mhttp[39m]: [35mGET /api/v1/survey 304 - - 31.899 ms[39m
[2026-07-22 00:42:58:4258] [[35mhttp[39m]: [35mGET /api/v1/survey-assignment 304 - - 12.122 ms[39m
[2026-07-22 00:42:58:4258] [[35mhttp[39m]: [35mGET /api/v1/survey-assignment 304 - - 10.852 ms[39m
[2026-07-22 00:42:59:4259] [[35mhttp[39m]: [35mGET /api/v1/survey-assignment 304 - - 9.910 ms[39m
[2026-07-22 00:42:59:4259] [[35mhttp[39m]: [35mGET /api/v1/survey-assignment 304 - - 8.635 ms[39m
[2026-07-22 00:42:59:4259] [[35mhttp[39m]: [35mGET /api/v1/survey/site/e2951ef4-a31d-467d-a209-c79df8a2d20d 200 5485 - 29.645 ms[39m
[2026-07-22 00:42:59:4259] [[35mhttp[39m]: [35mGET /api/v1/survey/site/e2951ef4-a31d-467d-a209-c79df8a2d20d 304 - - 20.742 ms[39m
[2026-07-22 00:45:27:4527] [[32minfo[39m]: [32mDatabase connection established successfully.[39m
[2026-07-22 00:45:27:4527] [[32minfo[39m]: [32mServer is running in development mode on port 5000[39m
[2026-07-22 00:45:27:4527] [[32minfo[39m]: [32mDatabase connection established successfully.[39m
[2026-07-22 00:45:27:4527] [[32minfo[39m]: [32mDatabase connection established successfully.[39m
[2026-07-22 00:45:27:4527] [[32minfo[39m]: [32mDatabase connection established successfully.[39m
[2026-07-22 00:45:27:4527] [[32minfo[39m]: [32mDatabase connection established successfully.[39m
[2026-07-22 00:45:28:4528] [[32minfo[39m]: [32mDatabase connection established successfully.[39m
[2026-07-22 00:45:28:4528] [[32minfo[39m]: [32mDatabase connection established successfully.[39m
[2026-07-22 00:45:31:4531] [[35mhttp[39m]: [35mGET /api/v1/masters/charger-manufacturer 304 - - 75.395 ms[39m
[2026-07-22 00:45:31:4531] [[35mhttp[39m]: [35mGET /api/v1/masters/connector 304 - - 59.439 ms[39m
[2026-07-22 00:45:31:4531] [[35mhttp[39m]: [35mGET /api/v1/masters/equipment 304 - - 63.321 ms[39m
[2026-07-22 00:45:31:4531] [[35mhttp[39m]: [35mGET /api/v1/survey-sites 304 - - 62.224 ms[39m
[2026-07-22 00:45:31:4531] [[35mhttp[39m]: [35mGET /api/v1/masters/charger-manufacturer 304 - - 63.040 ms[39m
[2026-07-22 00:45:31:4531] [[35mhttp[39m]: [35mGET /api/v1/masters/equipment 304 - - 42.664 ms[39m
[2026-07-22 00:45:31:4531] [[35mhttp[39m]: [35mGET /api/v1/survey-sites 304 - - 9.940 ms[39m
[2026-07-22 00:45:31:4531] [[35mhttp[39m]: [35mGET /api/v1/masters/equipment 304 - - 15.161 ms[39m
[2026-07-22 00:45:31:4531] [[35mhttp[39m]: [35mGET /api/v1/survey-sites 200 574 - 111.431 ms[39m
[2026-07-22 00:45:31:4531] [[35mhttp[39m]: [35mGET /api/v1/masters/charger-manufacturer 304 - - 22.540 ms[39m
[2026-07-22 00:45:31:4531] [[35mhttp[39m]: [35mGET /api/v1/survey 200 4214 - 117.681 ms[39m
[2026-07-22 00:45:31:4531] [[35mhttp[39m]: [35mGET /api/v1/masters/equipment 304 - - 9.882 ms[39m
[2026-07-22 00:45:31:4531] [[35mhttp[39m]: [35mGET /api/v1/masters/charger-manufacturer 304 - - 15.031 ms[39m
[2026-07-22 00:45:31:4531] [[35mhttp[39m]: [35mGET /api/v1/survey-sites 304 - - 5.926 ms[39m
[2026-07-22 00:45:31:4531] [[35mhttp[39m]: [35mGET /api/v1/survey 304 - - 9.002 ms[39m
[2026-07-22 00:45:31:4531] [[35mhttp[39m]: [35mGET /api/v1/masters/connector 304 - - 38.965 ms[39m
[2026-07-22 00:45:31:4531] [[35mhttp[39m]: [35mGET /api/v1/survey 200 4214 - 196.317 ms[39m
[2026-07-22 00:45:31:4531] [[35mhttp[39m]: [35mGET /api/v1/masters/connector 304 - - 185.891 ms[39m
[2026-07-22 00:45:31:4531] [[35mhttp[39m]: [35mGET /api/v1/survey 304 - - 8.844 ms[39m
[2026-07-22 00:45:31:4531] [[35mhttp[39m]: [35mGET /api/v1/masters/connector 304 - - 5.755 ms[39m
[2026-07-22 00:46:22:4622] [[35mhttp[39m]: [35mGET /api/v1/survey-assignment 304 - - 25.503 ms[39m
[2026-07-22 00:46:22:4622] [[35mhttp[39m]: [35mGET /api/v1/survey-assignment 304 - - 7.976 ms[39m
[2026-07-22 00:46:23:4623] [[35mhttp[39m]: [35mGET /api/v1/survey-assignment 304 - - 7.372 ms[39m
[2026-07-22 00:46:23:4623] [[35mhttp[39m]: [35mGET /api/v1/survey-assignment 304 - - 7.331 ms[39m
[2026-07-22 00:46:23:4623] [[35mhttp[39m]: [35mGET /api/v1/survey/site/e2951ef4-a31d-467d-a209-c79df8a2d20d 304 - - 27.969 ms[39m
[2026-07-22 00:46:23:4623] [[35mhttp[39m]: [35mGET /api/v1/survey/site/e2951ef4-a31d-467d-a209-c79df8a2d20d 304 - - 32.804 ms[39m
[2026-07-22 00:46:48:4648] [[35mhttp[39m]: [35mGET /api/v1/survey/bfd268f1-26a7-494e-9483-c5118680b2e7 200 6134 - 30.158 ms[39m
[2026-07-22 00:46:48:4648] [[35mhttp[39m]: [35mGET /api/v1/survey/bfd268f1-26a7-494e-9483-c5118680b2e7 304 - - 19.307 ms[39m
[2026-07-22 00:46:51:4651] [[35mhttp[39m]: [35mGET /api/v1/survey/bfd268f1-26a7-494e-9483-c5118680b2e7 304 - - 24.731 ms[39m
[2026-07-22 00:46:55:4655] [[35mhttp[39m]: [35mPOST /api/v1/survey/lock-asset 200 541 - 14.644 ms[39m
[2026-07-22 00:47:00:470] [[35mhttp[39m]: [35mGET /api/v1/survey-assignment 304 - - 15.269 ms[39m
[2026-07-22 00:47:00:470] [[35mhttp[39m]: [35mGET /api/v1/survey-assignment 304 - - 11.451 ms[39m
[2026-07-22 00:47:01:471] [[35mhttp[39m]: [35mGET /api/v1/survey-assignment 304 - - 16.537 ms[39m
[2026-07-22 00:47:01:471] [[35mhttp[39m]: [35mGET /api/v1/survey-assignment 304 - - 13.958 ms[39m
[2026-07-22 00:47:01:471] [[35mhttp[39m]: [35mGET /api/v1/survey/site/e2951ef4-a31d-467d-a209-c79df8a2d20d 200 5642 - 21.711 ms[39m
[2026-07-22 00:47:01:471] [[35mhttp[39m]: [35mGET /api/v1/survey/site/e2951ef4-a31d-467d-a209-c79df8a2d20d 304 - - 17.857 ms[39m
[2026-07-22 00:47:03:473] [[35mhttp[39m]: [35mGET /api/v1/survey/bfd268f1-26a7-494e-9483-c5118680b2e7 200 6291 - 22.290 ms[39m
[2026-07-22 00:47:03:473] [[35mhttp[39m]: [35mGET /api/v1/survey/bfd268f1-26a7-494e-9483-c5118680b2e7 304 - - 18.003 ms[39m
[2026-07-22 00:47:41:4741] [[35mhttp[39m]: [35mGET /api/v1/survey-assignment 304 - - 8.511 ms[39m
[2026-07-22 00:47:41:4741] [[35mhttp[39m]: [35mGET /api/v1/survey-assignment 304 - - 10.984 ms[39m
[2026-07-22 00:47:41:4741] [[35mhttp[39m]: [35mGET /api/v1/survey/site/e2951ef4-a31d-467d-a209-c79df8a2d20d 304 - - 16.156 ms[39m
[2026-07-22 00:47:41:4741] [[35mhttp[39m]: [35mGET /api/v1/survey/site/e2951ef4-a31d-467d-a209-c79df8a2d20d 304 - - 13.603 ms[39m
[2026-07-22 00:47:48:4748] [[35mhttp[39m]: [35mGET /api/v1/survey-assignment 304 - - 10.098 ms[39m
[2026-07-22 00:47:48:4748] [[35mhttp[39m]: [35mGET /api/v1/survey-assignment 304 - - 9.958 ms[39m
[2026-07-22 00:48:58:4858] [[35mhttp[39m]: [35mGET /api/v1/auth/me 304 - - 6.746 ms[39m
[2026-07-22 00:48:58:4858] [[35mhttp[39m]: [35mGET /api/v1/auth/me 304 - - 2.604 ms[39m
[2026-07-22 00:48:58:4858] [[35mhttp[39m]: [35mGET /api/v1/survey-assignment 304 - - 38.602 ms[39m
[2026-07-22 00:48:58:4858] [[35mhttp[39m]: [35mGET /api/v1/survey-assignment 304 - - 27.506 ms[39m
[2026-07-22 00:48:58:4858] [[35mhttp[39m]: [35mGET /api/v1/survey/site/e2951ef4-a31d-467d-a209-c79df8a2d20d 200 5642 - 76.612 ms[39m
[2026-07-22 00:48:58:4858] [[35mhttp[39m]: [35mGET /api/v1/survey/site/e2951ef4-a31d-467d-a209-c79df8a2d20d 304 - - 24.128 ms[39m
[2026-07-22 00:50:12:5012] [[35mhttp[39m]: [35mGET /api/v1/survey 304 - - 17.648 ms[39m
[2026-07-22 00:50:12:5012] [[35mhttp[39m]: [35mGET /api/v1/survey 304 - - 21.987 ms[39m
[2026-07-22 00:50:23:5023] [[35mhttp[39m]: [35mGET /api/v1/survey 304 - - 10.733 ms[39m
[2026-07-22 00:50:23:5023] [[35mhttp[39m]: [35mGET /api/v1/survey 304 - - 15.989 ms[39m
[2026-07-22 00:50:23:5023] [[35mhttp[39m]: [35mGET /api/v1/survey-assignment 304 - - 7.765 ms[39m
[2026-07-22 00:50:23:5023] [[35mhttp[39m]: [35mGET /api/v1/survey-assignment 304 - - 8.384 ms[39m
[2026-07-22 00:50:24:5024] [[35mhttp[39m]: [35mGET /api/v1/masters/charger-manufacturer 304 - - 16.029 ms[39m
[2026-07-22 00:50:24:5024] [[35mhttp[39m]: [35mGET /api/v1/masters/connector 304 - - 19.735 ms[39m
[2026-07-22 00:50:24:5024] [[35mhttp[39m]: [35mGET /api/v1/masters/equipment 304 - - 22.818 ms[39m
[2026-07-22 00:50:24:5024] [[35mhttp[39m]: [35mGET /api/v1/masters/charger-manufacturer 304 - - 29.885 ms[39m
[2026-07-22 00:50:24:5024] [[35mhttp[39m]: [35mGET /api/v1/masters/connector 304 - - 22.263 ms[39m
[2026-07-22 00:50:24:5024] [[35mhttp[39m]: [35mGET /api/v1/survey-sites 304 - - 54.211 ms[39m
[2026-07-22 00:50:24:5024] [[35mhttp[39m]: [35mGET /api/v1/masters/equipment 304 - - 28.049 ms[39m
[2026-07-22 00:50:24:5024] [[35mhttp[39m]: [35mGET /api/v1/survey 304 - - 89.494 ms[39m
[2026-07-22 00:50:24:5024] [[35mhttp[39m]: [35mGET /api/v1/survey-sites 304 - - 16.707 ms[39m
[2026-07-22 00:50:24:5024] [[35mhttp[39m]: [35mGET /api/v1/survey 304 - - 12.975 ms[39m
[2026-07-22 00:51:44:5144] [[35mhttp[39m]: [35mPOST /api/v1/survey/step1 201 6311 - 149.850 ms[39m
[2026-07-22 00:51:49:5149] [[35mhttp[39m]: [35mGET /api/v1/survey-assignment 200 1050 - 10.183 ms[39m
[2026-07-22 00:51:49:5149] [[35mhttp[39m]: [35mGET /api/v1/survey-assignment 304 - - 15.152 ms[39m
[2026-07-22 00:51:52:5152] [[35mhttp[39m]: [35mGET /api/v1/survey 200 4214 - 20.204 ms[39m
[2026-07-22 00:51:52:5152] [[35mhttp[39m]: [35mGET /api/v1/survey 304 - - 12.828 ms[39m
[2026-07-22 00:51:52:5152] [[35mhttp[39m]: [35mGET /api/v1/masters/charger-manufacturer 304 - - 15.642 ms[39m
[2026-07-22 00:51:52:5152] [[35mhttp[39m]: [35mGET /api/v1/masters/charger-manufacturer 304 - - 5.662 ms[39m
[2026-07-22 00:51:52:5152] [[35mhttp[39m]: [35mGET /api/v1/survey-sites 200 574 - 181.498 ms[39m
[2026-07-22 00:51:52:5152] [[35mhttp[39m]: [35mGET /api/v1/masters/equipment 304 - - 158.663 ms[39m
[2026-07-22 00:51:52:5152] [[35mhttp[39m]: [35mGET /api/v1/masters/connector 304 - - 171.516 ms[39m
[2026-07-22 00:51:52:5152] [[35mhttp[39m]: [35mGET /api/v1/masters/equipment 304 - - 20.893 ms[39m
[2026-07-22 00:51:52:5152] [[35mhttp[39m]: [35mGET /api/v1/survey-sites 304 - - 27.144 ms[39m
[2026-07-22 00:51:52:5152] [[35mhttp[39m]: [35mGET /api/v1/masters/connector 304 - - 26.626 ms[39m
[2026-07-22 00:51:59:5159] [[35mhttp[39m]: [35mPOST /api/v1/survey/step1 201 6311 - 85.085 ms[39m
[2026-07-22 00:52:09:529] [[35mhttp[39m]: [35mGET /api/v1/survey-assignment 200 1050 - 8.925 ms[39m
[2026-07-22 00:52:09:529] [[35mhttp[39m]: [35mGET /api/v1/survey-assignment 304 - - 13.671 ms[39m
[2026-07-22 00:52:11:5211] [[35mhttp[39m]: [35mGET /api/v1/survey-assignment 304 - - 8.209 ms[39m
[2026-07-22 00:52:11:5211] [[35mhttp[39m]: [35mGET /api/v1/survey-assignment 304 - - 10.320 ms[39m
[2026-07-22 00:52:11:5211] [[35mhttp[39m]: [35mGET /api/v1/survey/site/e2951ef4-a31d-467d-a209-c79df8a2d20d 200 5642 - 19.008 ms[39m
[2026-07-22 00:52:11:5211] [[35mhttp[39m]: [35mGET /api/v1/survey/site/e2951ef4-a31d-467d-a209-c79df8a2d20d 304 - - 15.004 ms[39m
[2026-07-22 00:52:15:5215] [[35mhttp[39m]: [35mGET /api/v1/survey/bfd268f1-26a7-494e-9483-c5118680b2e7 200 6291 - 27.329 ms[39m
[2026-07-22 00:52:15:5215] [[35mhttp[39m]: [35mGET /api/v1/survey/bfd268f1-26a7-494e-9483-c5118680b2e7 304 - - 18.378 ms[39m
[2026-07-22 00:52:18:5218] [[35mhttp[39m]: [35mGET /api/v1/survey-assignment 304 - - 8.078 ms[39m
[2026-07-22 00:52:18:5218] [[35mhttp[39m]: [35mGET /api/v1/survey-assignment 304 - - 9.686 ms[39m
[2026-07-22 00:52:18:5218] [[35mhttp[39m]: [35mGET /api/v1/survey/site/e2951ef4-a31d-467d-a209-c79df8a2d20d 304 - - 14.496 ms[39m
[2026-07-22 00:52:18:5218] [[35mhttp[39m]: [35mGET /api/v1/survey/site/e2951ef4-a31d-467d-a209-c79df8a2d20d 304 - - 17.563 ms[39m
[2026-07-22 00:52:20:5220] [[35mhttp[39m]: [35mGET /api/v1/survey 200 4214 - 26.556 ms[39m
[2026-07-22 00:52:20:5220] [[35mhttp[39m]: [35mGET /api/v1/survey-sites 200 574 - 37.086 ms[39m
[2026-07-22 00:52:20:5220] [[35mhttp[39m]: [35mGET /api/v1/masters/charger-manufacturer 304 - - 36.234 ms[39m
[2026-07-22 00:52:20:5220] [[35mhttp[39m]: [35mGET /api/v1/masters/equipment 304 - - 32.991 ms[39m
[2026-07-22 00:52:20:5220] [[35mhttp[39m]: [35mGET /api/v1/survey-sites 304 - - 14.171 ms[39m
[2026-07-22 00:52:20:5220] [[35mhttp[39m]: [35mGET /api/v1/survey 304 - - 28.237 ms[39m
[2026-07-22 00:52:20:5220] [[35mhttp[39m]: [35mGET /api/v1/masters/equipment 304 - - 25.580 ms[39m
[2026-07-22 00:52:20:5220] [[35mhttp[39m]: [35mGET /api/v1/masters/charger-manufacturer 304 - - 29.708 ms[39m
[2026-07-22 00:52:20:5220] [[35mhttp[39m]: [35mGET /api/v1/masters/connector 304 - - 140.482 ms[39m
[2026-07-22 00:52:20:5220] [[35mhttp[39m]: [35mGET /api/v1/masters/connector 304 - - 10.819 ms[39m
[2026-07-22 00:52:24:5224] [[35mhttp[39m]: [35mPOST /api/v1/survey/step1 201 6311 - 79.262 ms[39m
[2026-07-22 00:52:37:5237] [[35mhttp[39m]: [35mPOST /api/v1/survey/step1 201 6311 - 47.274 ms[39m
[2026-07-22 00:55:11:5511] [[35mhttp[39m]: [35mGET /api/v1/survey-assignment 200 1050 - 11.767 ms[39m
[2026-07-22 00:55:11:5511] [[35mhttp[39m]: [35mGET /api/v1/survey-assignment 304 - - 11.864 ms[39m
[2026-07-22 00:55:12:5512] [[35mhttp[39m]: [35mGET /api/v1/survey-assignment 304 - - 7.767 ms[39m
[2026-07-22 00:55:12:5512] [[35mhttp[39m]: [35mGET /api/v1/survey-assignment 304 - - 9.839 ms[39m
[2026-07-22 00:55:12:5512] [[35mhttp[39m]: [35mGET /api/v1/survey/site/e2951ef4-a31d-467d-a209-c79df8a2d20d 200 5642 - 17.699 ms[39m
[2026-07-22 00:55:12:5512] [[35mhttp[39m]: [35mGET /api/v1/survey/site/e2951ef4-a31d-467d-a209-c79df8a2d20d 304 - - 16.384 ms[39m
[2026-07-22 01:04:04:44] [[35mhttp[39m]: [35mGET /api/v1/auth/me 304 - - 75.251 ms[39m
[2026-07-22 01:04:04:44] [[35mhttp[39m]: [35mGET /api/v1/auth/me 304 - - 2.990 ms[39m
[2026-07-22 01:04:04:44] [[35mhttp[39m]: [35mGET /api/v1/survey-assignment 304 - - 21.342 ms[39m
[2026-07-22 01:04:04:44] [[35mhttp[39m]: [35mGET /api/v1/survey-assignment 304 - - 17.580 ms[39m
[2026-07-22 01:04:04:44] [[35mhttp[39m]: [35mGET /api/v1/survey/site/e2951ef4-a31d-467d-a209-c79df8a2d20d 304 - - 185.562 ms[39m
[2026-07-22 01:04:04:44] [[35mhttp[39m]: [35mGET /api/v1/survey/site/e2951ef4-a31d-467d-a209-c79df8a2d20d 304 - - 15.325 ms[39m
[2026-07-22 01:04:07:47] [[35mhttp[39m]: [35mGET /api/v1/survey-sites 200 574 - 20.816 ms[39m
[2026-07-22 01:04:07:47] [[35mhttp[39m]: [35mGET /api/v1/survey 200 4214 - 34.350 ms[39m
[2026-07-22 01:04:07:47] [[35mhttp[39m]: [35mGET /api/v1/masters/connector 304 - - 13.005 ms[39m
[2026-07-22 01:04:07:47] [[35mhttp[39m]: [35mGET /api/v1/survey-sites 304 - - 12.544 ms[39m
[2026-07-22 01:04:07:47] [[35mhttp[39m]: [35mGET /api/v1/masters/equipment 304 - - 23.800 ms[39m
[2026-07-22 01:04:07:47] [[35mhttp[39m]: [35mGET /api/v1/survey 304 - - 36.692 ms[39m
[2026-07-22 01:04:07:47] [[35mhttp[39m]: [35mGET /api/v1/masters/equipment 304 - - 16.517 ms[39m
[2026-07-22 01:04:07:47] [[35mhttp[39m]: [35mGET /api/v1/masters/connector 304 - - 147.224 ms[39m
[2026-07-22 01:04:07:47] [[35mhttp[39m]: [35mGET /api/v1/masters/charger-manufacturer 304 - - 180.503 ms[39m
[2026-07-22 01:04:07:47] [[35mhttp[39m]: [35mGET /api/v1/masters/charger-manufacturer 304 - - 5.668 ms[39m
[2026-07-22 01:04:09:49] [[35mhttp[39m]: [35mGET /api/v1/survey-assignment 304 - - 19.093 ms[39m
[2026-07-22 01:04:09:49] [[35mhttp[39m]: [35mGET /api/v1/survey-assignment 304 - - 6.562 ms[39m
[2026-07-22 01:14:21:1421] [[35mhttp[39m]: [35mGET /api/v1/masters/equipment 304 - - 109.374 ms[39m
[2026-07-22 01:14:21:1421] [[35mhttp[39m]: [35mGET /api/v1/masters/equipment 304 - - 9.410 ms[39m
[2026-07-22 01:17:23:1723] [[35mhttp[39m]: [35mGET /api/v1/masters/charger-manufacturer 304 - - 24.313 ms[39m
[2026-07-22 01:17:23:1723] [[35mhttp[39m]: [35mGET /api/v1/masters/charger-manufacturer 304 - - 7.635 ms[39m
[2026-07-22 01:17:24:1724] [[35mhttp[39m]: [35mGET /api/v1/masters/equipment 304 - - 19.245 ms[39m
[2026-07-22 01:17:24:1724] [[35mhttp[39m]: [35mGET /api/v1/masters/equipment 304 - - 16.559 ms[39m
[2026-07-22 01:18:02:182] [[35mhttp[39m]: [35mGET /api/v1/users 403 190 - 5.024 ms[39m
[2026-07-22 01:18:08:188] [[35mhttp[39m]: [35mGET /api/v1/survey-sites 304 - - 59.306 ms[39m
[2026-07-22 01:18:08:188] [[35mhttp[39m]: [35mGET /api/v1/survey-sites 304 - - 14.319 ms[39m
[2026-07-22 01:18:12:1812] [[35mhttp[39m]: [35mGET /api/v1/survey-sites 304 - - 179.960 ms[39m
[2026-07-22 01:18:12:1812] [[35mhttp[39m]: [35mGET /api/v1/survey-sites 304 - - 19.487 ms[39m
[2026-07-22 01:18:14:1814] [[35mhttp[39m]: [35mGET /api/v1/dashboard 200 3300 - 280.116 ms[39m
[2026-07-22 01:18:14:1814] [[35mhttp[39m]: [35mGET /api/v1/dashboard 304 - - 58.954 ms[39m
[2026-07-22 01:18:16:1816] [[35mhttp[39m]: [35mGET /api/v1/survey-sites 304 - - 18.011 ms[39m
[2026-07-22 01:18:16:1816] [[35mhttp[39m]: [35mGET /api/v1/survey-sites 304 - - 10.602 ms[39m
[2026-07-22 01:18:19:1819] [[35mhttp[39m]: [35mGET /api/v1/dashboard 304 - - 31.971 ms[39m
[2026-07-22 01:18:19:1819] [[35mhttp[39m]: [35mGET /api/v1/dashboard 304 - - 21.650 ms[39m
[2026-07-22 01:21:07:217] [[35mhttp[39m]: [35mGET /api/v1/masters/equipment 304 - - 23.010 ms[39m
[2026-07-22 01:21:07:217] [[35mhttp[39m]: [35mGET /api/v1/masters/equipment 304 - - 16.697 ms[39m
[2026-07-22 01:21:10:2110] [[35mhttp[39m]: [35mGET /api/v1/masters/charger-manufacturer 304 - - 19.563 ms[39m
[2026-07-22 01:21:11:2111] [[35mhttp[39m]: [35mGET /api/v1/masters/charger-manufacturer 304 - - 10.032 ms[39m
[2026-07-22 01:21:13:2113] [[35mhttp[39m]: [35mGET /api/v1/masters/equipment 304 - - 18.302 ms[39m
[2026-07-22 01:21:13:2113] [[35mhttp[39m]: [35mGET /api/v1/masters/equipment 304 - - 15.299 ms[39m
[2026-07-22 01:21:13:2113] [[35mhttp[39m]: [35mGET /api/v1/masters/charger-model 200 3039 - 14.070 ms[39m
[2026-07-22 01:21:13:2113] [[35mhttp[39m]: [35mGET /api/v1/masters/charger-manufacturer 304 - - 39.792 ms[39m
[2026-07-22 01:21:13:2113] [[35mhttp[39m]: [35mGET /api/v1/masters/charger-model 304 - - 23.821 ms[39m
[2026-07-22 01:21:13:2113] [[35mhttp[39m]: [35mGET /api/v1/masters/charger-manufacturer 304 - - 19.979 ms[39m
[2026-07-22 01:21:14:2114] [[35mhttp[39m]: [35mGET /api/v1/masters/connector 304 - - 16.981 ms[39m
[2026-07-22 01:21:14:2114] [[35mhttp[39m]: [35mGET /api/v1/masters/connector 304 - - 12.252 ms[39m
[2026-07-22 01:21:16:2116] [[35mhttp[39m]: [35mGET /api/v1/survey-sites 200 574 - 15.192 ms[39m
[2026-07-22 01:21:16:2116] [[35mhttp[39m]: [35mGET /api/v1/survey-sites 304 - - 16.920 ms[39m
[2026-07-22 01:21:22:2122] [[35mhttp[39m]: [35mGET /api/v1/users 403 190 - 4.659 ms[39m
[2026-07-22 01:21:22:2122] [[35mhttp[39m]: [35mGET /api/v1/survey-sites 304 - - 17.812 ms[39m
[2026-07-22 01:21:22:2122] [[35mhttp[39m]: [35mGET /api/v1/users 403 190 - 10.852 ms[39m
[2026-07-22 01:21:22:2122] [[35mhttp[39m]: [35mGET /api/v1/survey-sites 304 - - 12.653 ms[39m
[2026-07-22 01:21:24:2124] [[35mhttp[39m]: [35mGET /api/v1/survey-sites 304 - - 11.287 ms[39m
[2026-07-22 01:21:24:2124] [[35mhttp[39m]: [35mGET /api/v1/survey-sites 304 - - 11.952 ms[39m
[2026-07-22 01:22:35:2235] [[35mhttp[39m]: [35mGET /api/v1/users 403 190 - 9.924 ms[39m
[2026-07-22 01:22:35:2235] [[35mhttp[39m]: [35mGET /api/v1/users 403 190 - 3.086 ms[39m
[2026-07-22 01:23:04:234] [[35mhttp[39m]: [35mGET /api/v1/masters/equipment 304 - - 18.997 ms[39m
[2026-07-22 01:23:04:234] [[35mhttp[39m]: [35mGET /api/v1/masters/equipment 304 - - 19.923 ms[39m
[2026-07-22 01:23:05:235] [[35mhttp[39m]: [35mGET /api/v1/survey-sites 304 - - 9.419 ms[39m
[2026-07-22 01:23:05:235] [[35mhttp[39m]: [35mGET /api/v1/survey-sites 304 - - 11.857 ms[39m
[2026-07-22 01:23:08:238] [[35mhttp[39m]: [35mGET /api/v1/survey-sites 304 - - 16.185 ms[39m
[2026-07-22 01:23:08:238] [[35mhttp[39m]: [35mGET /api/v1/users 403 190 - 10.440 ms[39m
[2026-07-22 01:23:08:238] [[35mhttp[39m]: [35mGET /api/v1/survey-sites 304 - - 10.798 ms[39m
[2026-07-22 01:23:08:238] [[35mhttp[39m]: [35mGET /api/v1/users 403 190 - 4.208 ms[39m
[2026-07-22 01:24:55:2455] [[35mhttp[39m]: [35mGET /api/v1/masters/equipment 304 - - 186.308 ms[39m
[2026-07-22 01:24:55:2455] [[35mhttp[39m]: [35mGET /api/v1/survey 304 - - 216.377 ms[39m
[2026-07-22 01:24:55:2455] [[35mhttp[39m]: [35mGET /api/v1/masters/equipment 304 - - 24.649 ms[39m
[2026-07-22 01:24:55:2455] [[35mhttp[39m]: [35mGET /api/v1/survey 304 - - 24.493 ms[39m
[2026-07-22 01:24:55:2455] [[35mhttp[39m]: [35mGET /api/v1/masters/charger-manufacturer 304 - - 241.374 ms[39m
[2026-07-22 01:24:55:2455] [[35mhttp[39m]: [35mGET /api/v1/masters/connector 304 - - 236.079 ms[39m
[2026-07-22 01:24:55:2455] [[35mhttp[39m]: [35mGET /api/v1/survey-sites 304 - - 256.785 ms[39m
[2026-07-22 01:24:55:2455] [[35mhttp[39m]: [35mGET /api/v1/masters/charger-manufacturer 304 - - 16.437 ms[39m
[2026-07-22 01:24:55:2455] [[35mhttp[39m]: [35mGET /api/v1/masters/connector 304 - - 13.241 ms[39m
[2026-07-22 01:24:55:2455] [[35mhttp[39m]: [35mGET /api/v1/survey-sites 304 - - 14.193 ms[39m
[2026-07-22 01:25:53:2553] [[35mhttp[39m]: [35mPOST /api/v1/survey/step1 201 6311 - 106.632 ms[39m
[2026-07-22 01:26:18:2618] [[35mhttp[39m]: [35mGET /api/v1/survey-sites 200 574 - 11.170 ms[39m
[2026-07-22 01:26:18:2618] [[35mhttp[39m]: [35mGET /api/v1/survey-sites 304 - - 14.573 ms[39m
[2026-07-22 01:26:42:2642] [[35mhttp[39m]: [35mGET /api/v1/survey 200 4214 - 16.248 ms[39m
[2026-07-22 01:26:42:2642] [[35mhttp[39m]: [35mGET /api/v1/survey 304 - - 22.111 ms[39m
[2026-07-22 01:27:03:273] [[35mhttp[39m]: [35mGET /api/v1/masters/charger-manufacturer 304 - - 28.168 ms[39m
[2026-07-22 01:27:03:273] [[35mhttp[39m]: [35mGET /api/v1/survey 200 4214 - 39.247 ms[39m
[2026-07-22 01:27:03:273] [[35mhttp[39m]: [35mGET /api/v1/masters/equipment 304 - - 27.117 ms[39m
[2026-07-22 01:27:03:273] [[35mhttp[39m]: [35mGET /api/v1/masters/connector 304 - - 33.460 ms[39m
[2026-07-22 01:27:03:273] [[35mhttp[39m]: [35mGET /api/v1/survey-sites 200 574 - 46.404 ms[39m
[2026-07-22 01:27:03:273] [[35mhttp[39m]: [35mGET /api/v1/masters/charger-manufacturer 304 - - 8.985 ms[39m
[2026-07-22 01:27:03:273] [[35mhttp[39m]: [35mGET /api/v1/masters/equipment 304 - - 25.265 ms[39m
[2026-07-22 01:27:03:273] [[35mhttp[39m]: [35mGET /api/v1/masters/connector 304 - - 15.486 ms[39m
[2026-07-22 01:27:03:273] [[35mhttp[39m]: [35mGET /api/v1/survey-sites 304 - - 8.609 ms[39m
[2026-07-22 01:27:03:273] [[35mhttp[39m]: [35mGET /api/v1/survey 304 - - 22.515 ms[39m
[2026-07-22 01:27:08:278] [[35mhttp[39m]: [35mPOST /api/v1/survey/step1 201 6311 - 103.010 ms[39m
[2026-07-22 01:27:12:2712] [[35mhttp[39m]: [35mGET /api/v1/survey-assignment 200 1050 - 23.116 ms[39m
[2026-07-22 01:27:12:2712] [[35mhttp[39m]: [35mGET /api/v1/survey-assignment 304 - - 9.545 ms[39m
[2026-07-22 01:27:15:2715] [[35mhttp[39m]: [35mGET /api/v1/survey-sites 200 574 - 10.006 ms[39m
[2026-07-22 01:27:15:2715] [[35mhttp[39m]: [35mGET /api/v1/survey 200 4214 - 19.111 ms[39m
[2026-07-22 01:27:15:2715] [[35mhttp[39m]: [35mGET /api/v1/masters/connector 304 - - 13.256 ms[39m
[2026-07-22 01:27:15:2715] [[35mhttp[39m]: [35mGET /api/v1/masters/equipment 304 - - 22.650 ms[39m
[2026-07-22 01:27:15:2715] [[35mhttp[39m]: [35mGET /api/v1/survey 304 - - 53.031 ms[39m
[2026-07-22 01:27:15:2715] [[35mhttp[39m]: [35mGET /api/v1/survey-sites 304 - - 50.484 ms[39m
[2026-07-22 01:27:15:2715] [[35mhttp[39m]: [35mGET /api/v1/masters/charger-manufacturer 304 - - 51.209 ms[39m
[2026-07-22 01:27:15:2715] [[35mhttp[39m]: [35mGET /api/v1/masters/connector 304 - - 28.415 ms[39m
[2026-07-22 01:27:15:2715] [[35mhttp[39m]: [35mGET /api/v1/masters/equipment 304 - - 51.134 ms[39m
[2026-07-22 01:27:15:2715] [[35mhttp[39m]: [35mGET /api/v1/masters/charger-manufacturer 304 - - 60.579 ms[39m
[2026-07-22 01:27:18:2718] [[35mhttp[39m]: [35mGET /api/v1/survey-assignment 304 - - 38.957 ms[39m
[2026-07-22 01:27:18:2718] [[35mhttp[39m]: [35mGET /api/v1/survey-assignment 304 - - 14.248 ms[39m
[2026-07-22 01:27:18:2718] [[35mhttp[39m]: [35mGET /api/v1/survey-assignment 304 - - 20.706 ms[39m
[2026-07-22 01:27:18:2718] [[35mhttp[39m]: [35mGET /api/v1/survey-assignment 304 - - 12.338 ms[39m
[2026-07-22 01:27:18:2718] [[35mhttp[39m]: [35mGET /api/v1/survey/site/e2951ef4-a31d-467d-a209-c79df8a2d20d 200 5642 - 35.822 ms[39m
[2026-07-22 01:27:18:2718] [[35mhttp[39m]: [35mGET /api/v1/survey/site/e2951ef4-a31d-467d-a209-c79df8a2d20d 304 - - 27.124 ms[39m
[2026-07-22 01:27:34:2734] [[35mhttp[39m]: [35mGET /api/v1/survey-sites 304 - - 8.652 ms[39m
[2026-07-22 01:27:34:2734] [[35mhttp[39m]: [35mGET /api/v1/masters/charger-manufacturer 304 - - 13.345 ms[39m
[2026-07-22 01:27:34:2734] [[35mhttp[39m]: [35mGET /api/v1/survey 304 - - 41.683 ms[39m
[2026-07-22 01:27:34:2734] [[35mhttp[39m]: [35mGET /api/v1/masters/connector 304 - - 22.143 ms[39m
[2026-07-22 01:27:34:2734] [[35mhttp[39m]: [35mGET /api/v1/survey-sites 304 - - 14.244 ms[39m
[2026-07-22 01:27:34:2734] [[35mhttp[39m]: [35mGET /api/v1/masters/equipment 304 - - 17.023 ms[39m
[2026-07-22 01:27:34:2734] [[35mhttp[39m]: [35mGET /api/v1/masters/charger-manufacturer 304 - - 10.093 ms[39m
[2026-07-22 01:27:34:2734] [[35mhttp[39m]: [35mGET /api/v1/masters/connector 304 - - 10.999 ms[39m
[2026-07-22 01:27:34:2734] [[35mhttp[39m]: [35mGET /api/v1/survey 304 - - 16.270 ms[39m
[2026-07-22 01:27:34:2734] [[35mhttp[39m]: [35mGET /api/v1/masters/equipment 304 - - 14.440 ms[39m
[2026-07-22 01:27:39:2739] [[35mhttp[39m]: [35mGET /api/v1/survey-assignment 304 - - 19.475 ms[39m
[2026-07-22 01:27:39:2739] [[35mhttp[39m]: [35mGET /api/v1/survey-assignment 304 - - 12.800 ms[39m
[2026-07-22 01:27:43:2743] [[35mhttp[39m]: [35mGET /api/v1/survey-assignment 304 - - 28.646 ms[39m
[2026-07-22 01:27:43:2743] [[35mhttp[39m]: [35mGET /api/v1/survey-assignment 304 - - 8.789 ms[39m
[2026-07-22 01:27:43:2743] [[35mhttp[39m]: [35mGET /api/v1/survey/site/e2951ef4-a31d-467d-a209-c79df8a2d20d 304 - - 38.013 ms[39m
[2026-07-22 01:27:43:2743] [[35mhttp[39m]: [35mGET /api/v1/survey/site/e2951ef4-a31d-467d-a209-c79df8a2d20d 304 - - 20.084 ms[39m
[2026-07-22 01:27:51:2751] [[35mhttp[39m]: [35mGET /api/v1/survey-assignment 304 - - 18.194 ms[39m
[2026-07-22 01:27:51:2751] [[35mhttp[39m]: [35mGET /api/v1/survey-assignment 304 - - 17.913 ms[39m
[2026-07-22 01:30:56:3056] [[35mhttp[39m]: [35mGET /api/v1/survey-sites 304 - - 256.282 ms[39m
[2026-07-22 01:30:56:3056] [[35mhttp[39m]: [35mGET /api/v1/masters/charger-manufacturer 304 - - 249.570 ms[39m
[2026-07-22 01:30:56:3056] [[35mhttp[39m]: [35mGET /api/v1/survey 304 - - 310.696 ms[39m
[2026-07-22 01:30:56:3056] [[35mhttp[39m]: [35mGET /api/v1/masters/connector 304 - - 297.930 ms[39m
[2026-07-22 01:30:56:3056] [[35mhttp[39m]: [35mGET /api/v1/masters/charger-manufacturer 304 - - 9.403 ms[39m
[2026-07-22 01:30:56:3056] [[35mhttp[39m]: [35mGET /api/v1/survey-sites 304 - - 48.741 ms[39m
[2026-07-22 01:30:56:3056] [[35mhttp[39m]: [35mGET /api/v1/masters/equipment 304 - - 313.351 ms[39m
[2026-07-22 01:30:56:3056] [[35mhttp[39m]: [35mGET /api/v1/masters/connector 304 - - 11.595 ms[39m
[2026-07-22 01:30:56:3056] [[35mhttp[39m]: [35mGET /api/v1/survey 304 - - 21.158 ms[39m
[2026-07-22 01:30:56:3056] [[35mhttp[39m]: [35mGET /api/v1/masters/equipment 304 - - 10.505 ms[39m
[2026-07-22 01:31:15:3115] [[35mhttp[39m]: [35mGET /api/v1/survey-assignment 304 - - 10.350 ms[39m
[2026-07-22 01:31:15:3115] [[35mhttp[39m]: [35mGET /api/v1/survey-assignment 304 - - 9.541 ms[39m
[2026-07-22 01:31:18:3118] [[35mhttp[39m]: [35mGET /api/v1/survey 304 - - 13.779 ms[39m
[2026-07-22 01:31:18:3118] [[35mhttp[39m]: [35mGET /api/v1/survey 304 - - 14.478 ms[39m
[2026-07-22 01:31:34:3134] [[35mhttp[39m]: [35mGET /api/v1/survey 304 - - 19.311 ms[39m
[2026-07-22 01:31:34:3134] [[35mhttp[39m]: [35mGET /api/v1/masters/connector 304 - - 16.037 ms[39m
[2026-07-22 01:31:34:3134] [[35mhttp[39m]: [35mGET /api/v1/masters/equipment 304 - - 26.238 ms[39m
[2026-07-22 01:31:34:3134] [[35mhttp[39m]: [35mGET /api/v1/masters/charger-manufacturer 304 - - 32.788 ms[39m
[2026-07-22 01:31:34:3134] [[35mhttp[39m]: [35mGET /api/v1/survey-sites 304 - - 35.825 ms[39m
[2026-07-22 01:31:34:3134] [[35mhttp[39m]: [35mGET /api/v1/survey 304 - - 20.064 ms[39m
[2026-07-22 01:31:34:3134] [[35mhttp[39m]: [35mGET /api/v1/masters/connector 304 - - 17.776 ms[39m
[2026-07-22 01:31:34:3134] [[35mhttp[39m]: [35mGET /api/v1/survey-sites 304 - - 8.519 ms[39m
[2026-07-22 01:31:34:3134] [[35mhttp[39m]: [35mGET /api/v1/masters/charger-manufacturer 304 - - 13.850 ms[39m
[2026-07-22 01:31:34:3134] [[35mhttp[39m]: [35mGET /api/v1/masters/equipment 304 - - 19.393 ms[39m
[2026-07-22 01:31:35:3135] [[35mhttp[39m]: [35mGET /api/v1/survey-assignment 304 - - 12.090 ms[39m
[2026-07-22 01:31:35:3135] [[35mhttp[39m]: [35mGET /api/v1/survey-assignment 304 - - 14.105 ms[39m
[2026-07-22 01:31:38:3138] [[35mhttp[39m]: [35mGET /api/v1/survey 304 - - 23.682 ms[39m
[2026-07-22 01:31:38:3138] [[35mhttp[39m]: [35mGET /api/v1/survey 304 - - 16.098 ms[39m
[2026-07-22 01:31:56:3156] [[35mhttp[39m]: [35mGET /api/v1/dashboard 200 3300 - 29.517 ms[39m
[2026-07-22 01:31:56:3156] [[35mhttp[39m]: [35mGET /api/v1/dashboard 304 - - 24.610 ms[39m
[2026-07-22 01:32:02:322] [[35mhttp[39m]: [35mGET /api/v1/survey-sites 304 - - 8.228 ms[39m
[2026-07-22 01:32:02:322] [[35mhttp[39m]: [35mGET /api/v1/survey 304 - - 17.091 ms[39m
[2026-07-22 01:32:02:322] [[35mhttp[39m]: [35mGET /api/v1/masters/connector 304 - - 9.929 ms[39m
[2026-07-22 01:32:02:322] [[35mhttp[39m]: [35mGET /api/v1/masters/charger-manufacturer 304 - - 18.571 ms[39m
[2026-07-22 01:32:02:322] [[35mhttp[39m]: [35mGET /api/v1/survey-sites 304 - - 10.162 ms[39m
[2026-07-22 01:32:02:322] [[35mhttp[39m]: [35mGET /api/v1/masters/equipment 304 - - 18.034 ms[39m
[2026-07-22 01:32:02:322] [[35mhttp[39m]: [35mGET /api/v1/survey 304 - - 23.577 ms[39m
[2026-07-22 01:32:02:322] [[35mhttp[39m]: [35mGET /api/v1/masters/connector 304 - - 10.663 ms[39m
[2026-07-22 01:32:02:322] [[35mhttp[39m]: [35mGET /api/v1/masters/charger-manufacturer 304 - - 11.204 ms[39m
[2026-07-22 01:32:02:322] [[35mhttp[39m]: [35mGET /api/v1/masters/equipment 304 - - 17.637 ms[39m
[2026-07-22 01:32:22:3222] [[35mhttp[39m]: [35mGET /api/v1/survey 304 - - 25.532 ms[39m
[2026-07-22 01:32:23:3223] [[35mhttp[39m]: [35mGET /api/v1/survey 304 - - 15.133 ms[39m
[2026-07-22 01:32:49:3249] [[35mhttp[39m]: [35mGET /api/v1/users 403 190 - 4.781 ms[39m
[2026-07-22 01:32:49:3249] [[35mhttp[39m]: [35mGET /api/v1/users 403 190 - 4.061 ms[39m
[2026-07-22 01:32:52:3252] [[35mhttp[39m]: [35mGET /api/v1/auth/me 200 234 - 2.731 ms[39m
[2026-07-22 01:32:52:3252] [[35mhttp[39m]: [35mGET /api/v1/auth/me 304 - - 5.059 ms[39m
[2026-07-22 01:33:08:338] [[35mhttp[39m]: [35mPOST /api/v1/auth/login 200 698 - 297.974 ms[39m
[2026-07-22 01:33:08:338] [[35mhttp[39m]: [35mGET /api/v1/dashboard 304 - - 23.566 ms[39m
[2026-07-22 01:33:08:338] [[35mhttp[39m]: [35mGET /api/v1/dashboard 304 - - 19.026 ms[39m
[2026-07-22 01:33:10:3310] [[35mhttp[39m]: [35mGET /api/v1/survey-sites 200 2063 - 13.963 ms[39m
[2026-07-22 01:33:10:3310] [[35mhttp[39m]: [35mGET /api/v1/masters/charger-manufacturer 304 - - 11.853 ms[39m
[2026-07-22 01:33:10:3310] [[35mhttp[39m]: [35mGET /api/v1/masters/connector 304 - - 30.140 ms[39m
[2026-07-22 01:33:10:3310] [[35mhttp[39m]: [35mGET /api/v1/survey 304 - - 39.633 ms[39m
[2026-07-22 01:33:10:3310] [[35mhttp[39m]: [35mGET /api/v1/masters/equipment 304 - - 19.818 ms[39m
[2026-07-22 01:33:10:3310] [[35mhttp[39m]: [35mGET /api/v1/survey-sites 304 - - 19.445 ms[39m
[2026-07-22 01:33:10:3310] [[35mhttp[39m]: [35mGET /api/v1/masters/charger-manufacturer 304 - - 23.685 ms[39m
[2026-07-22 01:33:10:3310] [[35mhttp[39m]: [35mGET /api/v1/masters/connector 304 - - 17.474 ms[39m
[2026-07-22 01:33:10:3310] [[35mhttp[39m]: [35mGET /api/v1/survey 304 - - 18.152 ms[39m
[2026-07-22 01:33:10:3310] [[35mhttp[39m]: [35mGET /api/v1/masters/equipment 304 - - 10.141 ms[39m
[2026-07-22 01:33:13:3313] [[35mhttp[39m]: [35mGET /api/v1/users 200 1846 - 11.543 ms[39m
[2026-07-22 01:33:13:3313] [[35mhttp[39m]: [35mGET /api/v1/users 304 - - 11.755 ms[39m
[2026-07-22 01:33:15:3315] [[35mhttp[39m]: [35mGET /api/v1/survey-sites 304 - - 6.701 ms[39m
[2026-07-22 01:33:15:3315] [[35mhttp[39m]: [35mGET /api/v1/survey-sites 304 - - 9.256 ms[39m
[2026-07-22 01:34:23:3423] [[35mhttp[39m]: [35mGET /api/v1/survey-sites/0c1841f6-7637-4adf-a249-5e88eb36d970 200 549 - 9.220 ms[39m
[2026-07-22 01:34:23:3423] [[35mhttp[39m]: [35mGET /api/v1/survey-sites/0c1841f6-7637-4adf-a249-5e88eb36d970 304 - - 6.368 ms[39m
[2026-07-22 01:34:25:3425] [[35mhttp[39m]: [35mGET /api/v1/survey-sites 304 - - 11.308 ms[39m
[2026-07-22 01:34:25:3425] [[35mhttp[39m]: [35mGET /api/v1/survey-sites 304 - - 5.329 ms[39m
[2026-07-22 01:34:34:3434] [[35mhttp[39m]: [35mGET /api/v1/survey-sites 304 - - 15.297 ms[39m
[2026-07-22 01:34:34:3434] [[35mhttp[39m]: [35mGET /api/v1/users 304 - - 15.117 ms[39m
[2026-07-22 01:34:34:3434] [[35mhttp[39m]: [35mGET /api/v1/survey-sites 304 - - 10.062 ms[39m
[2026-07-22 01:34:34:3434] [[35mhttp[39m]: [35mGET /api/v1/users 304 - - 5.422 ms[39m
[2026-07-22 01:34:42:3442] [[35mhttp[39m]: [35mGET /api/v1/survey-sites 304 - - 8.239 ms[39m
[2026-07-22 01:34:42:3442] [[35mhttp[39m]: [35mGET /api/v1/survey-sites 304 - - 9.063 ms[39m
[2026-07-22 01:34:46:3446] [[35mhttp[39m]: [35mGET /api/v1/survey-sites/0c1841f6-7637-4adf-a249-5e88eb36d970 304 - - 8.402 ms[39m
[2026-07-22 01:34:46:3446] [[35mhttp[39m]: [35mGET /api/v1/survey-sites/0c1841f6-7637-4adf-a249-5e88eb36d970 304 - - 9.935 ms[39m
[2026-07-22 01:36:22:3622] [[35mhttp[39m]: [35mGET /api/v1/survey-sites 304 - - 115.312 ms[39m
[2026-07-22 01:36:22:3622] [[35mhttp[39m]: [35mGET /api/v1/survey-sites 304 - - 4.461 ms[39m
[2026-07-22 01:36:30:3630] [[35mhttp[39m]: [35mGET /api/v1/survey-sites/0c1841f6-7637-4adf-a249-5e88eb36d970 304 - - 9.705 ms[39m
[2026-07-22 01:36:30:3630] [[35mhttp[39m]: [35mGET /api/v1/survey-sites/0c1841f6-7637-4adf-a249-5e88eb36d970 304 - - 7.234 ms[39m
[2026-07-22 02:00:52:052] [[35mhttp[39m]: [35mGET /api/v1/auth/me 200 219 - 269.921 ms[39m
[2026-07-22 02:00:53:053] [[35mhttp[39m]: [35mGET /api/v1/auth/me 304 - - 51.909 ms[39m
[2026-07-22 02:00:53:053] [[35mhttp[39m]: [35mGET /api/v1/survey-sites/0c1841f6-7637-4adf-a249-5e88eb36d970 304 - - 97.060 ms[39m
[2026-07-22 02:00:53:053] [[35mhttp[39m]: [35mGET /api/v1/survey-sites/0c1841f6-7637-4adf-a249-5e88eb36d970 304 - - 111.988 ms[39m
[2026-07-22 02:02:01:21] [[35mhttp[39m]: [35mGET /api/v1/auth/me 304 - - 5.689 ms[39m
[2026-07-22 02:02:01:21] [[35mhttp[39m]: [35mGET /api/v1/auth/me 304 - - 3.170 ms[39m
[2026-07-22 02:02:05:25] [[35mhttp[39m]: [35mGET /api/v1/survey-assignment 200 1050 - 21.879 ms[39m
[2026-07-22 02:02:05:25] [[35mhttp[39m]: [35mGET /api/v1/survey-assignment 304 - - 6.657 ms[39m
[2026-07-22 02:02:08:28] [[35mhttp[39m]: [35mGET /api/v1/survey 200 4214 - 42.400 ms[39m
[2026-07-22 02:02:08:28] [[35mhttp[39m]: [35mGET /api/v1/survey 304 - - 15.444 ms[39m
[2026-07-22 02:02:08:28] [[35mhttp[39m]: [35mGET /api/v1/masters/connector 304 - - 190.852 ms[39m
[2026-07-22 02:02:08:28] [[35mhttp[39m]: [35mGET /api/v1/masters/charger-manufacturer 304 - - 202.338 ms[39m
[2026-07-22 02:02:08:28] [[35mhttp[39m]: [35mGET /api/v1/masters/connector 304 - - 7.369 ms[39m
[2026-07-22 02:02:08:28] [[35mhttp[39m]: [35mGET /api/v1/masters/charger-manufacturer 304 - - 5.719 ms[39m
[2026-07-22 02:02:08:28] [[35mhttp[39m]: [35mGET /api/v1/masters/equipment 304 - - 317.327 ms[39m
[2026-07-22 02:02:08:28] [[35mhttp[39m]: [35mGET /api/v1/survey-sites 200 574 - 344.996 ms[39m
[2026-07-22 02:02:08:28] [[35mhttp[39m]: [35mGET /api/v1/masters/equipment 304 - - 27.127 ms[39m
[2026-07-22 02:02:08:28] [[35mhttp[39m]: [35mGET /api/v1/survey-sites 304 - - 95.135 ms[39m
[2026-07-22 02:02:31:231] [[35mhttp[39m]: [35mGET /api/v1/photos?surveyId=bfd268f1-26a7-494e-9483-c5118680b2e7 304 - - 12.333 ms[39m
[2026-07-22 02:02:31:231] [[35mhttp[39m]: [35mGET /api/v1/photos?surveyId=bfd268f1-26a7-494e-9483-c5118680b2e7 304 - - 4.842 ms[39m
[2026-07-22 02:02:31:231] [[35mhttp[39m]: [35mGET /api/v1/survey/bfd268f1-26a7-494e-9483-c5118680b2e7 200 6291 - 47.232 ms[39m
[2026-07-22 02:02:31:231] [[35mhttp[39m]: [35mGET /api/v1/survey/bfd268f1-26a7-494e-9483-c5118680b2e7 304 - - 24.968 ms[39m
[2026-07-22 02:02:38:238] [[35mhttp[39m]: [35mGET /api/v1/masters/connector 304 - - 14.972 ms[39m
[2026-07-22 02:02:38:238] [[35mhttp[39m]: [35mGET /api/v1/survey-sites 304 - - 26.273 ms[39m
[2026-07-22 02:02:38:238] [[35mhttp[39m]: [35mGET /api/v1/masters/equipment 304 - - 21.127 ms[39m
[2026-07-22 02:02:38:238] [[35mhttp[39m]: [35mGET /api/v1/masters/charger-manufacturer 304 - - 47.038 ms[39m
[2026-07-22 02:02:38:238] [[35mhttp[39m]: [35mGET /api/v1/survey-sites 304 - - 20.595 ms[39m
[2026-07-22 02:02:38:238] [[35mhttp[39m]: [35mGET /api/v1/survey 304 - - 53.585 ms[39m
[2026-07-22 02:02:38:238] [[35mhttp[39m]: [35mGET /api/v1/masters/equipment 304 - - 31.991 ms[39m
[2026-07-22 02:02:38:238] [[35mhttp[39m]: [35mGET /api/v1/masters/connector 304 - - 28.404 ms[39m
[2026-07-22 02:02:38:238] [[35mhttp[39m]: [35mGET /api/v1/masters/charger-manufacturer 304 - - 24.406 ms[39m
[2026-07-22 02:02:38:238] [[35mhttp[39m]: [35mGET /api/v1/survey 304 - - 30.063 ms[39m
[2026-07-22 02:03:37:337] [[35mhttp[39m]: [35mGET /api/v1/auth/me 304 - - 5.342 ms[39m
[2026-07-22 02:03:37:337] [[35mhttp[39m]: [35mGET /api/v1/auth/me 304 - - 4.192 ms[39m
[2026-07-22 02:03:37:337] [[35mhttp[39m]: [35mGET /api/v1/dashboard 304 - - 17.213 ms[39m
[2026-07-22 02:03:37:337] [[35mhttp[39m]: [35mGET /api/v1/dashboard 304 - - 19.271 ms[39m
[2026-07-22 02:03:38:338] [[35mhttp[39m]: [35mGET /api/v1/users 304 - - 11.587 ms[39m
[2026-07-22 02:03:38:338] [[35mhttp[39m]: [35mGET /api/v1/users 304 - - 10.576 ms[39m
[2026-07-22 02:03:43:343] [[35mhttp[39m]: [35mGET /api/v1/survey-sites 304 - - 12.543 ms[39m
[2026-07-22 02:03:43:343] [[35mhttp[39m]: [35mGET /api/v1/survey-sites 304 - - 8.678 ms[39m
[2026-07-22 02:04:37:437] [[35mhttp[39m]: [35mGET /api/v1/survey-assignment 304 - - 14.003 ms[39m
[2026-07-22 02:04:37:437] [[35mhttp[39m]: [35mGET /api/v1/survey-assignment 304 - - 15.002 ms[39m
[2026-07-22 02:04:38:438] [[35mhttp[39m]: [35mGET /api/v1/survey-assignment 304 - - 7.392 ms[39m
[2026-07-22 02:04:38:438] [[35mhttp[39m]: [35mGET /api/v1/survey-assignment 304 - - 12.527 ms[39m
[2026-07-22 02:04:38:438] [[35mhttp[39m]: [35mGET /api/v1/survey/site/e2951ef4-a31d-467d-a209-c79df8a2d20d 200 5642 - 31.288 ms[39m
[2026-07-22 02:04:38:438] [[35mhttp[39m]: [35mGET /api/v1/survey/site/e2951ef4-a31d-467d-a209-c79df8a2d20d 304 - - 34.691 ms[39m
[2026-07-22 02:05:04:54] [[35mhttp[39m]: [35mGET /api/v1/survey/bfd268f1-26a7-494e-9483-c5118680b2e7 304 - - 39.370 ms[39m
[2026-07-22 02:05:04:54] [[35mhttp[39m]: [35mGET /api/v1/survey/bfd268f1-26a7-494e-9483-c5118680b2e7 304 - - 21.295 ms[39m
[2026-07-22 02:05:11:511] [[35mhttp[39m]: [35mGET /api/v1/photos?surveyId=bfd268f1-26a7-494e-9483-c5118680b2e7 304 - - 8.626 ms[39m
[2026-07-22 02:05:11:511] [[35mhttp[39m]: [35mGET /api/v1/masters/photo-category 200 1753 - 15.036 ms[39m
[2026-07-22 02:05:11:511] [[35mhttp[39m]: [35mGET /api/v1/photos?surveyId=bfd268f1-26a7-494e-9483-c5118680b2e7 304 - - 10.912 ms[39m
[2026-07-22 02:05:11:511] [[35mhttp[39m]: [35mGET /api/v1/masters/photo-category 304 - - 9.259 ms[39m
[2026-07-22 02:05:13:513] [[35mhttp[39m]: [35mGET /api/v1/survey/bfd268f1-26a7-494e-9483-c5118680b2e7 304 - - 41.267 ms[39m
[2026-07-22 02:05:13:513] [[35mhttp[39m]: [35mGET /api/v1/survey/bfd268f1-26a7-494e-9483-c5118680b2e7 304 - - 21.726 ms[39m
[2026-07-22 02:05:17:517] [[35mhttp[39m]: [35mGET /api/v1/survey 304 - - 19.393 ms[39m
[2026-07-22 02:05:17:517] [[35mhttp[39m]: [35mGET /api/v1/survey-sites 304 - - 8.767 ms[39m
[2026-07-22 02:05:17:517] [[35mhttp[39m]: [35mGET /api/v1/survey-sites 304 - - 8.736 ms[39m
[2026-07-22 02:05:17:517] [[35mhttp[39m]: [35mGET /api/v1/survey 304 - - 14.446 ms[39m
[2026-07-22 02:05:17:517] [[35mhttp[39m]: [35mGET /api/v1/masters/charger-manufacturer 304 - - 21.828 ms[39m
[2026-07-22 02:05:17:517] [[35mhttp[39m]: [35mGET /api/v1/masters/connector 304 - - 12.995 ms[39m
[2026-07-22 02:05:17:517] [[35mhttp[39m]: [35mGET /api/v1/masters/charger-manufacturer 304 - - 7.748 ms[39m
[2026-07-22 02:05:17:517] [[35mhttp[39m]: [35mGET /api/v1/masters/equipment 304 - - 20.025 ms[39m
[2026-07-22 02:05:17:517] [[35mhttp[39m]: [35mGET /api/v1/masters/connector 304 - - 12.315 ms[39m
[2026-07-22 02:05:17:517] [[35mhttp[39m]: [35mGET /api/v1/masters/equipment 304 - - 11.158 ms[39m
[2026-07-22 02:05:30:530] [[35mhttp[39m]: [35mPOST /api/v1/survey/step1 201 6311 - 54.625 ms[39m
[2026-07-22 02:05:35:535] [[35mhttp[39m]: [35mGET /api/v1/survey/bfd268f1-26a7-494e-9483-c5118680b2e7 200 6291 - 31.585 ms[39m
[2026-07-22 02:05:35:535] [[35mhttp[39m]: [35mGET /api/v1/survey/bfd268f1-26a7-494e-9483-c5118680b2e7 304 - - 28.590 ms[39m
[2026-07-22 02:05:38:538] [[35mhttp[39m]: [35mGET /api/v1/survey-assignment 200 1050 - 10.814 ms[39m
[2026-07-22 02:05:38:538] [[35mhttp[39m]: [35mGET /api/v1/survey-assignment 304 - - 10.976 ms[39m
[2026-07-22 02:05:38:538] [[35mhttp[39m]: [35mGET /api/v1/survey/site/e2951ef4-a31d-467d-a209-c79df8a2d20d 200 5642 - 18.592 ms[39m
[2026-07-22 02:05:38:538] [[35mhttp[39m]: [35mGET /api/v1/survey/site/e2951ef4-a31d-467d-a209-c79df8a2d20d 304 - - 17.094 ms[39m
[2026-07-22 02:10:11:1011] [[32minfo[39m]: [32mDatabase connection established successfully.[39m
[2026-07-22 02:10:11:1011] [[32minfo[39m]: [32mServer is running in development mode on port 5000[39m
[2026-07-22 02:10:24:1024] [[32minfo[39m]: [32mDatabase connection established successfully.[39m
[2026-07-22 02:10:24:1024] [[32minfo[39m]: [32mServer is running in development mode on port 5000[39m
[2026-07-22 02:10:28:1028] [[32minfo[39m]: [32mDatabase connection established successfully.[39m
[2026-07-22 02:10:28:1028] [[32minfo[39m]: [32mServer is running in development mode on port 5000[39m
[2026-07-22 02:10:41:1041] [[32minfo[39m]: [32mDatabase connection established successfully.[39m
[2026-07-22 02:10:41:1041] [[32minfo[39m]: [32mServer is running in development mode on port 5000[39m
[2026-07-22 02:11:01:111] [[32minfo[39m]: [32mDatabase connection established successfully.[39m
[2026-07-22 02:11:01:111] [[32minfo[39m]: [32mServer is running in development mode on port 5000[39m
[2026-07-22 02:11:01:111] [[35mhttp[39m]: [35mGET /api/v1/users 200 3633 - 41.541 ms[39m
[2026-07-22 02:11:01:111] [[35mhttp[39m]: [35mGET /api/v1/users 304 - - 8.430 ms[39m
[2026-07-22 02:11:04:114] [[35mhttp[39m]: [35mGET /api/v1/survey 200 4264 - 31.468 ms[39m
[2026-07-22 02:11:04:114] [[35mhttp[39m]: [35mGET /api/v1/survey-sites 200 2137 - 32.180 ms[39m
[2026-07-22 02:11:04:114] [[35mhttp[39m]: [35mGET /api/v1/masters/charger-manufacturer 200 2344 - 135.479 ms[39m
[2026-07-22 02:11:04:114] [[35mhttp[39m]: [35mGET /api/v1/masters/equipment 200 19117 - 139.169 ms[39m
[2026-07-22 02:11:04:114] [[35mhttp[39m]: [35mGET /api/v1/survey-sites 304 - - 14.551 ms[39m
[2026-07-22 02:11:04:114] [[35mhttp[39m]: [35mGET /api/v1/masters/connector 304 - - 170.627 ms[39m
[2026-07-22 02:11:04:114] [[35mhttp[39m]: [35mGET /api/v1/masters/equipment 304 - - 15.249 ms[39m
[2026-07-22 02:11:04:114] [[35mhttp[39m]: [35mGET /api/v1/masters/charger-manufacturer 304 - - 18.751 ms[39m
[2026-07-22 02:11:04:114] [[35mhttp[39m]: [35mGET /api/v1/masters/connector 304 - - 11.935 ms[39m
[2026-07-22 02:11:05:115] [[35mhttp[39m]: [35mGET /api/v1/survey 304 - - 289.147 ms[39m
[2026-07-22 02:11:11:1111] [[32minfo[39m]: [32mDatabase connection established successfully.[39m
[2026-07-22 02:11:11:1111] [[32minfo[39m]: [32mServer is running in development mode on port 5000[39m
[2026-07-22 02:12:39:1239] [[35mhttp[39m]: [35mPOST /api/v1/auth/login 200 698 - 187.328 ms[39m
[2026-07-22 02:12:39:1239] [[35mhttp[39m]: [35mGET /api/v1/dashboard 200 3350 - 259.094 ms[39m
[2026-07-22 02:12:39:1239] [[35mhttp[39m]: [35mGET /api/v1/dashboard 304 - - 41.133 ms[39m
[2026-07-22 02:12:42:1242] [[35mhttp[39m]: [35mGET /api/v1/survey-sites 304 - - 11.447 ms[39m
[2026-07-22 02:12:42:1242] [[35mhttp[39m]: [35mGET /api/v1/survey-sites 304 - - 9.359 ms[39m
[2026-07-22 02:12:52:1252] [[35mhttp[39m]: [35mGET /api/v1/users 200 3934 - 22.758 ms[39m
[2026-07-22 02:12:52:1252] [[35mhttp[39m]: [35mGET /api/v1/users 304 - - 12.454 ms[39m
[2026-07-22 02:16:42:1642] [[35mhttp[39m]: [35mPOST /api/v1/auth/login 200 698 - 229.126 ms[39m
[2026-07-22 02:16:42:1642] [[35mhttp[39m]: [35mGET /api/v1/dashboard 200 3350 - 116.870 ms[39m
[2026-07-22 02:16:42:1642] [[35mhttp[39m]: [35mGET /api/v1/dashboard 304 - - 17.521 ms[39m
[2026-07-22 02:16:47:1647] [[35mhttp[39m]: [35mGET /api/v1/users 200 3934 - 17.275 ms[39m
[2026-07-22 02:16:47:1647] [[35mhttp[39m]: [35mGET /api/v1/users 304 - - 9.957 ms[39m
[2026-07-22 02:16:51:1651] [[35mhttp[39m]: [35mGET /api/v1/survey-sites 200 2137 - 6.276 ms[39m
[2026-07-22 02:16:51:1651] [[35mhttp[39m]: [35mGET /api/v1/survey-sites 304 - - 6.712 ms[39m
[2026-07-22 02:17:18:1718] [[35mhttp[39m]: [35mGET /api/v1/survey-sites 304 - - 8.147 ms[39m
[2026-07-22 02:17:18:1718] [[35mhttp[39m]: [35mGET /api/v1/survey-sites 304 - - 5.600 ms[39m
[2026-07-22 02:17:22:1722] [[35mhttp[39m]: [35mGET /api/v1/survey-sites/0c1841f6-7637-4adf-a249-5e88eb36d970 200 569 - 8.333 ms[39m
[2026-07-22 02:17:22:1722] [[35mhttp[39m]: [35mGET /api/v1/survey-sites/0c1841f6-7637-4adf-a249-5e88eb36d970 304 - - 7.164 ms[39m
[2026-07-22 02:17:26:1726] [[35mhttp[39m]: [35mGET /api/v1/survey-sites 304 - - 6.505 ms[39m
[2026-07-22 02:17:26:1726] [[35mhttp[39m]: [35mGET /api/v1/survey-sites 304 - - 11.663 ms[39m
[2026-07-22 02:19:41:1941] [[35mhttp[39m]: [35mGET /api/v1/survey-sites 304 - - 106.689 ms[39m
[2026-07-22 02:20:24:2024] [[35mhttp[39m]: [35mGET /api/v1/survey-sites/0c1841f6-7637-4adf-a249-5e88eb36d970 304 - - 9.968 ms[39m
[2026-07-22 02:20:25:2025] [[35mhttp[39m]: [35mGET /api/v1/survey-sites/0c1841f6-7637-4adf-a249-5e88eb36d970 304 - - 4.656 ms[39m
[2026-07-22 02:20:47:2047] [[35mhttp[39m]: [35mPUT /api/v1/survey-sites/0c1841f6-7637-4adf-a249-5e88eb36d970 200 561 - 18.837 ms[39m
[2026-07-22 02:20:47:2047] [[35mhttp[39m]: [35mGET /api/v1/survey-sites 200 2137 - 153.468 ms[39m
[2026-07-22 02:20:47:2047] [[35mhttp[39m]: [35mGET /api/v1/survey-sites 304 - - 8.156 ms[39m
[2026-07-22 02:20:56:2056] [[35mhttp[39m]: [35mGET /api/v1/survey-sites/0c1841f6-7637-4adf-a249-5e88eb36d970 200 569 - 6.149 ms[39m
[2026-07-22 02:20:56:2056] [[35mhttp[39m]: [35mGET /api/v1/survey-sites/0c1841f6-7637-4adf-a249-5e88eb36d970 304 - - 7.435 ms[39m
[2026-07-22 02:21:06:216] [[35mhttp[39m]: [35mGET /api/v1/users 200 3934 - 16.264 ms[39m
[2026-07-22 02:21:06:216] [[35mhttp[39m]: [35mGET /api/v1/users 304 - - 13.704 ms[39m
[2026-07-22 02:22:04:224] [[32minfo[39m]: [32mDatabase connection established successfully.[39m
[2026-07-22 02:22:04:224] [[32minfo[39m]: [32mServer is running in development mode on port 5000[39m
[2026-07-22 02:22:08:228] [[35mhttp[39m]: [35mGET /api/v1/survey-sites 304 - - 37.240 ms[39m
[2026-07-22 02:22:08:228] [[35mhttp[39m]: [35mGET /api/v1/survey-sites 304 - - 9.515 ms[39m
[2026-07-22 02:23:33:2333] [[35mhttp[39m]: [35mGET /api/v1/masters/photo-category 200 1753 - 16.628 ms[39m
[2026-07-22 02:23:33:2333] [[35mhttp[39m]: [35mGET /api/v1/masters/photo-category 304 - - 9.627 ms[39m
[2026-07-22 02:23:48:2348] [[35mhttp[39m]: [35mGET /api/v1/masters/equipment 200 19117 - 18.227 ms[39m
[2026-07-22 02:23:48:2348] [[35mhttp[39m]: [35mGET /api/v1/masters/equipment 304 - - 12.306 ms[39m
[2026-07-22 02:23:49:2349] [[35mhttp[39m]: [35mGET /api/v1/masters/equipment 304 - - 13.070 ms[39m
[2026-07-22 02:23:49:2349] [[35mhttp[39m]: [35mGET /api/v1/masters/equipment 304 - - 10.132 ms[39m
[2026-07-22 02:23:50:2350] [[35mhttp[39m]: [35mGET /api/v1/masters/charger-manufacturer 200 2344 - 17.835 ms[39m
[2026-07-22 02:23:50:2350] [[35mhttp[39m]: [35mGET /api/v1/masters/charger-manufacturer 304 - - 5.735 ms[39m
[2026-07-22 02:23:50:2350] [[35mhttp[39m]: [35mGET /api/v1/masters/charger-manufacturer 304 - - 7.823 ms[39m
[2026-07-22 02:23:50:2350] [[35mhttp[39m]: [35mGET /api/v1/masters/charger-manufacturer 304 - - 7.581 ms[39m
[2026-07-22 02:23:50:2350] [[35mhttp[39m]: [35mGET /api/v1/masters/charger-model 200 3039 - 129.380 ms[39m
[2026-07-22 02:23:50:2350] [[35mhttp[39m]: [35mGET /api/v1/masters/charger-model 304 - - 17.434 ms[39m
[2026-07-22 02:25:54:2554] [[32minfo[39m]: [32mDatabase connection established successfully.[39m
[2026-07-22 02:25:54:2554] [[32minfo[39m]: [32mServer is running in development mode on port 5000[39m
[2026-07-22 02:26:29:2629] [[35mhttp[39m]: [35mGET /api/v1/auth/me 200 219 - 29.977 ms[39m
[2026-07-22 02:26:29:2629] [[35mhttp[39m]: [35mGET /api/v1/auth/me 304 - - 5.444 ms[39m
[2026-07-22 02:26:29:2629] [[35mhttp[39m]: [35mGET /api/v1/masters/charger-manufacturer 304 - - 73.788 ms[39m
[2026-07-22 02:26:29:2629] [[35mhttp[39m]: [35mGET /api/v1/masters/charger-manufacturer 304 - - 12.522 ms[39m
[2026-07-22 02:26:29:2629] [[35mhttp[39m]: [35mGET /api/v1/masters/charger-model 304 - - 397.509 ms[39m
[2026-07-22 02:26:29:2629] [[35mhttp[39m]: [35mGET /api/v1/masters/charger-model 304 - - 11.108 ms[39m
[2026-07-22 02:26:40:2640] [[35mhttp[39m]: [35mGET /api/v1/masters/equipment 304 - - 20.395 ms[39m
[2026-07-22 02:26:40:2640] [[35mhttp[39m]: [35mGET /api/v1/masters/equipment 304 - - 12.221 ms[39m
[2026-07-22 02:26:44:2644] [[35mhttp[39m]: [35mGET /api/v1/masters/equipment 304 - - 39.688 ms[39m
[2026-07-22 02:26:44:2644] [[35mhttp[39m]: [35mGET /api/v1/survey 200 4264 - 47.851 ms[39m
[2026-07-22 02:26:44:2644] [[35mhttp[39m]: [35mGET /api/v1/masters/equipment 304 - - 12.620 ms[39m
[2026-07-22 02:26:44:2644] [[35mhttp[39m]: [35mGET /api/v1/survey 304 - - 11.730 ms[39m
[2026-07-22 02:26:44:2644] [[35mhttp[39m]: [35mGET /api/v1/masters/connector 200 870 - 183.526 ms[39m
[2026-07-22 02:26:44:2644] [[35mhttp[39m]: [35mGET /api/v1/survey-sites 304 - - 187.727 ms[39m
[2026-07-22 02:26:44:2644] [[35mhttp[39m]: [35mGET /api/v1/masters/charger-manufacturer 304 - - 188.507 ms[39m
[2026-07-22 02:26:44:2644] [[35mhttp[39m]: [35mGET /api/v1/masters/connector 304 - - 12.682 ms[39m
[2026-07-22 02:26:44:2644] [[35mhttp[39m]: [35mGET /api/v1/survey-sites 304 - - 17.384 ms[39m
[2026-07-22 02:26:44:2644] [[35mhttp[39m]: [35mGET /api/v1/masters/charger-manufacturer 304 - - 6.159 ms[39m
[2026-07-22 02:26:52:2652] [[35mhttp[39m]: [35mPOST /api/v1/survey/step1 201 3488 - 76.157 ms[39m
[2026-07-22 02:27:58:2758] [[35mhttp[39m]: [35mGET /api/v1/users 200 3934 - 19.635 ms[39m
[2026-07-22 02:27:58:2758] [[35mhttp[39m]: [35mGET /api/v1/users 304 - - 11.528 ms[39m
[2026-07-22 02:28:00:280] [[35mhttp[39m]: [35mGET /api/v1/survey-sites 200 2137 - 6.530 ms[39m
[2026-07-22 02:28:00:280] [[35mhttp[39m]: [35mGET /api/v1/survey-sites 304 - - 6.091 ms[39m
[2026-07-22 02:28:03:283] [[35mhttp[39m]: [35mGET /api/v1/survey 200 4264 - 14.879 ms[39m
[2026-07-22 02:28:03:283] [[35mhttp[39m]: [35mGET /api/v1/survey 304 - - 12.411 ms[39m
[2026-07-22 02:28:05:285] [[35mhttp[39m]: [35mGET /api/v1/reports/bfd268f1-26a7-494e-9483-c5118680b2e7/pdf 401 130 - 0.387 ms[39m
[2026-07-22 02:28:06:286] [[35mhttp[39m]: [35mGET /favicon.ico 404 120 - 0.619 ms[39m
[2026-07-22 02:28:10:2810] [[35mhttp[39m]: [35mGET /api/v1/survey/bfd268f1-26a7-494e-9483-c5118680b2e7 200 6309 - 34.493 ms[39m
[2026-07-22 02:28:10:2810] [[35mhttp[39m]: [35mGET /api/v1/survey/bfd268f1-26a7-494e-9483-c5118680b2e7 304 - - 22.980 ms[39m
[2026-07-22 02:28:55:2855] [[35mhttp[39m]: [35mPOST /api/v1/auth/login 200 727 - 142.405 ms[39m
[2026-07-22 02:28:55:2855] [[35mhttp[39m]: [35mGET /api/v1/dashboard 200 3350 - 59.735 ms[39m
[2026-07-22 02:28:55:2855] [[35mhttp[39m]: [35mGET /api/v1/dashboard 304 - - 29.784 ms[39m
[2026-07-22 02:28:59:2859] [[35mhttp[39m]: [35mGET /api/v1/masters/connector 304 - - 16.340 ms[39m
[2026-07-22 02:28:59:2859] [[35mhttp[39m]: [35mGET /api/v1/survey 304 - - 30.733 ms[39m
[2026-07-22 02:28:59:2859] [[35mhttp[39m]: [35mGET /api/v1/masters/charger-manufacturer 304 - - 30.709 ms[39m
[2026-07-22 02:28:59:2859] [[35mhttp[39m]: [35mGET /api/v1/masters/equipment 304 - - 25.395 ms[39m
[2026-07-22 02:28:59:2859] [[35mhttp[39m]: [35mGET /api/v1/survey-sites 200 1076 - 33.876 ms[39m
[2026-07-22 02:28:59:2859] [[35mhttp[39m]: [35mGET /api/v1/masters/connector 304 - - 9.542 ms[39m
[2026-07-22 02:28:59:2859] [[35mhttp[39m]: [35mGET /api/v1/masters/charger-manufacturer 304 - - 6.755 ms[39m
[2026-07-22 02:28:59:2859] [[35mhttp[39m]: [35mGET /api/v1/survey 304 - - 11.791 ms[39m
[2026-07-22 02:28:59:2859] [[35mhttp[39m]: [35mGET /api/v1/masters/equipment 304 - - 9.506 ms[39m
[2026-07-22 02:28:59:2859] [[35mhttp[39m]: [35mGET /api/v1/survey-sites 304 - - 11.848 ms[39m
[2026-07-22 02:29:02:292] [[35mhttp[39m]: [35mGET /api/v1/photos?surveyId=bfd268f1-26a7-494e-9483-c5118680b2e7 200 77 - 7.728 ms[39m
[2026-07-22 02:29:02:292] [[35mhttp[39m]: [35mGET /api/v1/photos?surveyId=bfd268f1-26a7-494e-9483-c5118680b2e7 304 - - 5.870 ms[39m
[2026-07-22 02:29:02:292] [[35mhttp[39m]: [35mGET /api/v1/survey/bfd268f1-26a7-494e-9483-c5118680b2e7 304 - - 39.620 ms[39m
[2026-07-22 02:29:02:292] [[35mhttp[39m]: [35mGET /api/v1/users 200 2956 - 10.497 ms[39m
[2026-07-22 02:29:02:292] [[35mhttp[39m]: [35mGET /api/v1/survey/bfd268f1-26a7-494e-9483-c5118680b2e7 304 - - 22.066 ms[39m
[2026-07-22 02:29:03:293] [[35mhttp[39m]: [35mGET /api/v1/users 304 - - 9.831 ms[39m
[2026-07-22 02:29:06:296] [[35mhttp[39m]: [35mGET /api/v1/reports/bfd268f1-26a7-494e-9483-c5118680b2e7/excel 401 130 - 0.295 ms[39m
[2026-07-22 02:29:28:2928] [[35mhttp[39m]: [35mGET /api/v1/users 304 - - 16.244 ms[39m
[2026-07-22 02:29:28:2928] [[35mhttp[39m]: [35mGET /api/v1/users 304 - - 10.331 ms[39m
[2026-07-22 02:29:33:2933] [[35mhttp[39m]: [35mGET /api/v1/users/1148c941-ef4c-421b-be74-2eed0a901025 200 1344 - 15.357 ms[39m
[2026-07-22 02:29:33:2933] [[35mhttp[39m]: [35mGET /api/v1/survey-sites 304 - - 15.245 ms[39m
[2026-07-22 02:29:33:2933] [[35mhttp[39m]: [35mGET /api/v1/users/1148c941-ef4c-421b-be74-2eed0a901025 304 - - 7.777 ms[39m
[2026-07-22 02:29:33:2933] [[35mhttp[39m]: [35mGET /api/v1/survey-sites 304 - - 9.447 ms[39m
[2026-07-22 02:29:38:2938] [[35mhttp[39m]: [35mGET /api/v1/survey-sites 304 - - 12.839 ms[39m
[2026-07-22 02:29:38:2938] [[35mhttp[39m]: [35mGET /api/v1/survey-sites 304 - - 10.598 ms[39m
[2026-07-22 02:29:40:2940] [[35mhttp[39m]: [35mGET /api/v1/survey 304 - - 11.698 ms[39m
[2026-07-22 02:29:40:2940] [[35mhttp[39m]: [35mGET /api/v1/survey 304 - - 7.850 ms[39m
[2026-07-22 02:29:42:2942] [[35mhttp[39m]: [35mGET /api/v1/users 304 - - 11.278 ms[39m
[2026-07-22 02:29:42:2942] [[35mhttp[39m]: [35mGET /api/v1/users 304 - - 9.621 ms[39m
[2026-07-22 02:29:45:2945] [[35mhttp[39m]: [35mGET /api/v1/users/1148c941-ef4c-421b-be74-2eed0a901025 304 - - 11.538 ms[39m
[2026-07-22 02:29:45:2945] [[35mhttp[39m]: [35mGET /api/v1/survey-sites 304 - - 11.448 ms[39m
[2026-07-22 02:29:45:2945] [[35mhttp[39m]: [35mGET /api/v1/users/1148c941-ef4c-421b-be74-2eed0a901025 304 - - 8.590 ms[39m
[2026-07-22 02:29:45:2945] [[35mhttp[39m]: [35mGET /api/v1/survey-sites 304 - - 8.373 ms[39m
[2026-07-22 02:29:57:2957] [[35mhttp[39m]: [35mPUT /api/v1/users/1148c941-ef4c-421b-be74-2eed0a901025 200 1334 - 26.643 ms[39m
[2026-07-22 02:29:57:2957] [[35mhttp[39m]: [35mGET /api/v1/users 200 2954 - 11.544 ms[39m
[2026-07-22 02:29:57:2957] [[35mhttp[39m]: [35mGET /api/v1/users 304 - - 9.494 ms[39m
[2026-07-22 02:30:02:302] [[35mhttp[39m]: [35mGET /api/v1/users/1148c941-ef4c-421b-be74-2eed0a901025 200 1342 - 14.182 ms[39m
[2026-07-22 02:30:02:302] [[35mhttp[39m]: [35mGET /api/v1/survey-sites 304 - - 12.114 ms[39m
[2026-07-22 02:30:02:302] [[35mhttp[39m]: [35mGET /api/v1/users/1148c941-ef4c-421b-be74-2eed0a901025 304 - - 10.095 ms[39m
[2026-07-22 02:30:02:302] [[35mhttp[39m]: [35mGET /api/v1/survey-sites 304 - - 9.131 ms[39m
[2026-07-22 02:30:06:306] [[35mhttp[39m]: [35mPUT /api/v1/users/1148c941-ef4c-421b-be74-2eed0a901025 200 1334 - 24.875 ms[39m
[2026-07-22 02:30:06:306] [[35mhttp[39m]: [35mGET /api/v1/users 200 2954 - 11.242 ms[39m
[2026-07-22 02:30:06:306] [[35mhttp[39m]: [35mGET /api/v1/users 304 - - 7.131 ms[39m
[2026-07-22 02:30:51:3051] [[35mhttp[39m]: [35mGET /api/v1/users/1148c941-ef4c-421b-be74-2eed0a901025 200 1342 - 12.765 ms[39m
[2026-07-22 02:30:51:3051] [[35mhttp[39m]: [35mGET /api/v1/survey-sites 304 - - 11.640 ms[39m
[2026-07-22 02:30:51:3051] [[35mhttp[39m]: [35mGET /api/v1/survey-sites 304 - - 16.924 ms[39m
[2026-07-22 02:30:51:3051] [[35mhttp[39m]: [35mGET /api/v1/users/1148c941-ef4c-421b-be74-2eed0a901025 304 - - 16.474 ms[39m
[2026-07-22 02:32:17:3217] [[32minfo[39m]: [32mDatabase connection established successfully.[39m
[2026-07-22 02:32:17:3217] [[32minfo[39m]: [32mServer is running in development mode on port 5000[39m
[2026-07-22 02:32:23:3223] [[35mhttp[39m]: [35mGET /api/v1/survey-sites 304 - - 45.075 ms[39m
[2026-07-22 02:32:23:3223] [[35mhttp[39m]: [35mGET /api/v1/survey-sites 304 - - 8.538 ms[39m
[2026-07-22 02:32:23:3223] [[35mhttp[39m]: [35mGET /api/v1/users/1148c941-ef4c-421b-be74-2eed0a901025 304 - - 138.329 ms[39m
[2026-07-22 02:32:23:3223] [[35mhttp[39m]: [35mGET /api/v1/users/1148c941-ef4c-421b-be74-2eed0a901025 304 - - 7.863 ms[39m
[2026-07-22 02:33:04:334] [[35mhttp[39m]: [35mGET /api/v1/auth/me 200 228 - 5.360 ms[39m
[2026-07-22 02:33:04:334] [[35mhttp[39m]: [35mGET /api/v1/auth/me 304 - - 8.867 ms[39m
[2026-07-22 02:33:04:334] [[35mhttp[39m]: [35mGET /api/v1/users/1148c941-ef4c-421b-be74-2eed0a901025 304 - - 15.380 ms[39m
[2026-07-22 02:33:04:334] [[35mhttp[39m]: [35mGET /api/v1/survey-sites 304 - - 17.713 ms[39m
[2026-07-22 02:33:04:334] [[35mhttp[39m]: [35mGET /api/v1/users/1148c941-ef4c-421b-be74-2eed0a901025 304 - - 19.040 ms[39m
[2026-07-22 02:33:04:334] [[35mhttp[39m]: [35mGET /api/v1/survey-sites 304 - - 14.576 ms[39m
[2026-07-22 02:33:09:339] [[35mhttp[39m]: [35mPUT /api/v1/users/1148c941-ef4c-421b-be74-2eed0a901025 200 1334 - 22.978 ms[39m
[2026-07-22 02:33:10:3310] [[35mhttp[39m]: [35mGET /api/v1/users 200 2954 - 12.249 ms[39m
[2026-07-22 02:33:10:3310] [[35mhttp[39m]: [35mGET /api/v1/users 304 - - 8.279 ms[39m
[2026-07-22 02:33:13:3313] [[35mhttp[39m]: [35mGET /api/v1/users/1148c941-ef4c-421b-be74-2eed0a901025 200 1342 - 12.946 ms[39m
[2026-07-22 02:33:13:3313] [[35mhttp[39m]: [35mGET /api/v1/survey-sites 304 - - 13.160 ms[39m
[2026-07-22 02:33:13:3313] [[35mhttp[39m]: [35mGET /api/v1/users/1148c941-ef4c-421b-be74-2eed0a901025 304 - - 9.069 ms[39m
[2026-07-22 02:33:13:3313] [[35mhttp[39m]: [35mGET /api/v1/survey-sites 304 - - 8.339 ms[39m
[2026-07-22 02:33:27:3327] [[35mhttp[39m]: [35mPUT /api/v1/users/1148c941-ef4c-421b-be74-2eed0a901025 200 1334 - 28.448 ms[39m
[2026-07-22 02:33:28:3328] [[35mhttp[39m]: [35mGET /api/v1/users 200 2954 - 13.390 ms[39m
[2026-07-22 02:33:28:3328] [[35mhttp[39m]: [35mGET /api/v1/users 304 - - 8.601 ms[39m
[2026-07-22 02:34:52:3452] [[35mhttp[39m]: [35mGET /api/v1/users/1148c941-ef4c-421b-be74-2eed0a901025 200 1342 - 10.748 ms[39m
[2026-07-22 02:34:52:3452] [[35mhttp[39m]: [35mGET /api/v1/survey-sites 304 - - 8.706 ms[39m
[2026-07-22 02:34:52:3452] [[35mhttp[39m]: [35mGET /api/v1/users/1148c941-ef4c-421b-be74-2eed0a901025 304 - - 10.288 ms[39m
[2026-07-22 02:34:52:3452] [[35mhttp[39m]: [35mGET /api/v1/survey-sites 304 - - 9.635 ms[39m
[2026-07-22 02:35:13:3513] [[35mhttp[39m]: [35mPUT /api/v1/users/1148c941-ef4c-421b-be74-2eed0a901025 200 1334 - 21.698 ms[39m
[2026-07-22 02:35:14:3514] [[35mhttp[39m]: [35mGET /api/v1/users 200 2954 - 8.086 ms[39m
[2026-07-22 02:35:14:3514] [[35mhttp[39m]: [35mGET /api/v1/users 304 - - 8.631 ms[39m
[2026-07-22 02:37:37:3737] [[32minfo[39m]: [32mDatabase connection established successfully.[39m
[2026-07-22 02:37:37:3737] [[32minfo[39m]: [32mServer is running in development mode on port 5000[39m
[2026-07-22 02:37:44:3744] [[32minfo[39m]: [32mDatabase connection established successfully.[39m
[2026-07-22 02:37:45:3745] [[32minfo[39m]: [32mServer is running in development mode on port 5000[39m
[2026-07-22 02:39:01:391] [[35mhttp[39m]: [35mGET /api/v1/auth/me 304 - - 21.724 ms[39m
[2026-07-22 02:39:01:391] [[35mhttp[39m]: [35mGET /api/v1/auth/me 304 - - 9.282 ms[39m
[2026-07-22 02:39:01:391] [[35mhttp[39m]: [35mGET /api/v1/users 304 - - 31.234 ms[39m
[2026-07-22 02:39:01:391] [[35mhttp[39m]: [35mGET /api/v1/users 304 - - 19.021 ms[39m
[2026-07-22 02:39:03:393] [[35mhttp[39m]: [35mGET /api/v1/users/1148c941-ef4c-421b-be74-2eed0a901025 200 1342 - 9.447 ms[39m
[2026-07-22 02:39:03:393] [[35mhttp[39m]: [35mGET /api/v1/users/1148c941-ef4c-421b-be74-2eed0a901025 304 - - 7.257 ms[39m
[2026-07-22 02:39:03:393] [[35mhttp[39m]: [35mGET /api/v1/survey-sites 304 - - 108.715 ms[39m
[2026-07-22 02:39:03:393] [[35mhttp[39m]: [35mGET /api/v1/survey-sites 304 - - 8.550 ms[39m
[2026-07-22 02:39:05:395] [[35mhttp[39m]: [35mPUT /api/v1/users/1148c941-ef4c-421b-be74-2eed0a901025 200 2264 - 49.280 ms[39m
[2026-07-22 02:39:06:396] [[35mhttp[39m]: [35mGET /api/v1/users 200 3881 - 11.104 ms[39m
[2026-07-22 02:39:06:396] [[35mhttp[39m]: [35mGET /api/v1/users 304 - - 9.902 ms[39m
[2026-07-22 02:39:29:3929] [[35mhttp[39m]: [35mGET /api/v1/survey-sites 200 1070 - 14.520 ms[39m
[2026-07-22 02:39:29:3929] [[35mhttp[39m]: [35mGET /api/v1/survey-sites 304 - - 10.325 ms[39m
[2026-07-22 02:39:32:3932] [[35mhttp[39m]: [35mGET /api/v1/auth/me 304 - - 3.791 ms[39m
[2026-07-22 02:39:32:3932] [[35mhttp[39m]: [35mGET /api/v1/auth/me 304 - - 2.677 ms[39m
[2026-07-22 02:39:32:3932] [[35mhttp[39m]: [35mGET /api/v1/survey-sites 304 - - 10.371 ms[39m
[2026-07-22 02:39:32:3932] [[35mhttp[39m]: [35mGET /api/v1/survey-sites 304 - - 14.624 ms[39m
[2026-07-22 02:39:38:3938] [[35mhttp[39m]: [35mGET /api/v1/survey-sites/0c1841f6-7637-4adf-a249-5e88eb36d970 200 566 - 8.097 ms[39m
[2026-07-22 02:39:38:3938] [[35mhttp[39m]: [35mGET /api/v1/survey-sites/0c1841f6-7637-4adf-a249-5e88eb36d970 304 - - 6.530 ms[39m
[2026-07-22 02:39:40:3940] [[35mhttp[39m]: [35mGET /api/v1/survey-sites 304 - - 8.253 ms[39m
[2026-07-22 02:39:40:3940] [[35mhttp[39m]: [35mGET /api/v1/survey-sites 304 - - 10.061 ms[39m
[2026-07-22 02:39:43:3943] [[35mhttp[39m]: [35mGET /api/v1/dashboard 200 3344 - 205.129 ms[39m
[2026-07-22 02:39:43:3943] [[35mhttp[39m]: [35mGET /api/v1/dashboard 304 - - 27.378 ms[39m
[2026-07-22 02:39:45:3945] [[35mhttp[39m]: [35mGET /api/v1/users 304 - - 17.452 ms[39m
[2026-07-22 02:39:45:3945] [[35mhttp[39m]: [35mGET /api/v1/users 304 - - 11.971 ms[39m
[2026-07-22 02:39:59:3959] [[35mhttp[39m]: [35mGET /api/v1/survey-sites 304 - - 13.449 ms[39m
[2026-07-22 02:39:59:3959] [[35mhttp[39m]: [35mGET /api/v1/survey-sites 304 - - 10.796 ms[39m
[2026-07-22 02:40:06:406] [[35mhttp[39m]: [35mGET /api/v1/dashboard 304 - - 17.679 ms[39m
[2026-07-22 02:40:06:406] [[35mhttp[39m]: [35mGET /api/v1/dashboard 304 - - 24.579 ms[39m
[2026-07-22 02:40:08:408] [[35mhttp[39m]: [35mGET /api/v1/survey-sites 304 - - 18.163 ms[39m
[2026-07-22 02:40:08:408] [[35mhttp[39m]: [35mGET /api/v1/survey-sites 304 - - 12.115 ms[39m
[2026-07-22 02:40:12:4012] [[35mhttp[39m]: [35mGET /api/v1/auth/me 304 - - 5.129 ms[39m
[2026-07-22 02:40:12:4012] [[35mhttp[39m]: [35mGET /api/v1/auth/me 304 - - 2.814 ms[39m
[2026-07-22 02:40:12:4012] [[35mhttp[39m]: [35mGET /api/v1/survey-sites 304 - - 18.118 ms[39m
[2026-07-22 02:40:12:4012] [[35mhttp[39m]: [35mGET /api/v1/survey-sites 304 - - 15.652 ms[39m
[2026-07-22 02:40:19:4019] [[35mhttp[39m]: [35mGET /api/v1/survey-sites/0c1841f6-7637-4adf-a249-5e88eb36d970 304 - - 7.611 ms[39m
[2026-07-22 02:40:19:4019] [[35mhttp[39m]: [35mGET /api/v1/survey-sites/0c1841f6-7637-4adf-a249-5e88eb36d970 304 - - 6.684 ms[39m
[2026-07-22 02:40:21:4021] [[35mhttp[39m]: [35mGET /api/v1/survey-sites 304 - - 8.742 ms[39m
[2026-07-22 02:40:21:4021] [[35mhttp[39m]: [35mGET /api/v1/survey-sites 304 - - 8.752 ms[39m
[2026-07-22 02:40:24:4024] [[35mhttp[39m]: [35mGET /api/v1/users 304 - - 15.995 ms[39m
[2026-07-22 02:40:24:4024] [[35mhttp[39m]: [35mGET /api/v1/users 304 - - 11.388 ms[39m
[2026-07-22 02:40:42:4042] [[35mhttp[39m]: [35mGET /api/v1/survey-sites 304 - - 9.537 ms[39m
[2026-07-22 02:40:42:4042] [[35mhttp[39m]: [35mGET /api/v1/survey-sites 304 - - 7.618 ms[39m
[2026-07-22 02:41:02:412] [[35mhttp[39m]: [35mGET /api/v1/users 304 - - 13.635 ms[39m
[2026-07-22 02:41:02:412] [[35mhttp[39m]: [35mGET /api/v1/users 304 - - 10.577 ms[39m
[2026-07-22 02:41:05:415] [[35mhttp[39m]: [35mGET /api/v1/survey-sites 304 - - 12.668 ms[39m
[2026-07-22 02:41:06:416] [[35mhttp[39m]: [35mGET /api/v1/survey-sites 304 - - 11.551 ms[39m
[2026-07-22 02:41:11:4111] [[35mhttp[39m]: [35mGET /api/v1/users 304 - - 7.919 ms[39m
[2026-07-22 02:41:11:4111] [[35mhttp[39m]: [35mGET /api/v1/users 304 - - 9.413 ms[39m
[2026-07-22 02:41:27:4127] [[35mhttp[39m]: [35mGET /api/v1/auth/me 304 - - 2.952 ms[39m
[2026-07-22 02:41:27:4127] [[35mhttp[39m]: [35mGET /api/v1/auth/me 304 - - 2.499 ms[39m
[2026-07-22 02:41:27:4127] [[35mhttp[39m]: [35mGET /api/v1/users 304 - - 14.819 ms[39m
[2026-07-22 02:41:27:4127] [[35mhttp[39m]: [35mGET /api/v1/users 304 - - 27.828 ms[39m
[2026-07-22 02:41:41:4141] [[35mhttp[39m]: [35mPOST /api/v1/auth/login 200 743 - 153.593 ms[39m
[2026-07-22 02:41:44:4144] [[35mhttp[39m]: [35mGET /api/v1/survey-assignment 200 1065 - 15.922 ms[39m
[2026-07-22 02:41:44:4144] [[35mhttp[39m]: [35mGET /api/v1/survey-assignment 304 - - 10.080 ms[39m
[2026-07-22 02:41:47:4147] [[35mhttp[39m]: [35mGET /api/v1/survey 200 4726 - 16.924 ms[39m
[2026-07-22 02:41:47:4147] [[35mhttp[39m]: [35mGET /api/v1/survey 304 - - 13.614 ms[39m
[2026-07-22 02:41:48:4148] [[35mhttp[39m]: [35mGET /api/v1/masters/connector 304 - - 28.574 ms[39m
[2026-07-22 02:41:48:4148] [[35mhttp[39m]: [35mGET /api/v1/survey-sites 200 589 - 32.461 ms[39m
[2026-07-22 02:41:48:4148] [[35mhttp[39m]: [35mGET /api/v1/survey 304 - - 36.409 ms[39m
[2026-07-22 02:41:48:4148] [[35mhttp[39m]: [35mGET /api/v1/masters/equipment 304 - - 32.819 ms[39m
[2026-07-22 02:41:48:4148] [[35mhttp[39m]: [35mGET /api/v1/masters/charger-manufacturer 304 - - 41.570 ms[39m
[2026-07-22 02:41:49:4149] [[35mhttp[39m]: [35mGET /api/v1/survey-sites 304 - - 9.661 ms[39m
[2026-07-22 02:41:49:4149] [[35mhttp[39m]: [35mGET /api/v1/masters/connector 304 - - 16.331 ms[39m
[2026-07-22 02:41:49:4149] [[35mhttp[39m]: [35mGET /api/v1/survey 304 - - 12.002 ms[39m
[2026-07-22 02:41:49:4149] [[35mhttp[39m]: [35mGET /api/v1/masters/equipment 304 - - 16.169 ms[39m
[2026-07-22 02:41:49:4149] [[35mhttp[39m]: [35mGET /api/v1/masters/charger-manufacturer 304 - - 20.204 ms[39m
[2026-07-22 02:44:19:4419] [[35mhttp[39m]: [35mGET /api/v1/masters/equipment 304 - - 18.054 ms[39m
[2026-07-22 02:44:19:4419] [[35mhttp[39m]: [35mGET /api/v1/masters/charger-manufacturer 304 - - 15.453 ms[39m
[2026-07-22 02:44:19:4419] [[35mhttp[39m]: [35mGET /api/v1/masters/connector 304 - - 19.051 ms[39m
[2026-07-22 02:44:20:4420] [[35mhttp[39m]: [35mGET /api/v1/survey-sites 304 - - 159.673 ms[39m
[2026-07-22 02:44:20:4420] [[35mhttp[39m]: [35mGET /api/v1/survey 304 - - 160.714 ms[39m
[2026-07-22 02:44:27:4427] [[35mhttp[39m]: [35mGET /api/v1/survey-sites 304 - - 13.965 ms[39m
[2026-07-22 02:44:27:4427] [[35mhttp[39m]: [35mGET /api/v1/masters/equipment 304 - - 10.763 ms[39m
[2026-07-22 02:44:27:4427] [[35mhttp[39m]: [35mGET /api/v1/masters/connector 304 - - 14.879 ms[39m
[2026-07-22 02:44:27:4427] [[35mhttp[39m]: [35mGET /api/v1/survey 304 - - 24.762 ms[39m
[2026-07-22 02:44:27:4427] [[35mhttp[39m]: [35mGET /api/v1/masters/charger-manufacturer 304 - - 21.062 ms[39m
[2026-07-22 02:44:40:4440] [[35mhttp[39m]: [35mGET /api/v1/auth/me 200 234 - 6.703 ms[39m
[2026-07-22 02:44:41:4441] [[35mhttp[39m]: [35mGET /api/v1/auth/me 304 - - 12.082 ms[39m
[2026-07-22 02:44:41:4441] [[35mhttp[39m]: [35mGET /api/v1/masters/equipment 304 - - 23.609 ms[39m
[2026-07-22 02:44:41:4441] [[35mhttp[39m]: [35mGET /api/v1/survey-sites 304 - - 36.129 ms[39m
[2026-07-22 02:44:41:4441] [[35mhttp[39m]: [35mGET /api/v1/masters/connector 304 - - 26.290 ms[39m
[2026-07-22 02:44:41:4441] [[35mhttp[39m]: [35mGET /api/v1/survey 304 - - 45.340 ms[39m
[2026-07-22 02:44:41:4441] [[35mhttp[39m]: [35mGET /api/v1/masters/charger-manufacturer 304 - - 34.497 ms[39m
[2026-07-22 02:44:41:4441] [[35mhttp[39m]: [35mGET /api/v1/masters/connector 304 - - 8.040 ms[39m
[2026-07-22 02:44:41:4441] [[35mhttp[39m]: [35mGET /api/v1/masters/equipment 304 - - 17.093 ms[39m
[2026-07-22 02:44:41:4441] [[35mhttp[39m]: [35mGET /api/v1/survey-sites 304 - - 14.628 ms[39m
[2026-07-22 02:44:41:4441] [[35mhttp[39m]: [35mGET /api/v1/survey 304 - - 17.766 ms[39m
[2026-07-22 02:44:41:4441] [[35mhttp[39m]: [35mGET /api/v1/masters/charger-manufacturer 304 - - 17.959 ms[39m
[2026-07-22 02:44:44:4444] [[35mhttp[39m]: [35mPOST /api/v1/survey/step1 201 6797 - 72.697 ms[39m
[2026-07-22 02:47:28:4728] [[32minfo[39m]: [32mDatabase connection established successfully.[39m
[2026-07-22 02:47:28:4728] [[32minfo[39m]: [32mServer is running in development mode on port 5000[39m
[2026-07-22 02:47:36:4736] [[32minfo[39m]: [32mDatabase connection established successfully.[39m
[2026-07-22 02:47:36:4736] [[32minfo[39m]: [32mServer is running in development mode on port 5000[39m
[2026-07-22 02:48:00:480] [[35mhttp[39m]: [35mGET /api/v1/auth/me 304 - - 45.322 ms[39m
[2026-07-22 02:48:00:480] [[35mhttp[39m]: [35mGET /api/v1/auth/me 304 - - 5.537 ms[39m
[2026-07-22 02:48:01:481] [[35mhttp[39m]: [35mGET /api/v1/survey 200 2107 - 47.530 ms[39m
[2026-07-22 02:48:01:481] [[35mhttp[39m]: [35mGET /api/v1/survey 304 - - 32.839 ms[39m
[2026-07-22 02:48:01:481] [[35mhttp[39m]: [35mGET /api/v1/masters/charger-manufacturer 304 - - 171.613 ms[39m
[2026-07-22 02:48:01:481] [[35mhttp[39m]: [35mGET /api/v1/masters/equipment 304 - - 172.360 ms[39m
[2026-07-22 02:48:01:481] [[35mhttp[39m]: [35mGET /api/v1/masters/connector 304 - - 180.715 ms[39m
[2026-07-22 02:48:01:481] [[35mhttp[39m]: [35mGET /api/v1/survey-sites 200 592 - 192.456 ms[39m
[2026-07-22 02:48:01:481] [[35mhttp[39m]: [35mGET /api/v1/masters/equipment 304 - - 17.084 ms[39m
[2026-07-22 02:48:01:481] [[35mhttp[39m]: [35mGET /api/v1/masters/connector 304 - - 16.912 ms[39m
[2026-07-22 02:48:01:481] [[35mhttp[39m]: [35mGET /api/v1/masters/charger-manufacturer 304 - - 25.598 ms[39m
[2026-07-22 02:48:01:481] [[35mhttp[39m]: [35mGET /api/v1/survey-sites 304 - - 22.249 ms[39m
[2026-07-22 02:48:10:4810] [[35mhttp[39m]: [35mPOST /api/v1/survey/step1 201 6797 - 73.679 ms[39m
[2026-07-22 02:48:13:4813] [[35mhttp[39m]: [35mGET /api/v1/survey-assignment 200 1068 - 16.524 ms[39m
[2026-07-22 02:48:13:4813] [[35mhttp[39m]: [35mGET /api/v1/survey-assignment 304 - - 11.563 ms[39m
[2026-07-22 02:48:16:4816] [[35mhttp[39m]: [35mGET /api/v1/survey-assignment 304 - - 9.256 ms[39m
[2026-07-22 02:48:16:4816] [[35mhttp[39m]: [35mGET /api/v1/survey-assignment 304 - - 10.721 ms[39m
[2026-07-22 02:48:16:4816] [[35mhttp[39m]: [35mGET /api/v1/survey/site/e2951ef4-a31d-467d-a209-c79df8a2d20d 200 5660 - 18.540 ms[39m
[2026-07-22 02:48:16:4816] [[35mhttp[39m]: [35mGET /api/v1/survey/site/e2951ef4-a31d-467d-a209-c79df8a2d20d 304 - - 17.236 ms[39m
[2026-07-22 02:48:25:4825] [[35mhttp[39m]: [35mGET /api/v1/survey-assignment 304 - - 12.563 ms[39m
[2026-07-22 02:48:25:4825] [[35mhttp[39m]: [35mGET /api/v1/survey-assignment 304 - - 9.571 ms[39m
[2026-07-22 02:48:27:4827] [[35mhttp[39m]: [35mGET /api/v1/masters/equipment 304 - - 19.264 ms[39m
[2026-07-22 02:48:27:4827] [[35mhttp[39m]: [35mGET /api/v1/masters/charger-manufacturer 304 - - 22.912 ms[39m
[2026-07-22 02:48:27:4827] [[35mhttp[39m]: [35mGET /api/v1/masters/connector 304 - - 28.795 ms[39m
[2026-07-22 02:48:27:4827] [[35mhttp[39m]: [35mGET /api/v1/survey-sites 200 592 - 45.133 ms[39m
[2026-07-22 02:48:27:4827] [[35mhttp[39m]: [35mGET /api/v1/masters/charger-manufacturer 304 - - 14.381 ms[39m
[2026-07-22 02:48:27:4827] [[35mhttp[39m]: [35mGET /api/v1/masters/connector 304 - - 10.620 ms[39m
[2026-07-22 02:48:27:4827] [[35mhttp[39m]: [35mGET /api/v1/masters/equipment 304 - - 22.798 ms[39m
[2026-07-22 02:48:27:4827] [[35mhttp[39m]: [35mGET /api/v1/survey-sites 304 - - 9.434 ms[39m
[2026-07-22 02:48:27:4827] [[35mhttp[39m]: [35mGET /api/v1/survey 200 2107 - 74.719 ms[39m
[2026-07-22 02:48:27:4827] [[35mhttp[39m]: [35mGET /api/v1/survey 304 - - 14.253 ms[39m
[2026-07-22 02:48:40:4840] [[35mhttp[39m]: [35mPOST /api/v1/survey/step1 201 6797 - 69.163 ms[39m
[2026-07-22 02:48:45:4845] [[35mhttp[39m]: [35mGET /api/v1/survey-assignment 200 1068 - 11.177 ms[39m
[2026-07-22 02:48:45:4845] [[35mhttp[39m]: [35mGET /api/v1/survey-assignment 304 - - 10.676 ms[39m
[2026-07-22 02:48:50:4850] [[35mhttp[39m]: [35mGET /api/v1/survey-assignment 304 - - 7.609 ms[39m
[2026-07-22 02:48:50:4850] [[35mhttp[39m]: [35mGET /api/v1/survey-assignment 304 - - 7.655 ms[39m
[2026-07-22 02:48:50:4850] [[35mhttp[39m]: [35mGET /api/v1/survey/site/e2951ef4-a31d-467d-a209-c79df8a2d20d 200 5660 - 17.616 ms[39m
[2026-07-22 02:48:50:4850] [[35mhttp[39m]: [35mGET /api/v1/survey/site/e2951ef4-a31d-467d-a209-c79df8a2d20d 304 - - 15.438 ms[39m
[2026-07-22 02:48:54:4854] [[35mhttp[39m]: [35mGET /api/v1/survey/bfd268f1-26a7-494e-9483-c5118680b2e7 200 6777 - 25.565 ms[39m
[2026-07-22 02:48:54:4854] [[35mhttp[39m]: [35mGET /api/v1/survey/bfd268f1-26a7-494e-9483-c5118680b2e7 304 - - 20.382 ms[39m
[2026-07-22 02:49:00:490] [[35mhttp[39m]: [35mGET /api/v1/masters/connector 304 - - 17.928 ms[39m
[2026-07-22 02:49:00:490] [[35mhttp[39m]: [35mGET /api/v1/survey-sites 200 592 - 26.667 ms[39m
[2026-07-22 02:49:00:490] [[35mhttp[39m]: [35mGET /api/v1/masters/charger-manufacturer 304 - - 40.830 ms[39m
[2026-07-22 02:49:00:490] [[35mhttp[39m]: [35mGET /api/v1/survey 200 2107 - 51.079 ms[39m
[2026-07-22 02:49:00:490] [[35mhttp[39m]: [35mGET /api/v1/masters/connector 304 - - 25.209 ms[39m
[2026-07-22 02:49:00:490] [[35mhttp[39m]: [35mGET /api/v1/survey-sites 304 - - 17.698 ms[39m
[2026-07-22 02:49:00:490] [[35mhttp[39m]: [35mGET /api/v1/masters/equipment 304 - - 32.166 ms[39m
[2026-07-22 02:49:00:490] [[35mhttp[39m]: [35mGET /api/v1/masters/charger-manufacturer 304 - - 24.554 ms[39m
[2026-07-22 02:49:00:490] [[35mhttp[39m]: [35mGET /api/v1/survey 304 - - 25.153 ms[39m
[2026-07-22 02:49:00:490] [[35mhttp[39m]: [35mGET /api/v1/masters/equipment 304 - - 14.403 ms[39m
[2026-07-22 02:53:28:5328] [[35mhttp[39m]: [35mPOST /api/v1/survey/step1 201 6797 - 218.517 ms[39m
[2026-07-22 02:53:51:5351] [[35mhttp[39m]: [35mGET /api/v1/survey-assignment 200 1068 - 23.049 ms[39m
[2026-07-22 02:53:51:5351] [[35mhttp[39m]: [35mGET /api/v1/survey-assignment 304 - - 21.863 ms[39m
[2026-07-22 02:53:53:5353] [[35mhttp[39m]: [35mGET /api/v1/survey-assignment 304 - - 9.904 ms[39m
[2026-07-22 02:53:53:5353] [[35mhttp[39m]: [35mGET /api/v1/survey-assignment 304 - - 8.130 ms[39m
[2026-07-22 02:53:54:5354] [[35mhttp[39m]: [35mGET /api/v1/survey/site/e2951ef4-a31d-467d-a209-c79df8a2d20d 200 5660 - 134.340 ms[39m
[2026-07-22 02:53:54:5354] [[35mhttp[39m]: [35mGET /api/v1/survey/site/e2951ef4-a31d-467d-a209-c79df8a2d20d 304 - - 19.931 ms[39m
[2026-07-22 02:54:06:546] [[35mhttp[39m]: [35mGET /api/v1/survey/bfd268f1-26a7-494e-9483-c5118680b2e7 200 6777 - 38.904 ms[39m
[2026-07-22 02:54:06:546] [[35mhttp[39m]: [35mGET /api/v1/survey/bfd268f1-26a7-494e-9483-c5118680b2e7 304 - - 24.919 ms[39m
[2026-07-22 02:54:38:5438] [[35mhttp[39m]: [35mGET /api/v1/survey-assignment 304 - - 12.540 ms[39m
[2026-07-22 02:54:38:5438] [[35mhttp[39m]: [35mGET /api/v1/survey-assignment 304 - - 18.810 ms[39m
[2026-07-22 02:54:39:5439] [[35mhttp[39m]: [35mGET /api/v1/survey-assignment 304 - - 11.683 ms[39m
[2026-07-22 02:54:39:5439] [[35mhttp[39m]: [35mGET /api/v1/survey-assignment 304 - - 11.309 ms[39m
[2026-07-22 02:54:39:5439] [[35mhttp[39m]: [35mGET /api/v1/survey/site/e2951ef4-a31d-467d-a209-c79df8a2d20d 304 - - 34.044 ms[39m
[2026-07-22 02:54:39:5439] [[35mhttp[39m]: [35mGET /api/v1/survey/site/e2951ef4-a31d-467d-a209-c79df8a2d20d 304 - - 27.827 ms[39m
[2026-07-22 02:54:52:5452] [[35mhttp[39m]: [35mGET /api/v1/survey/bfd268f1-26a7-494e-9483-c5118680b2e7 304 - - 29.127 ms[39m
[2026-07-22 02:54:52:5452] [[35mhttp[39m]: [35mGET /api/v1/survey/bfd268f1-26a7-494e-9483-c5118680b2e7 304 - - 25.006 ms[39m
[2026-07-22 02:55:40:5540] [[35mhttp[39m]: [35mPOST /api/v1/survey/lock-asset 200 549 - 30.829 ms[39m
[2026-07-22 02:55:40:5540] [[35mhttp[39m]: [35mGET /api/v1/masters/charger-manufacturer 304 - - 28.066 ms[39m
[2026-07-22 02:55:40:5540] [[35mhttp[39m]: [35mGET /api/v1/survey/bfd268f1-26a7-494e-9483-c5118680b2e7 200 6777 - 43.308 ms[39m
[2026-07-22 02:55:40:5540] [[35mhttp[39m]: [35mGET /api/v1/masters/charger-manufacturer 304 - - 21.058 ms[39m
[2026-07-22 02:55:40:5540] [[35mhttp[39m]: [35mGET /api/v1/survey/bfd268f1-26a7-494e-9483-c5118680b2e7 304 - - 22.961 ms[39m
[2026-07-22 02:55:40:5540] [[35mhttp[39m]: [35mGET /api/v1/masters/equipment 304 - - 179.420 ms[39m
[2026-07-22 02:55:40:5540] [[35mhttp[39m]: [35mGET /api/v1/masters/connector 304 - - 175.714 ms[39m
[2026-07-22 02:55:41:5541] [[35mhttp[39m]: [35mGET /api/v1/masters/equipment 304 - - 13.230 ms[39m
[2026-07-22 02:55:41:5541] [[35mhttp[39m]: [35mGET /api/v1/masters/connector 304 - - 12.758 ms[39m
[2026-07-22 02:55:45:5545] [[35mhttp[39m]: [35mPOST /api/v1/survey/save-asset 400 4418 - 63.185 ms[39m
[2026-07-22 02:55:52:5552] [[35mhttp[39m]: [35mGET /api/v1/survey/bfd268f1-26a7-494e-9483-c5118680b2e7 200 6777 - 58.094 ms[39m
[2026-07-22 02:55:52:5552] [[35mhttp[39m]: [35mGET /api/v1/survey/bfd268f1-26a7-494e-9483-c5118680b2e7 304 - - 27.396 ms[39m
[2026-07-22 02:55:57:5557] [[35mhttp[39m]: [35mPOST /api/v1/survey/lock-asset 200 554 - 47.760 ms[39m
[2026-07-22 02:55:57:5557] [[35mhttp[39m]: [35mGET /api/v1/masters/equipment 304 - - 20.111 ms[39m
[2026-07-22 02:55:57:5557] [[35mhttp[39m]: [35mGET /api/v1/masters/equipment 304 - - 11.263 ms[39m
[2026-07-22 02:55:57:5557] [[35mhttp[39m]: [35mGET /api/v1/survey/bfd268f1-26a7-494e-9483-c5118680b2e7 200 6934 - 63.598 ms[39m
[2026-07-22 02:55:57:5557] [[35mhttp[39m]: [35mGET /api/v1/survey/bfd268f1-26a7-494e-9483-c5118680b2e7 304 - - 29.240 ms[39m
[2026-07-22 02:56:01:561] [[35mhttp[39m]: [35mGET /api/v1/survey/bfd268f1-26a7-494e-9483-c5118680b2e7 304 - - 35.342 ms[39m
[2026-07-22 02:56:01:561] [[35mhttp[39m]: [35mGET /api/v1/survey/bfd268f1-26a7-494e-9483-c5118680b2e7 304 - - 31.424 ms[39m
[2026-07-22 02:56:18:5618] [[35mhttp[39m]: [35mPOST /api/v1/survey/lock-asset 200 549 - 23.792 ms[39m
[2026-07-22 02:56:19:5619] [[35mhttp[39m]: [35mGET /api/v1/masters/equipment 304 - - 17.590 ms[39m
[2026-07-22 02:56:19:5619] [[35mhttp[39m]: [35mGET /api/v1/masters/connector 304 - - 24.597 ms[39m
[2026-07-22 02:56:19:5619] [[35mhttp[39m]: [35mGET /api/v1/masters/charger-manufacturer 304 - - 31.980 ms[39m
[2026-07-22 02:56:19:5619] [[35mhttp[39m]: [35mGET /api/v1/survey/bfd268f1-26a7-494e-9483-c5118680b2e7 200 6934 - 42.750 ms[39m
[2026-07-22 02:56:19:5619] [[35mhttp[39m]: [35mGET /api/v1/masters/equipment 304 - - 14.851 ms[39m
[2026-07-22 02:56:19:5619] [[35mhttp[39m]: [35mGET /api/v1/masters/connector 304 - - 19.739 ms[39m
[2026-07-22 02:56:19:5619] [[35mhttp[39m]: [35mGET /api/v1/masters/charger-manufacturer 304 - - 21.449 ms[39m
[2026-07-22 02:56:19:5619] [[35mhttp[39m]: [35mGET /api/v1/survey/bfd268f1-26a7-494e-9483-c5118680b2e7 304 - - 27.815 ms[39m
[2026-07-22 02:56:45:5645] [[35mhttp[39m]: [35mGET /api/v1/masters/connector 304 - - 16.755 ms[39m
[2026-07-22 02:56:45:5645] [[35mhttp[39m]: [35mGET /api/v1/survey-sites 200 592 - 22.407 ms[39m
[2026-07-22 02:56:45:5645] [[35mhttp[39m]: [35mGET /api/v1/survey 200 2107 - 39.908 ms[39m
[2026-07-22 02:56:45:5645] [[35mhttp[39m]: [35mGET /api/v1/masters/charger-manufacturer 304 - - 39.433 ms[39m
[2026-07-22 02:56:45:5645] [[35mhttp[39m]: [35mGET /api/v1/masters/equipment 304 - - 37.782 ms[39m
[2026-07-22 02:56:45:5645] [[35mhttp[39m]: [35mGET /api/v1/masters/connector 304 - - 32.159 ms[39m
[2026-07-22 02:56:45:5645] [[35mhttp[39m]: [35mGET /api/v1/survey-sites 304 - - 42.481 ms[39m
[2026-07-22 02:56:45:5645] [[35mhttp[39m]: [35mGET /api/v1/masters/charger-manufacturer 304 - - 37.295 ms[39m
[2026-07-22 02:56:45:5645] [[35mhttp[39m]: [35mGET /api/v1/survey 304 - - 49.285 ms[39m
[2026-07-22 02:56:45:5645] [[35mhttp[39m]: [35mGET /api/v1/masters/equipment 304 - - 17.156 ms[39m
[2026-07-22 02:57:59:5759] [[35mhttp[39m]: [35mGET /api/v1/auth/me 304 - - 11.325 ms[39m
[2026-07-22 02:57:59:5759] [[35mhttp[39m]: [35mGET /api/v1/auth/me 304 - - 35.782 ms[39m
[2026-07-22 02:57:59:5759] [[35mhttp[39m]: [35mGET /api/v1/survey 304 - - 38.712 ms[39m
[2026-07-22 02:57:59:5759] [[35mhttp[39m]: [35mGET /api/v1/survey-sites 304 - - 57.810 ms[39m
[2026-07-22 02:57:59:5759] [[35mhttp[39m]: [35mGET /api/v1/masters/charger-manufacturer 304 - - 37.510 ms[39m
[2026-07-22 02:57:59:5759] [[35mhttp[39m]: [35mGET /api/v1/masters/equipment 304 - - 67.302 ms[39m
[2026-07-22 02:57:59:5759] [[35mhttp[39m]: [35mGET /api/v1/masters/connector 304 - - 73.445 ms[39m
[2026-07-22 02:57:59:5759] [[35mhttp[39m]: [35mGET /api/v1/survey 304 - - 69.165 ms[39m
[2026-07-22 02:57:59:5759] [[35mhttp[39m]: [35mGET /api/v1/survey-sites 304 - - 10.948 ms[39m
[2026-07-22 02:57:59:5759] [[35mhttp[39m]: [35mGET /api/v1/masters/charger-manufacturer 304 - - 14.715 ms[39m
[2026-07-22 02:57:59:5759] [[35mhttp[39m]: [35mGET /api/v1/masters/connector 304 - - 9.951 ms[39m
[2026-07-22 02:57:59:5759] [[35mhttp[39m]: [35mGET /api/v1/masters/equipment 304 - - 21.963 ms[39m
[2026-07-22 02:58:24:5824] [[35mhttp[39m]: [35mGET /api/v1/auth/me 304 - - 4.382 ms[39m
[2026-07-22 02:58:24:5824] [[35mhttp[39m]: [35mGET /api/v1/auth/me 304 - - 2.797 ms[39m
[2026-07-22 02:58:24:5824] [[35mhttp[39m]: [35mGET /api/v1/survey-sites 200 2134 - 27.721 ms[39m
[2026-07-22 02:58:24:5824] [[35mhttp[39m]: [35mGET /api/v1/masters/charger-manufacturer 304 - - 25.641 ms[39m
[2026-07-22 02:58:24:5824] [[35mhttp[39m]: [35mGET /api/v1/survey 200 4729 - 65.199 ms[39m
[2026-07-22 02:58:24:5824] [[35mhttp[39m]: [35mGET /api/v1/masters/charger-manufacturer 304 - - 25.143 ms[39m
[2026-07-22 02:58:24:5824] [[35mhttp[39m]: [35mGET /api/v1/masters/connector 304 - - 24.408 ms[39m
[2026-07-22 02:58:24:5824] [[35mhttp[39m]: [35mGET /api/v1/masters/equipment 304 - - 31.118 ms[39m
[2026-07-22 02:58:24:5824] [[35mhttp[39m]: [35mGET /api/v1/survey-sites 304 - - 31.967 ms[39m
[2026-07-22 02:58:24:5824] [[35mhttp[39m]: [35mGET /api/v1/masters/connector 304 - - 6.820 ms[39m
[2026-07-22 02:58:24:5824] [[35mhttp[39m]: [35mGET /api/v1/masters/equipment 304 - - 9.729 ms[39m
[2026-07-22 02:58:24:5824] [[35mhttp[39m]: [35mGET /api/v1/survey 304 - - 36.793 ms[39m
[2026-07-22 02:58:39:5839] [[35mhttp[39m]: [35mPOST /api/v1/auth/login 200 743 - 288.387 ms[39m
[2026-07-22 02:58:41:5841] [[35mhttp[39m]: [35mGET /api/v1/survey-sites 200 592 - 14.456 ms[39m
[2026-07-22 02:58:41:5841] [[35mhttp[39m]: [35mGET /api/v1/masters/connector 304 - - 12.282 ms[39m
[2026-07-22 02:58:41:5841] [[35mhttp[39m]: [35mGET /api/v1/survey 200 2107 - 31.673 ms[39m
[2026-07-22 02:58:41:5841] [[35mhttp[39m]: [35mGET /api/v1/masters/connector 304 - - 6.041 ms[39m
[2026-07-22 02:58:41:5841] [[35mhttp[39m]: [35mGET /api/v1/survey-sites 304 - - 12.142 ms[39m
[2026-07-22 02:58:41:5841] [[35mhttp[39m]: [35mGET /api/v1/survey 304 - - 14.590 ms[39m
[2026-07-22 02:58:41:5841] [[35mhttp[39m]: [35mGET /api/v1/masters/equipment 304 - - 230.988 ms[39m
[2026-07-22 02:58:41:5841] [[35mhttp[39m]: [35mGET /api/v1/masters/charger-manufacturer 304 - - 236.101 ms[39m
[2026-07-22 02:58:41:5841] [[35mhttp[39m]: [35mGET /api/v1/masters/equipment 304 - - 18.930 ms[39m
[2026-07-22 02:58:41:5841] [[35mhttp[39m]: [35mGET /api/v1/masters/charger-manufacturer 304 - - 19.530 ms[39m
[2026-07-22 02:59:39:5939] [[35mhttp[39m]: [35mPOST /api/v1/survey/step1 201 6954 - 81.897 ms[39m
[2026-07-22 02:59:46:5946] [[35mhttp[39m]: [35mPOST /api/v1/survey/step1 201 6954 - 50.547 ms[39m
[2026-07-22 03:03:43:343] [[32minfo[39m]: [32mDatabase connection established successfully.[39m
[2026-07-22 03:03:43:343] [[32minfo[39m]: [32mServer is running in development mode on port 5000[39m
[2026-07-22 03:03:49:349] [[32minfo[39m]: [32mDatabase connection established successfully.[39m
[2026-07-22 03:03:49:349] [[32minfo[39m]: [32mServer is running in development mode on port 5000[39m
[2026-07-22 03:03:56:356] [[32minfo[39m]: [32mDatabase connection established successfully.[39m
[2026-07-22 03:03:56:356] [[32minfo[39m]: [32mServer is running in development mode on port 5000[39m
[2026-07-22 03:04:04:44] [[32minfo[39m]: [32mDatabase connection established successfully.[39m
[2026-07-22 03:04:04:44] [[32minfo[39m]: [32mServer is running in development mode on port 5000[39m
[2026-07-22 03:04:08:48] [[35mhttp[39m]: [35mGET /api/v1/survey 200 2107 - 64.325 ms[39m
[2026-07-22 03:04:08:48] [[35mhttp[39m]: [35mGET /api/v1/survey 200 2107 - 80.118 ms[39m
[2026-07-22 03:04:08:48] [[35mhttp[39m]: [35mGET /api/v1/survey-sites 200 592 - 79.883 ms[39m
[2026-07-22 03:04:08:48] [[35mhttp[39m]: [35mGET /api/v1/masters/charger-manufacturer 304 - - 79.862 ms[39m
[2026-07-22 03:04:08:48] [[35mhttp[39m]: [35mGET /api/v1/masters/connector 304 - - 73.016 ms[39m
[2026-07-22 03:04:08:48] [[35mhttp[39m]: [35mGET /api/v1/survey-sites 200 592 - 109.320 ms[39m
[2026-07-22 03:04:08:48] [[35mhttp[39m]: [35mGET /api/v1/masters/connector 304 - - 122.671 ms[39m
[2026-07-22 03:04:08:48] [[35mhttp[39m]: [35mGET /api/v1/masters/equipment 304 - - 126.878 ms[39m
[2026-07-22 03:04:08:48] [[35mhttp[39m]: [35mGET /api/v1/masters/charger-manufacturer 304 - - 144.271 ms[39m
[2026-07-22 03:04:08:48] [[35mhttp[39m]: [35mGET /api/v1/masters/equipment 304 - - 11.787 ms[39m
[2026-07-22 03:05:35:535] [[35mhttp[39m]: [35mGET /api/v1/auth/me 304 - - 5.371 ms[39m
[2026-07-22 03:05:35:535] [[35mhttp[39m]: [35mGET /api/v1/auth/me 304 - - 3.502 ms[39m
[2026-07-22 03:05:35:535] [[35mhttp[39m]: [35mGET /api/v1/masters/charger-manufacturer 304 - - 35.272 ms[39m
[2026-07-22 03:05:35:535] [[35mhttp[39m]: [35mGET /api/v1/survey-sites 304 - - 59.025 ms[39m
[2026-07-22 03:05:35:535] [[35mhttp[39m]: [35mGET /api/v1/masters/connector 304 - - 48.860 ms[39m
[2026-07-22 03:05:35:535] [[35mhttp[39m]: [35mGET /api/v1/masters/equipment 304 - - 53.170 ms[39m
[2026-07-22 03:05:35:535] [[35mhttp[39m]: [35mGET /api/v1/survey 304 - - 71.744 ms[39m
[2026-07-22 03:05:35:535] [[35mhttp[39m]: [35mGET /api/v1/masters/charger-manufacturer 304 - - 30.170 ms[39m
[2026-07-22 03:05:35:535] [[35mhttp[39m]: [35mGET /api/v1/masters/connector 304 - - 18.265 ms[39m
[2026-07-22 03:05:35:535] [[35mhttp[39m]: [35mGET /api/v1/survey-sites 304 - - 27.445 ms[39m
[2026-07-22 03:05:35:535] [[35mhttp[39m]: [35mGET /api/v1/masters/equipment 304 - - 15.986 ms[39m
[2026-07-22 03:05:36:536] [[35mhttp[39m]: [35mGET /api/v1/survey 304 - - 19.348 ms[39m
[2026-07-22 03:05:39:539] [[35mhttp[39m]: [35mPOST /api/v1/survey/step1 201 6954 - 103.257 ms[39m
[2026-07-22 03:05:44:544] [[35mhttp[39m]: [35mGET /api/v1/reports/bfd268f1-26a7-494e-9483-c5118680b2e7/pdf?token=eyJhbGciOiJIUzI1NiIsInR5cCI6IkpXVCJ9.eyJpZCI6IjBkMWUzZTUxLThmZDMtNDE3My1hNjE3LTU5MTg1ZWE5OWRmZSIsImVtYWlsIjoic3VydmV5b3JAYmx1c21hcnQuY29tIiwicm9sZSI6IlNVUlZFWV9QRVJTT04iLCJpYXQiOjE3ODQ3MDk3MDEsImV4cCI6MTc4NTMxNDUwMX0.f3pdqQgjCtA7s_TfOmisyvQ1bKr9dbNya_uw2ldhAK8 200 - - 161.114 ms[39m
[2026-07-22 03:07:13:713] [[35mhttp[39m]: [35mGET /api/v1/survey-assignment 200 1068 - 12.319 ms[39m
[2026-07-22 03:07:13:713] [[35mhttp[39m]: [35mGET /api/v1/survey-assignment 304 - - 9.131 ms[39m
[2026-07-22 03:07:14:714] [[35mhttp[39m]: [35mGET /api/v1/survey-assignment 304 - - 11.167 ms[39m
[2026-07-22 03:07:14:714] [[35mhttp[39m]: [35mGET /api/v1/survey-assignment 304 - - 14.210 ms[39m
[2026-07-22 03:07:14:714] [[35mhttp[39m]: [35mGET /api/v1/survey/site/e2951ef4-a31d-467d-a209-c79df8a2d20d 200 5817 - 19.846 ms[39m
[2026-07-22 03:07:14:714] [[35mhttp[39m]: [35mGET /api/v1/survey/site/e2951ef4-a31d-467d-a209-c79df8a2d20d 304 - - 16.928 ms[39m
[2026-07-22 03:07:35:735] [[35mhttp[39m]: [35mGET /api/v1/survey/bfd268f1-26a7-494e-9483-c5118680b2e7 200 6934 - 31.506 ms[39m
[2026-07-22 03:07:35:735] [[35mhttp[39m]: [35mGET /api/v1/survey/bfd268f1-26a7-494e-9483-c5118680b2e7 304 - - 24.650 ms[39m
[2026-07-22 03:21:06:216] [[35mhttp[39m]: [35mGET /api/v1/auth/me 200 234 - 354.001 ms[39m
[2026-07-22 03:21:06:216] [[35mhttp[39m]: [35mGET /api/v1/auth/me 304 - - 5.216 ms[39m
[2026-07-22 03:21:07:217] [[35mhttp[39m]: [35mGET /api/v1/survey/bfd268f1-26a7-494e-9483-c5118680b2e7 304 - - 122.299 ms[39m
[2026-07-22 03:21:07:217] [[35mhttp[39m]: [35mGET /api/v1/survey/bfd268f1-26a7-494e-9483-c5118680b2e7 304 - - 39.214 ms[39m
[2026-07-22 03:27:14:2714] [[35mhttp[39m]: [35mGET /api/v1/auth/me 304 - - 127.358 ms[39m
[2026-07-22 03:27:14:2714] [[35mhttp[39m]: [35mGET /api/v1/auth/me 304 - - 2.899 ms[39m
[2026-07-22 03:27:14:2714] [[35mhttp[39m]: [35mGET /api/v1/survey/bfd268f1-26a7-494e-9483-c5118680b2e7 304 - - 87.078 ms[39m
[2026-07-22 03:27:15:2715] [[35mhttp[39m]: [35mGET /api/v1/survey/bfd268f1-26a7-494e-9483-c5118680b2e7 304 - - 30.300 ms[39m
[2026-07-22 03:27:22:2722] [[35mhttp[39m]: [35mGET /api/v1/auth/me 304 - - 5.036 ms[39m
[2026-07-22 03:27:22:2722] [[35mhttp[39m]: [35mGET /api/v1/auth/me 304 - - 2.599 ms[39m
[2026-07-22 03:27:22:2722] [[35mhttp[39m]: [35mGET /api/v1/survey 200 2107 - 27.010 ms[39m
[2026-07-22 03:27:22:2722] [[35mhttp[39m]: [35mGET /api/v1/masters/connector 304 - - 22.723 ms[39m
[2026-07-22 03:27:22:2722] [[35mhttp[39m]: [35mGET /api/v1/survey 304 - - 75.875 ms[39m
[2026-07-22 03:27:22:2722] [[35mhttp[39m]: [35mGET /api/v1/masters/connector 304 - - 5.791 ms[39m
[2026-07-22 03:27:22:2722] [[35mhttp[39m]: [35mGET /api/v1/masters/charger-manufacturer 304 - - 257.433 ms[39m
[2026-07-22 03:27:22:2722] [[35mhttp[39m]: [35mGET /api/v1/survey-sites 200 592 - 294.702 ms[39m
[2026-07-22 03:27:22:2722] [[35mhttp[39m]: [35mGET /api/v1/masters/equipment 304 - - 257.490 ms[39m
[2026-07-22 03:27:22:2722] [[35mhttp[39m]: [35mGET /api/v1/masters/charger-manufacturer 304 - - 17.270 ms[39m
[2026-07-22 03:27:22:2722] [[35mhttp[39m]: [35mGET /api/v1/masters/equipment 304 - - 20.887 ms[39m
[2026-07-22 03:27:22:2722] [[35mhttp[39m]: [35mGET /api/v1/survey-sites 304 - - 10.362 ms[39m
[2026-07-22 03:27:26:2726] [[35mhttp[39m]: [35mPOST /api/v1/survey/step1 201 6954 - 76.118 ms[39m
[2026-07-22 03:28:19:2819] [[35mhttp[39m]: [35mGET /api/v1/survey-assignment 200 1068 - 10.146 ms[39m
[2026-07-22 03:28:19:2819] [[35mhttp[39m]: [35mGET /api/v1/survey-assignment 304 - - 13.853 ms[39m
[2026-07-22 03:28:29:2829] [[35mhttp[39m]: [35mPOST /api/v1/survey/lock-asset 200 549 - 18.723 ms[39m
[2026-07-22 03:28:29:2829] [[35mhttp[39m]: [35mGET /api/v1/masters/charger-manufacturer 304 - - 10.166 ms[39m
[2026-07-22 03:28:29:2829] [[35mhttp[39m]: [35mGET /api/v1/survey/bfd268f1-26a7-494e-9483-c5118680b2e7 200 6934 - 30.757 ms[39m
[2026-07-22 03:28:29:2829] [[35mhttp[39m]: [35mGET /api/v1/masters/connector 304 - - 22.231 ms[39m
[2026-07-22 03:28:29:2829] [[35mhttp[39m]: [35mGET /api/v1/masters/equipment 304 - - 12.335 ms[39m
[2026-07-22 03:28:29:2829] [[35mhttp[39m]: [35mGET /api/v1/masters/charger-manufacturer 304 - - 16.129 ms[39m
[2026-07-22 03:28:29:2829] [[35mhttp[39m]: [35mGET /api/v1/masters/connector 304 - - 5.813 ms[39m
[2026-07-22 03:28:29:2829] [[35mhttp[39m]: [35mGET /api/v1/masters/equipment 304 - - 18.777 ms[39m
[2026-07-22 03:28:29:2829] [[35mhttp[39m]: [35mGET /api/v1/survey/bfd268f1-26a7-494e-9483-c5118680b2e7 304 - - 46.668 ms[39m
[2026-07-22 03:28:47:2847] [[35mhttp[39m]: [35mGET /api/v1/survey/bfd268f1-26a7-494e-9483-c5118680b2e7 304 - - 29.512 ms[39m
[2026-07-22 03:28:47:2847] [[35mhttp[39m]: [35mGET /api/v1/survey/bfd268f1-26a7-494e-9483-c5118680b2e7 304 - - 20.463 ms[39m
[2026-07-22 03:28:50:2850] [[35mhttp[39m]: [35mPOST /api/v1/survey/lock-asset 200 554 - 15.528 ms[39m
[2026-07-22 03:28:50:2850] [[35mhttp[39m]: [35mGET /api/v1/masters/equipment 304 - - 15.846 ms[39m
[2026-07-22 03:28:50:2850] [[35mhttp[39m]: [35mGET /api/v1/survey/bfd268f1-26a7-494e-9483-c5118680b2e7 200 6934 - 25.284 ms[39m
[2026-07-22 03:28:50:2850] [[35mhttp[39m]: [35mGET /api/v1/masters/equipment 304 - - 9.865 ms[39m
[2026-07-22 03:28:50:2850] [[35mhttp[39m]: [35mGET /api/v1/survey/bfd268f1-26a7-494e-9483-c5118680b2e7 304 - - 20.090 ms[39m
[2026-07-22 03:29:04:294] [[35mhttp[39m]: [35mGET /api/v1/survey/bfd268f1-26a7-494e-9483-c5118680b2e7 304 - - 30.808 ms[39m
[2026-07-22 03:29:04:294] [[35mhttp[39m]: [35mGET /api/v1/survey/bfd268f1-26a7-494e-9483-c5118680b2e7 304 - - 19.677 ms[39m
[2026-07-22 03:29:07:297] [[35mhttp[39m]: [35mPOST /api/v1/survey/lock-asset 200 554 - 9.951 ms[39m
[2026-07-22 03:29:07:297] [[35mhttp[39m]: [35mGET /api/v1/survey/bfd268f1-26a7-494e-9483-c5118680b2e7 200 6934 - 22.734 ms[39m
[2026-07-22 03:29:07:297] [[35mhttp[39m]: [35mGET /api/v1/survey/bfd268f1-26a7-494e-9483-c5118680b2e7 304 - - 18.097 ms[39m
[2026-07-22 03:29:15:2915] [[35mhttp[39m]: [35mGET /api/v1/survey/bfd268f1-26a7-494e-9483-c5118680b2e7 304 - - 25.481 ms[39m
[2026-07-22 03:29:15:2915] [[35mhttp[39m]: [35mGET /api/v1/survey/bfd268f1-26a7-494e-9483-c5118680b2e7 304 - - 16.605 ms[39m
[2026-07-22 03:29:23:2923] [[35mhttp[39m]: [35mPOST /api/v1/survey/lock-asset 200 541 - 15.470 ms[39m
[2026-07-22 03:29:49:2949] [[35mhttp[39m]: [35mGET /api/v1/survey/bfd268f1-26a7-494e-9483-c5118680b2e7 200 6934 - 28.052 ms[39m
[2026-07-22 03:29:49:2949] [[35mhttp[39m]: [35mGET /api/v1/survey/bfd268f1-26a7-494e-9483-c5118680b2e7 304 - - 23.886 ms[39m
[2026-07-22 03:29:53:2953] [[35mhttp[39m]: [35mPOST /api/v1/survey/lock-asset 200 541 - 13.290 ms[39m
[2026-07-22 03:29:55:2955] [[35mhttp[39m]: [35mGET /api/v1/survey/bfd268f1-26a7-494e-9483-c5118680b2e7 200 6934 - 31.160 ms[39m
[2026-07-22 03:29:55:2955] [[35mhttp[39m]: [35mGET /api/v1/survey/bfd268f1-26a7-494e-9483-c5118680b2e7 304 - - 28.383 ms[39m
[2026-07-22 03:30:13:3013] [[35mhttp[39m]: [35mGET /api/v1/auth/me 304 - - 2.513 ms[39m
[2026-07-22 03:30:13:3013] [[35mhttp[39m]: [35mGET /api/v1/auth/me 304 - - 2.590 ms[39m
[2026-07-22 03:30:13:3013] [[35mhttp[39m]: [35mGET /api/v1/survey 200 2107 - 17.710 ms[39m
[2026-07-22 03:30:13:3013] [[35mhttp[39m]: [35mGET /api/v1/survey-sites 200 592 - 18.370 ms[39m
[2026-07-22 03:30:13:3013] [[35mhttp[39m]: [35mGET /api/v1/masters/charger-manufacturer 304 - - 16.725 ms[39m
[2026-07-22 03:30:13:3013] [[35mhttp[39m]: [35mGET /api/v1/masters/connector 304 - - 16.243 ms[39m
[2026-07-22 03:30:13:3013] [[35mhttp[39m]: [35mGET /api/v1/masters/equipment 304 - - 18.559 ms[39m
[2026-07-22 03:30:13:3013] [[35mhttp[39m]: [35mGET /api/v1/survey 304 - - 12.950 ms[39m
[2026-07-22 03:30:14:3014] [[35mhttp[39m]: [35mGET /api/v1/masters/charger-manufacturer 304 - - 8.593 ms[39m
[2026-07-22 03:30:14:3014] [[35mhttp[39m]: [35mGET /api/v1/survey-sites 304 - - 17.355 ms[39m
[2026-07-22 03:30:14:3014] [[35mhttp[39m]: [35mGET /api/v1/masters/connector 304 - - 6.009 ms[39m
[2026-07-22 03:30:14:3014] [[35mhttp[39m]: [35mGET /api/v1/masters/equipment 304 - - 8.607 ms[39m
[2026-07-22 03:33:19:3319] [[35mhttp[39m]: [35mGET /api/v1/survey/bfd268f1-26a7-494e-9483-c5118680b2e7 304 - - 102.815 ms[39m
[2026-07-22 03:35:45:3545] [[35mhttp[39m]: [35mGET /api/v1/auth/me 304 - - 19.206 ms[39m
[2026-07-22 03:35:45:3545] [[35mhttp[39m]: [35mGET /api/v1/auth/me 304 - - 5.782 ms[39m
[2026-07-22 03:35:46:3546] [[35mhttp[39m]: [35mGET /api/v1/survey/bfd268f1-26a7-494e-9483-c5118680b2e7 304 - - 48.797 ms[39m
[2026-07-22 03:35:46:3546] [[35mhttp[39m]: [35mGET /api/v1/survey/bfd268f1-26a7-494e-9483-c5118680b2e7 304 - - 250.638 ms[39m
[2026-07-22 03:36:31:3631] [[35mhttp[39m]: [35mGET /api/v1/survey/bfd268f1-26a7-494e-9483-c5118680b2e7 304 - - 28.114 ms[39m
[2026-07-22 03:37:19:3719] [[35mhttp[39m]: [35mPOST /api/v1/survey/lock-asset 200 554 - 15.572 ms[39m
[2026-07-22 03:37:20:3720] [[35mhttp[39m]: [35mGET /api/v1/survey/bfd268f1-26a7-494e-9483-c5118680b2e7 200 6934 - 23.430 ms[39m
[2026-07-22 03:37:20:3720] [[35mhttp[39m]: [35mGET /api/v1/survey/bfd268f1-26a7-494e-9483-c5118680b2e7 304 - - 18.935 ms[39m
[2026-07-22 03:37:22:3722] [[35mhttp[39m]: [35mGET /api/v1/survey/bfd268f1-26a7-494e-9483-c5118680b2e7 304 - - 26.518 ms[39m
[2026-07-22 03:37:22:3722] [[35mhttp[39m]: [35mGET /api/v1/survey/bfd268f1-26a7-494e-9483-c5118680b2e7 304 - - 20.129 ms[39m
[2026-07-22 03:37:23:3723] [[35mhttp[39m]: [35mPOST /api/v1/survey/lock-asset 200 554 - 12.450 ms[39m
[2026-07-22 03:37:23:3723] [[35mhttp[39m]: [35mGET /api/v1/survey/bfd268f1-26a7-494e-9483-c5118680b2e7 200 6934 - 19.710 ms[39m
[2026-07-22 03:37:23:3723] [[35mhttp[39m]: [35mGET /api/v1/survey/bfd268f1-26a7-494e-9483-c5118680b2e7 304 - - 16.578 ms[39m
[2026-07-22 03:37:25:3725] [[35mhttp[39m]: [35mGET /api/v1/survey/bfd268f1-26a7-494e-9483-c5118680b2e7 304 - - 28.347 ms[39m
[2026-07-22 03:37:25:3725] [[35mhttp[39m]: [35mGET /api/v1/survey/bfd268f1-26a7-494e-9483-c5118680b2e7 304 - - 16.824 ms[39m
[2026-07-22 03:37:26:3726] [[35mhttp[39m]: [35mPOST /api/v1/survey/lock-asset 200 541 - 9.845 ms[39m
[2026-07-22 03:37:26:3726] [[35mhttp[39m]: [35mGET /api/v1/survey/bfd268f1-26a7-494e-9483-c5118680b2e7 200 6934 - 21.002 ms[39m
[2026-07-22 03:37:26:3726] [[35mhttp[39m]: [35mGET /api/v1/survey/bfd268f1-26a7-494e-9483-c5118680b2e7 304 - - 17.048 ms[39m
[2026-07-22 03:37:30:3730] [[35mhttp[39m]: [35mGET /api/v1/survey/bfd268f1-26a7-494e-9483-c5118680b2e7 304 - - 31.527 ms[39m
[2026-07-22 03:37:30:3730] [[35mhttp[39m]: [35mGET /api/v1/survey/bfd268f1-26a7-494e-9483-c5118680b2e7 304 - - 21.280 ms[39m
[2026-07-22 03:39:34:3934] [[35mhttp[39m]: [35mGET /api/v1/auth/me 304 - - 3.571 ms[39m
[2026-07-22 03:39:34:3934] [[35mhttp[39m]: [35mGET /api/v1/auth/me 304 - - 4.841 ms[39m
[2026-07-22 03:39:35:3935] [[35mhttp[39m]: [35mGET /api/v1/survey/bfd268f1-26a7-494e-9483-c5118680b2e7 304 - - 35.035 ms[39m
[2026-07-22 03:39:35:3935] [[35mhttp[39m]: [35mGET /api/v1/survey/bfd268f1-26a7-494e-9483-c5118680b2e7 304 - - 42.697 ms[39m
[2026-07-22 03:40:56:4056] [[35mhttp[39m]: [35mGET /api/v1/auth/me 304 - - 149.979 ms[39m
[2026-07-22 03:40:56:4056] [[35mhttp[39m]: [35mGET /api/v1/auth/me 304 - - 2.353 ms[39m
[2026-07-22 03:40:56:4056] [[35mhttp[39m]: [35mGET /api/v1/auth/me 304 - - 2.484 ms[39m
[2026-07-22 03:40:56:4056] [[35mhttp[39m]: [35mGET /api/v1/survey 304 - - 17.342 ms[39m
[2026-07-22 03:40:56:4056] [[35mhttp[39m]: [35mGET /api/v1/survey-sites 304 - - 6.714 ms[39m
[2026-07-22 03:40:56:4056] [[35mhttp[39m]: [35mGET /api/v1/masters/charger-manufacturer 304 - - 12.503 ms[39m
[2026-07-22 03:40:56:4056] [[35mhttp[39m]: [35mGET /api/v1/masters/connector 304 - - 107.111 ms[39m
[2026-07-22 03:40:56:4056] [[35mhttp[39m]: [35mGET /api/v1/masters/equipment 304 - - 155.017 ms[39m
[2026-07-22 03:40:56:4056] [[35mhttp[39m]: [35mGET /api/v1/survey 304 - - 18.031 ms[39m
[2026-07-22 03:40:56:4056] [[35mhttp[39m]: [35mGET /api/v1/survey-sites 304 - - 5.848 ms[39m
[2026-07-22 03:40:56:4056] [[35mhttp[39m]: [35mGET /api/v1/masters/charger-manufacturer 304 - - 10.131 ms[39m
[2026-07-22 03:40:56:4056] [[35mhttp[39m]: [35mGET /api/v1/masters/connector 304 - - 3.839 ms[39m
[2026-07-22 03:40:56:4056] [[35mhttp[39m]: [35mGET /api/v1/masters/equipment 304 - - 10.953 ms[39m
[2026-07-22 03:40:57:4057] [[35mhttp[39m]: [35mGET /api/v1/auth/me 304 - - 2.315 ms[39m
[2026-07-22 03:40:57:4057] [[35mhttp[39m]: [35mGET /api/v1/auth/me 304 - - 3.853 ms[39m
[2026-07-22 03:40:57:4057] [[35mhttp[39m]: [35mGET /api/v1/auth/me 304 - - 2.846 ms[39m
[2026-07-22 03:40:57:4057] [[35mhttp[39m]: [35mGET /api/v1/survey/bfd268f1-26a7-494e-9483-c5118680b2e7 304 - - 28.351 ms[39m
[2026-07-22 03:40:57:4057] [[35mhttp[39m]: [35mGET /api/v1/survey/bfd268f1-26a7-494e-9483-c5118680b2e7 304 - - 16.404 ms[39m
[2026-07-22 03:40:57:4057] [[35mhttp[39m]: [35mGET /api/v1/survey-assignment 304 - - 6.801 ms[39m
[2026-07-22 03:40:57:4057] [[35mhttp[39m]: [35mGET /api/v1/survey-assignment 304 - - 5.786 ms[39m
[2026-07-22 03:42:29:4229] [[35mhttp[39m]: [35mGET /api/v1/auth/me 304 - - 16.084 ms[39m
[2026-07-22 03:42:29:4229] [[35mhttp[39m]: [35mGET /api/v1/auth/me 304 - - 11.839 ms[39m
[2026-07-22 03:42:29:4229] [[35mhttp[39m]: [35mGET /api/v1/masters/connector 304 - - 11.135 ms[39m
[2026-07-22 03:42:29:4229] [[35mhttp[39m]: [35mGET /api/v1/survey-sites 304 - - 19.202 ms[39m
[2026-07-22 03:42:29:4229] [[35mhttp[39m]: [35mGET /api/v1/survey 304 - - 49.124 ms[39m
[2026-07-22 03:42:29:4229] [[35mhttp[39m]: [35mGET /api/v1/masters/equipment 304 - - 27.751 ms[39m
[2026-07-22 03:42:29:4229] [[35mhttp[39m]: [35mGET /api/v1/masters/connector 304 - - 16.957 ms[39m
[2026-07-22 03:42:29:4229] [[35mhttp[39m]: [35mGET /api/v1/survey-sites 304 - - 16.650 ms[39m
[2026-07-22 03:42:29:4229] [[35mhttp[39m]: [35mGET /api/v1/survey 304 - - 20.468 ms[39m
[2026-07-22 03:42:29:4229] [[35mhttp[39m]: [35mGET /api/v1/masters/equipment 304 - - 12.815 ms[39m
[2026-07-22 03:42:30:4230] [[35mhttp[39m]: [35mGET /api/v1/masters/charger-manufacturer 304 - - 160.537 ms[39m
[2026-07-22 03:42:30:4230] [[35mhttp[39m]: [35mGET /api/v1/masters/charger-manufacturer 304 - - 12.204 ms[39m
[2026-07-22 03:42:48:4248] [[35mhttp[39m]: [35mGET /api/v1/masters/connector 304 - - 18.637 ms[39m
[2026-07-22 03:42:48:4248] [[35mhttp[39m]: [35mGET /api/v1/masters/equipment 304 - - 23.212 ms[39m
[2026-07-22 03:42:48:4248] [[35mhttp[39m]: [35mGET /api/v1/masters/charger-manufacturer 304 - - 31.249 ms[39m
[2026-07-22 03:42:48:4248] [[35mhttp[39m]: [35mGET /api/v1/survey/bfd268f1-26a7-494e-9483-c5118680b2e7 200 6934 - 31.609 ms[39m
[2026-07-22 03:42:48:4248] [[35mhttp[39m]: [35mGET /api/v1/masters/connector 304 - - 18.646 ms[39m
[2026-07-22 03:42:48:4248] [[35mhttp[39m]: [35mGET /api/v1/masters/equipment 304 - - 15.415 ms[39m
[2026-07-22 03:42:48:4248] [[35mhttp[39m]: [35mGET /api/v1/masters/charger-manufacturer 304 - - 14.523 ms[39m
[2026-07-22 03:42:48:4248] [[35mhttp[39m]: [35mGET /api/v1/survey/bfd268f1-26a7-494e-9483-c5118680b2e7 304 - - 39.862 ms[39m
[2026-07-22 03:42:49:4249] [[35mhttp[39m]: [35mGET /api/v1/survey/bfd268f1-26a7-494e-9483-c5118680b2e7 304 - - 23.111 ms[39m
[2026-07-22 03:42:49:4249] [[35mhttp[39m]: [35mGET /api/v1/survey/bfd268f1-26a7-494e-9483-c5118680b2e7 304 - - 19.717 ms[39m
[2026-07-22 03:42:57:4257] [[35mhttp[39m]: [35mGET /api/v1/auth/me 304 - - 2.731 ms[39m
[2026-07-22 03:42:57:4257] [[35mhttp[39m]: [35mGET /api/v1/auth/me 304 - - 4.268 ms[39m
[2026-07-22 03:42:57:4257] [[35mhttp[39m]: [35mGET /api/v1/survey/bfd268f1-26a7-494e-9483-c5118680b2e7 304 - - 47.781 ms[39m
[2026-07-22 03:42:57:4257] [[35mhttp[39m]: [35mGET /api/v1/survey/bfd268f1-26a7-494e-9483-c5118680b2e7 304 - - 45.896 ms[39m
[2026-07-22 03:45:09:459] [[35mhttp[39m]: [35mGET /api/v1/auth/me 304 - - 3.745 ms[39m
[2026-07-22 03:45:09:459] [[35mhttp[39m]: [35mGET /api/v1/auth/me 304 - - 16.187 ms[39m
[2026-07-22 03:45:09:459] [[35mhttp[39m]: [35mGET /api/v1/survey/bfd268f1-26a7-494e-9483-c5118680b2e7 304 - - 32.482 ms[39m
[2026-07-22 03:45:09:459] [[35mhttp[39m]: [35mGET /api/v1/survey/bfd268f1-26a7-494e-9483-c5118680b2e7 304 - - 28.948 ms[39m
[2026-07-22 03:45:45:4545] [[35mhttp[39m]: [35mGET /api/v1/auth/me 304 - - 5.967 ms[39m
[2026-07-22 03:45:45:4545] [[35mhttp[39m]: [35mGET /api/v1/auth/me 304 - - 5.477 ms[39m
[2026-07-22 03:45:45:4545] [[35mhttp[39m]: [35mGET /api/v1/survey/bfd268f1-26a7-494e-9483-c5118680b2e7 304 - - 30.332 ms[39m
[2026-07-22 03:45:45:4545] [[35mhttp[39m]: [35mGET /api/v1/survey/bfd268f1-26a7-494e-9483-c5118680b2e7 304 - - 30.947 ms[39m
[2026-07-22 03:45:49:4549] [[35mhttp[39m]: [35mGET /api/v1/survey-sites 304 - - 17.109 ms[39m
[2026-07-22 03:45:49:4549] [[35mhttp[39m]: [35mGET /api/v1/survey 304 - - 28.300 ms[39m
[2026-07-22 03:45:49:4549] [[35mhttp[39m]: [35mGET /api/v1/masters/charger-manufacturer 304 - - 26.439 ms[39m
[2026-07-22 03:45:49:4549] [[35mhttp[39m]: [35mGET /api/v1/masters/equipment 304 - - 29.227 ms[39m
[2026-07-22 03:45:49:4549] [[35mhttp[39m]: [35mGET /api/v1/survey-sites 304 - - 22.978 ms[39m
[2026-07-22 03:45:49:4549] [[35mhttp[39m]: [35mGET /api/v1/masters/charger-manufacturer 304 - - 12.763 ms[39m
[2026-07-22 03:45:49:4549] [[35mhttp[39m]: [35mGET /api/v1/survey 304 - - 16.847 ms[39m
[2026-07-22 03:45:49:4549] [[35mhttp[39m]: [35mGET /api/v1/masters/equipment 304 - - 13.079 ms[39m
[2026-07-22 03:45:49:4549] [[35mhttp[39m]: [35mGET /api/v1/masters/connector 304 - - 122.466 ms[39m
[2026-07-22 03:45:49:4549] [[35mhttp[39m]: [35mGET /api/v1/masters/connector 304 - - 7.478 ms[39m
[2026-07-22 03:45:53:4553] [[35mhttp[39m]: [35mGET /api/v1/survey-assignment 200 1068 - 17.397 ms[39m
[2026-07-22 03:45:54:4554] [[35mhttp[39m]: [35mGET /api/v1/survey-assignment 304 - - 10.767 ms[39m
[2026-07-22 03:45:56:4556] [[35mhttp[39m]: [35mGET /api/v1/survey-sites 304 - - 9.973 ms[39m
[2026-07-22 03:45:56:4556] [[35mhttp[39m]: [35mGET /api/v1/masters/charger-manufacturer 304 - - 16.554 ms[39m
[2026-07-22 03:45:56:4556] [[35mhttp[39m]: [35mGET /api/v1/survey 304 - - 24.580 ms[39m
[2026-07-22 03:45:56:4556] [[35mhttp[39m]: [35mGET /api/v1/masters/connector 304 - - 14.589 ms[39m
[2026-07-22 03:45:56:4556] [[35mhttp[39m]: [35mGET /api/v1/masters/equipment 304 - - 14.100 ms[39m
[2026-07-22 03:45:56:4556] [[35mhttp[39m]: [35mGET /api/v1/survey-sites 304 - - 12.456 ms[39m
[2026-07-22 03:45:56:4556] [[35mhttp[39m]: [35mGET /api/v1/masters/connector 304 - - 19.020 ms[39m
[2026-07-22 03:45:56:4556] [[35mhttp[39m]: [35mGET /api/v1/survey 304 - - 21.741 ms[39m
[2026-07-22 03:45:56:4556] [[35mhttp[39m]: [35mGET /api/v1/masters/charger-manufacturer 304 - - 28.131 ms[39m
[2026-07-22 03:45:56:4556] [[35mhttp[39m]: [35mGET /api/v1/masters/equipment 304 - - 14.469 ms[39m
[2026-07-22 03:47:23:4723] [[35mhttp[39m]: [35mGET /api/v1/survey-assignment 304 - - 8.262 ms[39m
[2026-07-22 03:47:23:4723] [[35mhttp[39m]: [35mGET /api/v1/survey-assignment 304 - - 6.954 ms[39m
[2026-07-22 03:47:25:4725] [[35mhttp[39m]: [35mGET /api/v1/survey-assignment 304 - - 8.576 ms[39m
[2026-07-22 03:47:25:4725] [[35mhttp[39m]: [35mGET /api/v1/survey-assignment 304 - - 5.418 ms[39m
[2026-07-22 03:47:25:4725] [[35mhttp[39m]: [35mGET /api/v1/survey/site/e2951ef4-a31d-467d-a209-c79df8a2d20d 200 5817 - 26.391 ms[39m
[2026-07-22 03:47:25:4725] [[35mhttp[39m]: [35mGET /api/v1/survey/site/e2951ef4-a31d-467d-a209-c79df8a2d20d 304 - - 23.283 ms[39m
[2026-07-22 03:47:27:4727] [[35mhttp[39m]: [35mGET /api/v1/survey/bfd268f1-26a7-494e-9483-c5118680b2e7 304 - - 19.769 ms[39m
[2026-07-22 03:47:27:4727] [[35mhttp[39m]: [35mGET /api/v1/survey/bfd268f1-26a7-494e-9483-c5118680b2e7 304 - - 19.295 ms[39m
[2026-07-22 03:47:29:4729] [[35mhttp[39m]: [35mPOST /api/v1/survey/lock-asset 200 541 - 15.414 ms[39m
[2026-07-22 03:47:30:4730] [[35mhttp[39m]: [35mGET /api/v1/survey/bfd268f1-26a7-494e-9483-c5118680b2e7 200 6934 - 18.643 ms[39m
[2026-07-22 03:47:30:4730] [[35mhttp[39m]: [35mGET /api/v1/survey/bfd268f1-26a7-494e-9483-c5118680b2e7 304 - - 16.599 ms[39m
[2026-07-22 03:47:32:4732] [[35mhttp[39m]: [35mGET /api/v1/survey/bfd268f1-26a7-494e-9483-c5118680b2e7 304 - - 20.511 ms[39m
[2026-07-22 03:47:32:4732] [[35mhttp[39m]: [35mGET /api/v1/survey/bfd268f1-26a7-494e-9483-c5118680b2e7 304 - - 19.515 ms[39m
[2026-07-22 03:47:36:4736] [[35mhttp[39m]: [35mPOST /api/v1/survey/lock-asset 200 549 - 13.492 ms[39m
[2026-07-22 03:47:36:4736] [[35mhttp[39m]: [35mGET /api/v1/masters/connector 304 - - 114.012 ms[39m
[2026-07-22 03:47:36:4736] [[35mhttp[39m]: [35mGET /api/v1/masters/charger-manufacturer 304 - - 121.667 ms[39m
[2026-07-22 03:47:36:4736] [[35mhttp[39m]: [35mGET /api/v1/masters/equipment 304 - - 139.424 ms[39m
[2026-07-22 03:47:36:4736] [[35mhttp[39m]: [35mGET /api/v1/masters/connector 304 - - 11.219 ms[39m
[2026-07-22 03:47:36:4736] [[35mhttp[39m]: [35mGET /api/v1/masters/charger-manufacturer 304 - - 16.188 ms[39m
[2026-07-22 03:47:36:4736] [[35mhttp[39m]: [35mGET /api/v1/masters/equipment 304 - - 11.257 ms[39m
[2026-07-22 03:47:36:4736] [[35mhttp[39m]: [35mGET /api/v1/survey/bfd268f1-26a7-494e-9483-c5118680b2e7 200 6934 - 234.837 ms[39m
[2026-07-22 03:47:36:4736] [[35mhttp[39m]: [35mGET /api/v1/survey/bfd268f1-26a7-494e-9483-c5118680b2e7 304 - - 17.354 ms[39m
[2026-07-22 03:47:56:4756] [[35mhttp[39m]: [35mGET /api/v1/auth/me 304 - - 2.947 ms[39m
[2026-07-22 03:47:56:4756] [[35mhttp[39m]: [35mGET /api/v1/auth/me 304 - - 4.644 ms[39m
[2026-07-22 03:49:03:493] [[35mhttp[39m]: [35mGET /api/v1/survey/bfd268f1-26a7-494e-9483-c5118680b2e7 304 - - 32.822 ms[39m
[2026-07-22 03:49:03:493] [[35mhttp[39m]: [35mGET /api/v1/survey/bfd268f1-26a7-494e-9483-c5118680b2e7 304 - - 44.185 ms[39m
[2026-07-22 03:49:06:496] [[35mhttp[39m]: [35mPOST /api/v1/survey/lock-asset 200 554 - 15.259 ms[39m
[2026-07-22 03:49:06:496] [[35mhttp[39m]: [35mGET /api/v1/masters/equipment 304 - - 15.143 ms[39m
[2026-07-22 03:49:07:497] [[35mhttp[39m]: [35mGET /api/v1/masters/equipment 304 - - 8.979 ms[39m
[2026-07-22 03:49:07:497] [[35mhttp[39m]: [35mGET /api/v1/survey/bfd268f1-26a7-494e-9483-c5118680b2e7 200 6934 - 46.694 ms[39m
[2026-07-22 03:49:07:497] [[35mhttp[39m]: [35mGET /api/v1/survey/bfd268f1-26a7-494e-9483-c5118680b2e7 304 - - 18.724 ms[39m
[2026-07-22 03:49:20:4920] [[35mhttp[39m]: [35mGET /api/v1/survey/bfd268f1-26a7-494e-9483-c5118680b2e7 304 - - 26.915 ms[39m
[2026-07-22 03:49:20:4920] [[35mhttp[39m]: [35mGET /api/v1/survey/bfd268f1-26a7-494e-9483-c5118680b2e7 304 - - 19.008 ms[39m
[2026-07-22 03:49:23:4923] [[35mhttp[39m]: [35mPOST /api/v1/survey/lock-asset 200 554 - 18.144 ms[39m
[2026-07-22 03:49:23:4923] [[35mhttp[39m]: [35mGET /api/v1/survey/bfd268f1-26a7-494e-9483-c5118680b2e7 200 6934 - 26.057 ms[39m
[2026-07-22 03:49:23:4923] [[35mhttp[39m]: [35mGET /api/v1/survey/bfd268f1-26a7-494e-9483-c5118680b2e7 304 - - 19.460 ms[39m
[2026-07-22 03:49:36:4936] [[35mhttp[39m]: [35mGET /api/v1/survey/bfd268f1-26a7-494e-9483-c5118680b2e7 304 - - 27.050 ms[39m
[2026-07-22 03:49:36:4936] [[35mhttp[39m]: [35mGET /api/v1/survey/bfd268f1-26a7-494e-9483-c5118680b2e7 304 - - 17.755 ms[39m
[2026-07-22 03:49:41:4941] [[35mhttp[39m]: [35mPOST /api/v1/survey/lock-asset 200 541 - 11.197 ms[39m
[2026-07-22 03:49:41:4941] [[35mhttp[39m]: [35mGET /api/v1/survey/bfd268f1-26a7-494e-9483-c5118680b2e7 200 6934 - 18.602 ms[39m
[2026-07-22 03:49:41:4941] [[35mhttp[39m]: [35mGET /api/v1/survey/bfd268f1-26a7-494e-9483-c5118680b2e7 304 - - 16.726 ms[39m
[2026-07-22 03:49:59:4959] [[35mhttp[39m]: [35mGET /api/v1/survey/bfd268f1-26a7-494e-9483-c5118680b2e7 304 - - 18.817 ms[39m
[2026-07-22 03:49:59:4959] [[35mhttp[39m]: [35mGET /api/v1/survey/bfd268f1-26a7-494e-9483-c5118680b2e7 304 - - 19.161 ms[39m
[2026-07-22 03:51:08:518] [[35mhttp[39m]: [35mGET /api/v1/survey/bfd268f1-26a7-494e-9483-c5118680b2e7 304 - - 19.352 ms[39m
[2026-07-22 03:51:39:5139] [[35mhttp[39m]: [35mGET /api/v1/auth/me 304 - - 20.345 ms[39m
[2026-07-22 03:51:39:5139] [[35mhttp[39m]: [35mGET /api/v1/auth/me 304 - - 14.585 ms[39m
[2026-07-22 03:51:39:5139] [[35mhttp[39m]: [35mGET /api/v1/survey/bfd268f1-26a7-494e-9483-c5118680b2e7 304 - - 37.501 ms[39m
[2026-07-22 03:51:39:5139] [[35mhttp[39m]: [35mGET /api/v1/survey/bfd268f1-26a7-494e-9483-c5118680b2e7 304 - - 51.707 ms[39m
[2026-07-22 03:51:42:5142] [[35mhttp[39m]: [35mGET /api/v1/survey/bfd268f1-26a7-494e-9483-c5118680b2e7 304 - - 20.483 ms[39m
[2026-07-22 03:51:42:5142] [[35mhttp[39m]: [35mGET /api/v1/survey/bfd268f1-26a7-494e-9483-c5118680b2e7 304 - - 17.471 ms[39m
[2026-07-22 04:38:53:3853] [[35mhttp[39m]: [35mGET /api/v1/auth/me 304 - - 85.906 ms[39m
[2026-07-22 04:38:53:3853] [[35mhttp[39m]: [35mGET /api/v1/auth/me 304 - - 4.769 ms[39m
[2026-07-22 04:38:53:3853] [[35mhttp[39m]: [35mGET /api/v1/auth/me 304 - - 20.906 ms[39m
[2026-07-22 04:38:53:3853] [[35mhttp[39m]: [35mGET /api/v1/auth/me 304 - - 2.451 ms[39m
[2026-07-22 04:43:11:4311] [[35mhttp[39m]: [35mGET /api/v1/auth/me 304 - - 36.123 ms[39m
[2026-07-22 04:43:11:4311] [[35mhttp[39m]: [35mGET /api/v1/auth/me 304 - - 2.439 ms[39m
[2026-07-22 04:43:19:4319] [[35mhttp[39m]: [35mGET /api/v1/auth/me 304 - - 2.378 ms[39m
[2026-07-22 04:43:19:4319] [[35mhttp[39m]: [35mGET /api/v1/auth/me 304 - - 2.429 ms[39m
[2026-07-22 04:43:24:4324] [[35mhttp[39m]: [35mGET /api/v1/auth/me 304 - - 3.134 ms[39m
[2026-07-22 04:43:24:4324] [[35mhttp[39m]: [35mGET /api/v1/auth/me 304 - - 2.481 ms[39m
[2026-07-22 04:43:24:4324] [[35mhttp[39m]: [35mGET /api/v1/survey-assignment 304 - - 24.452 ms[39m
[2026-07-22 04:43:24:4324] [[35mhttp[39m]: [35mGET /api/v1/survey-assignment 304 - - 12.544 ms[39m
[2026-07-22 04:43:29:4329] [[35mhttp[39m]: [35mGET /api/v1/survey 304 - - 19.402 ms[39m
[2026-07-22 04:43:30:4330] [[35mhttp[39m]: [35mGET /api/v1/survey 304 - - 12.785 ms[39m
[2026-07-22 04:43:33:4333] [[35mhttp[39m]: [35mGET /api/v1/masters/connector 304 - - 18.174 ms[39m
[2026-07-22 04:43:33:4333] [[35mhttp[39m]: [35mGET /api/v1/masters/connector 304 - - 4.738 ms[39m
[2026-07-22 04:43:33:4333] [[35mhttp[39m]: [35mGET /api/v1/survey-sites 304 - - 151.779 ms[39m
[2026-07-22 04:43:33:4333] [[35mhttp[39m]: [35mGET /api/v1/masters/charger-manufacturer 304 - - 168.531 ms[39m
[2026-07-22 04:43:33:4333] [[35mhttp[39m]: [35mGET /api/v1/survey-sites 304 - - 16.791 ms[39m
[2026-07-22 04:43:33:4333] [[35mhttp[39m]: [35mGET /api/v1/masters/charger-manufacturer 304 - - 38.329 ms[39m
[2026-07-22 04:43:33:4333] [[35mhttp[39m]: [35mGET /api/v1/masters/equipment 304 - - 255.134 ms[39m
[2026-07-22 04:43:33:4333] [[35mhttp[39m]: [35mGET /api/v1/masters/equipment 304 - - 9.953 ms[39m
[2026-07-22 04:43:33:4333] [[35mhttp[39m]: [35mGET /api/v1/survey 304 - - 281.503 ms[39m
[2026-07-22 04:43:33:4333] [[35mhttp[39m]: [35mGET /api/v1/survey 304 - - 10.703 ms[39m
[2026-07-22 04:43:35:4335] [[35mhttp[39m]: [35mPOST /api/v1/survey/step1 201 6954 - 96.451 ms[39m
[2026-07-22 04:47:12:4712] [[35mhttp[39m]: [35mGET /api/v1/survey-assignment 200 1068 - 15.087 ms[39m
[2026-07-22 04:47:12:4712] [[35mhttp[39m]: [35mGET /api/v1/survey-assignment 304 - - 11.722 ms[39m
[2026-07-22 04:47:13:4713] [[35mhttp[39m]: [35mGET /api/v1/survey-assignment 304 - - 6.981 ms[39m
[2026-07-22 04:47:13:4713] [[35mhttp[39m]: [35mGET /api/v1/survey-assignment 304 - - 10.860 ms[39m
[2026-07-22 04:47:13:4713] [[35mhttp[39m]: [35mGET /api/v1/survey/site/e2951ef4-a31d-467d-a209-c79df8a2d20d 200 5817 - 24.442 ms[39m
[2026-07-22 04:47:13:4713] [[35mhttp[39m]: [35mGET /api/v1/survey/site/e2951ef4-a31d-467d-a209-c79df8a2d20d 304 - - 27.095 ms[39m
[2026-07-22 04:47:16:4716] [[35mhttp[39m]: [35mGET /api/v1/survey-sites 200 592 - 25.651 ms[39m
[2026-07-22 04:47:16:4716] [[35mhttp[39m]: [35mGET /api/v1/masters/equipment 304 - - 26.883 ms[39m
[2026-07-22 04:47:16:4716] [[35mhttp[39m]: [35mGET /api/v1/masters/connector 304 - - 38.349 ms[39m
[2026-07-22 04:47:16:4716] [[35mhttp[39m]: [35mGET /api/v1/survey 200 2107 - 46.837 ms[39m
[2026-07-22 04:47:16:4716] [[35mhttp[39m]: [35mGET /api/v1/survey-sites 304 - - 11.312 ms[39m
[2026-07-22 04:47:16:4716] [[35mhttp[39m]: [35mGET /api/v1/masters/equipment 304 - - 19.081 ms[39m
[2026-07-22 04:47:16:4716] [[35mhttp[39m]: [35mGET /api/v1/masters/connector 304 - - 32.285 ms[39m
[2026-07-22 04:47:16:4716] [[35mhttp[39m]: [35mGET /api/v1/survey 304 - - 28.933 ms[39m
[2026-07-22 04:47:16:4716] [[35mhttp[39m]: [35mGET /api/v1/masters/charger-manufacturer 304 - - 168.885 ms[39m
[2026-07-22 04:47:16:4716] [[35mhttp[39m]: [35mGET /api/v1/masters/charger-manufacturer 304 - - 13.084 ms[39m
[2026-07-22 04:47:18:4718] [[35mhttp[39m]: [35mPOST /api/v1/survey/step1 201 6954 - 80.117 ms[39m
[2026-07-22 04:47:20:4720] [[35mhttp[39m]: [35mGET /api/v1/photos?surveyId=bfd268f1-26a7-494e-9483-c5118680b2e7 304 - - 10.844 ms[39m
[2026-07-22 04:47:20:4720] [[35mhttp[39m]: [35mGET /api/v1/photos?surveyId=bfd268f1-26a7-494e-9483-c5118680b2e7 304 - - 6.432 ms[39m
[2026-07-22 04:47:20:4720] [[35mhttp[39m]: [35mGET /api/v1/survey/bfd268f1-26a7-494e-9483-c5118680b2e7 200 6934 - 32.259 ms[39m
[2026-07-22 04:47:20:4720] [[35mhttp[39m]: [35mGET /api/v1/survey/bfd268f1-26a7-494e-9483-c5118680b2e7 304 - - 28.186 ms[39m
[2026-07-22 04:47:29:4729] [[35mhttp[39m]: [35mGET /api/v1/survey-sites 200 592 - 14.297 ms[39m
[2026-07-22 04:47:29:4729] [[35mhttp[39m]: [35mGET /api/v1/survey 200 2107 - 22.736 ms[39m
[2026-07-22 04:47:29:4729] [[35mhttp[39m]: [35mGET /api/v1/masters/equipment 304 - - 20.011 ms[39m
[2026-07-22 04:47:29:4729] [[35mhttp[39m]: [35mGET /api/v1/masters/charger-manufacturer 304 - - 33.508 ms[39m
[2026-07-22 04:47:29:4729] [[35mhttp[39m]: [35mGET /api/v1/masters/connector 304 - - 24.121 ms[39m
[2026-07-22 04:47:29:4729] [[35mhttp[39m]: [35mGET /api/v1/survey-sites 304 - - 14.092 ms[39m
[2026-07-22 04:47:29:4729] [[35mhttp[39m]: [35mGET /api/v1/masters/equipment 304 - - 9.782 ms[39m
[2026-07-22 04:47:29:4729] [[35mhttp[39m]: [35mGET /api/v1/survey 304 - - 22.103 ms[39m
[2026-07-22 04:47:29:4729] [[35mhttp[39m]: [35mGET /api/v1/masters/charger-manufacturer 304 - - 10.014 ms[39m
[2026-07-22 04:47:29:4729] [[35mhttp[39m]: [35mGET /api/v1/masters/connector 304 - - 11.337 ms[39m
[2026-07-22 04:47:32:4732] [[35mhttp[39m]: [35mGET /api/v1/reports/bfd268f1-26a7-494e-9483-c5118680b2e7/pdf?token=eyJhbGciOiJIUzI1NiIsInR5cCI6IkpXVCJ9.eyJpZCI6IjBkMWUzZTUxLThmZDMtNDE3My1hNjE3LTU5MTg1ZWE5OWRmZSIsImVtYWlsIjoic3VydmV5b3JAYmx1c21hcnQuY29tIiwicm9sZSI6IlNVUlZFWV9QRVJTT04iLCJpYXQiOjE3ODQ3MDk3MDEsImV4cCI6MTc4NTMxNDUwMX0.f3pdqQgjCtA7s_TfOmisyvQ1bKr9dbNya_uw2ldhAK8 200 - - 61.049 ms[39m
[2026-07-22 05:38:22:3822] [[35mhttp[39m]: [35mGET /api/v1/auth/me 304 - - 749.927 ms[39m
[2026-07-22 05:38:23:3823] [[35mhttp[39m]: [35mGET /api/v1/auth/me 304 - - 4.687 ms[39m
[2026-07-22 05:38:23:3823] [[35mhttp[39m]: [35mGET /api/v1/masters/charger-manufacturer 304 - - 39.235 ms[39m
[2026-07-22 05:38:23:3823] [[35mhttp[39m]: [35mGET /api/v1/masters/charger-manufacturer 304 - - 150.427 ms[39m
[2026-07-22 05:38:24:3824] [[35mhttp[39m]: [35mGET /api/v1/survey-sites 304 - - 542.535 ms[39m
[2026-07-22 05:38:24:3824] [[35mhttp[39m]: [35mGET /api/v1/masters/connector 304 - - 536.125 ms[39m
[2026-07-22 05:38:24:3824] [[35mhttp[39m]: [35mGET /api/v1/survey 304 - - 547.660 ms[39m
[2026-07-22 05:38:24:3824] [[35mhttp[39m]: [35mGET /api/v1/masters/equipment 304 - - 644.801 ms[39m
[2026-07-22 05:38:24:3824] [[35mhttp[39m]: [35mGET /api/v1/masters/connector 304 - - 40.199 ms[39m
[2026-07-22 05:38:24:3824] [[35mhttp[39m]: [35mGET /api/v1/masters/equipment 304 - - 40.386 ms[39m
[2026-07-22 05:38:24:3824] [[35mhttp[39m]: [35mGET /api/v1/survey 304 - - 145.222 ms[39m
[2026-07-22 05:38:24:3824] [[35mhttp[39m]: [35mGET /api/v1/survey-sites 304 - - 153.225 ms[39m
[2026-07-22 05:39:53:3953] [[35mhttp[39m]: [35mGET /api/v1/auth/me 304 - - 10.247 ms[39m
[2026-07-22 05:39:54:3954] [[35mhttp[39m]: [35mGET /api/v1/auth/me 304 - - 2.579 ms[39m
[2026-07-22 05:39:55:3955] [[35mhttp[39m]: [35mGET /api/v1/auth/me 304 - - 2.245 ms[39m
[2026-07-22 05:39:55:3955] [[35mhttp[39m]: [35mGET /api/v1/auth/me 304 - - 4.014 ms[39m
[2026-07-22 05:39:57:3957] [[35mhttp[39m]: [35mGET /api/v1/auth/me 304 - - 2.306 ms[39m
[2026-07-22 05:39:57:3957] [[35mhttp[39m]: [35mGET /api/v1/auth/me 304 - - 3.839 ms[39m
[2026-07-22 05:39:57:3957] [[35mhttp[39m]: [35mGET /api/v1/masters/equipment 304 - - 22.749 ms[39m
[2026-07-22 05:39:57:3957] [[35mhttp[39m]: [35mGET /api/v1/masters/connector 304 - - 30.239 ms[39m
[2026-07-22 05:39:57:3957] [[35mhttp[39m]: [35mGET /api/v1/survey-sites 304 - - 70.398 ms[39m
[2026-07-22 05:39:57:3957] [[35mhttp[39m]: [35mGET /api/v1/survey 304 - - 67.389 ms[39m
[2026-07-22 05:39:57:3957] [[35mhttp[39m]: [35mGET /api/v1/masters/charger-manufacturer 304 - - 70.334 ms[39m
[2026-07-22 05:39:57:3957] [[35mhttp[39m]: [35mGET /api/v1/masters/connector 304 - - 15.428 ms[39m
[2026-07-22 05:39:57:3957] [[35mhttp[39m]: [35mGET /api/v1/masters/equipment 304 - - 21.029 ms[39m
[2026-07-22 05:39:57:3957] [[35mhttp[39m]: [35mGET /api/v1/survey-sites 304 - - 27.787 ms[39m
[2026-07-22 05:39:57:3957] [[35mhttp[39m]: [35mGET /api/v1/survey 304 - - 21.864 ms[39m
[2026-07-22 05:39:57:3957] [[35mhttp[39m]: [35mGET /api/v1/masters/charger-manufacturer 304 - - 21.317 ms[39m
[2026-07-22 05:41:04:414] [[35mhttp[39m]: [35mPOST /api/v1/survey/step1 201 6954 - 69.264 ms[39m
[2026-07-22 05:41:14:4114] [[35mhttp[39m]: [35mPOST /api/v1/survey/step1 201 6954 - 46.770 ms[39m
[2026-07-22 05:41:21:4121] [[35mhttp[39m]: [35mPOST /api/v1/survey/step1 201 6954 - 48.319 ms[39m
[2026-07-22 05:41:25:4125] [[35mhttp[39m]: [35mPOST /api/v1/survey/step1 201 6954 - 47.899 ms[39m
[2026-07-22 05:43:14:4314] [[35mhttp[39m]: [35mPOST /api/v1/survey/step1 201 6954 - 48.501 ms[39m
[2026-07-22 05:50:26:5026] [[35mhttp[39m]: [35mGET /api/v1/auth/me 304 - - 337.499 ms[39m
[2026-07-22 05:50:26:5026] [[35mhttp[39m]: [35mGET /api/v1/auth/me 304 - - 12.124 ms[39m
[2026-07-22 05:50:26:5026] [[35mhttp[39m]: [35mGET /api/v1/survey 200 2107 - 45.743 ms[39m
[2026-07-22 05:50:26:5026] [[35mhttp[39m]: [35mGET /api/v1/survey 304 - - 11.442 ms[39m
[2026-07-22 05:50:26:5026] [[35mhttp[39m]: [35mGET /api/v1/masters/connector 304 - - 164.925 ms[39m
[2026-07-22 05:50:26:5026] [[35mhttp[39m]: [35mGET /api/v1/masters/connector 304 - - 6.456 ms[39m
[2026-07-22 05:50:26:5026] [[35mhttp[39m]: [35mGET /api/v1/masters/charger-manufacturer 304 - - 204.753 ms[39m
[2026-07-22 05:50:27:5027] [[35mhttp[39m]: [35mGET /api/v1/masters/charger-manufacturer 304 - - 9.047 ms[39m
[2026-07-22 05:50:27:5027] [[35mhttp[39m]: [35mGET /api/v1/masters/equipment 304 - - 249.142 ms[39m
[2026-07-22 05:50:27:5027] [[35mhttp[39m]: [35mGET /api/v1/survey-sites 200 592 - 246.718 ms[39m
[2026-07-22 05:50:27:5027] [[35mhttp[39m]: [35mGET /api/v1/masters/equipment 304 - - 15.844 ms[39m
[2026-07-22 05:50:27:5027] [[35mhttp[39m]: [35mGET /api/v1/survey-sites 304 - - 21.755 ms[39m
[2026-07-22 05:50:36:5036] [[35mhttp[39m]: [35mPOST /api/v1/survey/step1 201 6954 - 66.424 ms[39m
[2026-07-22 05:54:02:542] [[35mhttp[39m]: [35mGET /api/v1/auth/me 304 - - 3.501 ms[39m
[2026-07-22 05:54:02:542] [[35mhttp[39m]: [35mGET /api/v1/auth/me 304 - - 5.254 ms[39m
[2026-07-22 05:54:02:542] [[35mhttp[39m]: [35mGET /api/v1/masters/equipment 304 - - 65.811 ms[39m
[2026-07-22 05:54:02:542] [[35mhttp[39m]: [35mGET /api/v1/masters/connector 304 - - 68.466 ms[39m
[2026-07-22 05:54:02:542] [[35mhttp[39m]: [35mGET /api/v1/survey-sites 200 592 - 156.825 ms[39m
[2026-07-22 05:54:02:542] [[35mhttp[39m]: [35mGET /api/v1/masters/charger-manufacturer 304 - - 158.299 ms[39m
[2026-07-22 05:54:02:542] [[35mhttp[39m]: [35mGET /api/v1/survey 200 2107 - 220.073 ms[39m
[2026-07-22 05:54:02:542] [[35mhttp[39m]: [35mGET /api/v1/masters/equipment 304 - - 11.648 ms[39m
[2026-07-22 05:54:02:542] [[35mhttp[39m]: [35mGET /api/v1/masters/connector 304 - - 10.184 ms[39m
[2026-07-22 05:54:02:542] [[35mhttp[39m]: [35mGET /api/v1/masters/charger-manufacturer 304 - - 9.782 ms[39m
[2026-07-22 05:54:02:542] [[35mhttp[39m]: [35mGET /api/v1/survey-sites 304 - - 14.864 ms[39m
[2026-07-22 05:54:02:542] [[35mhttp[39m]: [35mGET /api/v1/survey 304 - - 15.842 ms[39m
[2026-07-22 05:54:31:5431] [[35mhttp[39m]: [35mPOST /api/v1/survey/step1 201 6954 - 72.167 ms[39m
[2026-07-22 05:54:44:5444] [[35mhttp[39m]: [35mGET /api/v1/survey-assignment 200 1068 - 10.011 ms[39m
[2026-07-22 05:54:44:5444] [[35mhttp[39m]: [35mGET /api/v1/survey-assignment 304 - - 7.434 ms[39m
[2026-07-22 06:34:00:340] [[35mhttp[39m]: [35mGET /api/v1/auth/me 304 - - 76.802 ms[39m
[2026-07-22 06:34:00:340] [[35mhttp[39m]: [35mGET /api/v1/auth/me 304 - - 5.196 ms[39m
[2026-07-22 06:34:00:340] [[35mhttp[39m]: [35mGET /api/v1/survey-assignment 304 - - 27.751 ms[39m
[2026-07-22 06:34:00:340] [[35mhttp[39m]: [35mGET /api/v1/survey-assignment 304 - - 135.708 ms[39m
[2026-07-22 06:34:03:343] [[35mhttp[39m]: [35mGET /api/v1/survey-sites 200 592 - 16.174 ms[39m
[2026-07-22 06:34:03:343] [[35mhttp[39m]: [35mGET /api/v1/survey-sites 304 - - 4.836 ms[39m
[2026-07-22 06:34:03:343] [[35mhttp[39m]: [35mGET /api/v1/survey 200 2107 - 57.279 ms[39m
[2026-07-22 06:34:03:343] [[35mhttp[39m]: [35mGET /api/v1/masters/connector 304 - - 131.277 ms[39m
[2026-07-22 06:34:03:343] [[35mhttp[39m]: [35mGET /api/v1/survey 304 - - 16.989 ms[39m
[2026-07-22 06:34:03:343] [[35mhttp[39m]: [35mGET /api/v1/masters/charger-manufacturer 304 - - 144.786 ms[39m
[2026-07-22 06:34:03:343] [[35mhttp[39m]: [35mGET /api/v1/masters/equipment 304 - - 157.566 ms[39m
[2026-07-22 06:34:03:343] [[35mhttp[39m]: [35mGET /api/v1/masters/connector 304 - - 15.779 ms[39m
[2026-07-22 06:34:03:343] [[35mhttp[39m]: [35mGET /api/v1/masters/charger-manufacturer 304 - - 18.889 ms[39m
[2026-07-22 06:34:03:343] [[35mhttp[39m]: [35mGET /api/v1/masters/equipment 304 - - 15.076 ms[39m
[2026-07-22 06:34:08:348] [[35mhttp[39m]: [35mPOST /api/v1/survey/step1 201 6954 - 63.837 ms[39m
[2026-07-22 06:34:13:3413] [[35mhttp[39m]: [35mGET /api/v1/survey-assignment 200 1068 - 9.326 ms[39m
[2026-07-22 06:34:13:3413] [[35mhttp[39m]: [35mGET /api/v1/survey-assignment 304 - - 11.507 ms[39m
[2026-07-22 06:34:17:3417] [[35mhttp[39m]: [35mGET /api/v1/survey-assignment 304 - - 8.894 ms[39m
[2026-07-22 06:34:17:3417] [[35mhttp[39m]: [35mGET /api/v1/survey-assignment 304 - - 8.481 ms[39m
[2026-07-22 06:34:17:3417] [[35mhttp[39m]: [35mGET /api/v1/survey/site/e2951ef4-a31d-467d-a209-c79df8a2d20d 200 5817 - 18.658 ms[39m
[2026-07-22 06:34:17:3417] [[35mhttp[39m]: [35mGET /api/v1/survey/site/e2951ef4-a31d-467d-a209-c79df8a2d20d 304 - - 40.361 ms[39m
[2026-07-22 06:34:39:3439] [[35mhttp[39m]: [35mGET /api/v1/survey/bfd268f1-26a7-494e-9483-c5118680b2e7 200 6934 - 27.879 ms[39m
[2026-07-22 06:34:39:3439] [[35mhttp[39m]: [35mGET /api/v1/survey/bfd268f1-26a7-494e-9483-c5118680b2e7 304 - - 19.886 ms[39m
[2026-07-22 06:35:01:351] [[35mhttp[39m]: [35mPOST /api/v1/survey/lock-asset 200 549 - 17.281 ms[39m
[2026-07-22 06:35:01:351] [[35mhttp[39m]: [35mGET /api/v1/masters/equipment 304 - - 14.859 ms[39m
[2026-07-22 06:35:01:351] [[35mhttp[39m]: [35mGET /api/v1/masters/connector 304 - - 19.146 ms[39m
[2026-07-22 06:35:01:351] [[35mhttp[39m]: [35mGET /api/v1/masters/connector 304 - - 8.981 ms[39m
[2026-07-22 06:35:01:351] [[35mhttp[39m]: [35mGET /api/v1/masters/charger-manufacturer 304 - - 41.484 ms[39m
[2026-07-22 06:35:01:351] [[35mhttp[39m]: [35mGET /api/v1/masters/equipment 304 - - 14.806 ms[39m
[2026-07-22 06:35:01:351] [[35mhttp[39m]: [35mGET /api/v1/survey/bfd268f1-26a7-494e-9483-c5118680b2e7 200 6934 - 62.540 ms[39m
[2026-07-22 06:35:01:351] [[35mhttp[39m]: [35mGET /api/v1/masters/charger-manufacturer 304 - - 13.216 ms[39m
[2026-07-22 06:35:01:351] [[35mhttp[39m]: [35mGET /api/v1/survey/bfd268f1-26a7-494e-9483-c5118680b2e7 304 - - 29.532 ms[39m
[2026-07-22 06:35:06:356] [[35mhttp[39m]: [35mGET /api/v1/survey/bfd268f1-26a7-494e-9483-c5118680b2e7 304 - - 25.456 ms[39m
[2026-07-22 06:35:06:356] [[35mhttp[39m]: [35mGET /api/v1/survey/bfd268f1-26a7-494e-9483-c5118680b2e7 304 - - 18.237 ms[39m
[2026-07-22 06:35:54:3554] [[35mhttp[39m]: [35mPOST /api/v1/survey/lock-asset 200 549 - 12.186 ms[39m
[2026-07-22 06:35:54:3554] [[35mhttp[39m]: [35mGET /api/v1/masters/charger-manufacturer 304 - - 9.468 ms[39m
[2026-07-22 06:35:54:3554] [[35mhttp[39m]: [35mGET /api/v1/masters/connector 304 - - 15.343 ms[39m
[2026-07-22 06:35:54:3554] [[35mhttp[39m]: [35mGET /api/v1/survey/bfd268f1-26a7-494e-9483-c5118680b2e7 200 6934 - 27.985 ms[39m
[2026-07-22 06:35:54:3554] [[35mhttp[39m]: [35mGET /api/v1/masters/equipment 304 - - 23.986 ms[39m
[2026-07-22 06:35:54:3554] [[35mhttp[39m]: [35mGET /api/v1/masters/charger-manufacturer 304 - - 15.882 ms[39m
[2026-07-22 06:35:54:3554] [[35mhttp[39m]: [35mGET /api/v1/masters/connector 304 - - 6.983 ms[39m
[2026-07-22 06:35:54:3554] [[35mhttp[39m]: [35mGET /api/v1/masters/equipment 304 - - 9.914 ms[39m
[2026-07-22 06:35:54:3554] [[35mhttp[39m]: [35mGET /api/v1/survey/bfd268f1-26a7-494e-9483-c5118680b2e7 304 - - 24.861 ms[39m
[2026-07-22 06:36:05:365] [[35mhttp[39m]: [35mGET /api/v1/masters/charger-model?manufacturerId=a8a2553d-6eb9-49a8-a464-e065ff42952d 200 1320 - 7.587 ms[39m
[2026-07-22 06:36:21:3621] [[35mhttp[39m]: [35mGET /api/v1/photos?surveyId=bfd268f1-26a7-494e-9483-c5118680b2e7 304 - - 23.388 ms[39m
[2026-07-22 06:36:21:3621] [[35mhttp[39m]: [35mGET /api/v1/masters/photo-category 304 - - 22.993 ms[39m
[2026-07-22 06:36:21:3621] [[35mhttp[39m]: [35mGET /api/v1/photos?surveyId=bfd268f1-26a7-494e-9483-c5118680b2e7 304 - - 14.047 ms[39m
[2026-07-22 06:36:21:3621] [[35mhttp[39m]: [35mGET /api/v1/masters/photo-category 304 - - 8.307 ms[39m
[2026-07-22 06:36:40:3640] [[35mhttp[39m]: [35mGET /api/v1/masters/connector 304 - - 10.171 ms[39m
[2026-07-22 06:36:40:3640] [[35mhttp[39m]: [35mGET /api/v1/masters/charger-manufacturer 304 - - 12.741 ms[39m
[2026-07-22 06:36:40:3640] [[35mhttp[39m]: [35mGET /api/v1/masters/equipment 304 - - 18.370 ms[39m
[2026-07-22 06:36:41:3641] [[35mhttp[39m]: [35mGET /api/v1/survey/bfd268f1-26a7-494e-9483-c5118680b2e7 304 - - 47.257 ms[39m
[2026-07-22 06:36:41:3641] [[35mhttp[39m]: [35mGET /api/v1/masters/connector 304 - - 6.864 ms[39m
[2026-07-22 06:36:41:3641] [[35mhttp[39m]: [35mGET /api/v1/masters/equipment 304 - - 7.858 ms[39m
[2026-07-22 06:36:41:3641] [[35mhttp[39m]: [35mGET /api/v1/masters/charger-manufacturer 304 - - 11.362 ms[39m
[2026-07-22 06:36:41:3641] [[35mhttp[39m]: [35mGET /api/v1/survey/bfd268f1-26a7-494e-9483-c5118680b2e7 304 - - 45.159 ms[39m
[2026-07-22 06:37:20:3720] [[35mhttp[39m]: [35mGET /api/v1/auth/me 304 - - 5.368 ms[39m
[2026-07-22 06:37:20:3720] [[35mhttp[39m]: [35mGET /api/v1/auth/me 304 - - 3.384 ms[39m
[2026-07-22 06:37:20:3720] [[35mhttp[39m]: [35mGET /api/v1/masters/connector 304 - - 13.739 ms[39m
[2026-07-22 06:37:20:3720] [[35mhttp[39m]: [35mGET /api/v1/survey 200 2107 - 48.927 ms[39m
[2026-07-22 06:37:20:3720] [[35mhttp[39m]: [35mGET /api/v1/survey-sites 200 592 - 46.168 ms[39m
[2026-07-22 06:37:20:3720] [[35mhttp[39m]: [35mGET /api/v1/masters/charger-manufacturer 304 - - 45.605 ms[39m
[2026-07-22 06:37:20:3720] [[35mhttp[39m]: [35mGET /api/v1/masters/equipment 304 - - 45.351 ms[39m
[2026-07-22 06:37:20:3720] [[35mhttp[39m]: [35mGET /api/v1/masters/connector 304 - - 9.736 ms[39m
[2026-07-22 06:37:20:3720] [[35mhttp[39m]: [35mGET /api/v1/survey 304 - - 20.034 ms[39m
[2026-07-22 06:37:20:3720] [[35mhttp[39m]: [35mGET /api/v1/masters/charger-manufacturer 304 - - 20.193 ms[39m
[2026-07-22 06:37:20:3720] [[35mhttp[39m]: [35mGET /api/v1/survey-sites 304 - - 13.963 ms[39m
[2026-07-22 06:37:20:3720] [[35mhttp[39m]: [35mGET /api/v1/masters/equipment 304 - - 15.347 ms[39m
[2026-07-22 06:37:23:3723] [[35mhttp[39m]: [35mPOST /api/v1/survey/step1 201 6954 - 62.450 ms[39m
[2026-07-22 06:37:26:3726] [[35mhttp[39m]: [35mGET /api/v1/survey/bfd268f1-26a7-494e-9483-c5118680b2e7 200 6934 - 19.927 ms[39m
[2026-07-22 06:37:26:3726] [[35mhttp[39m]: [35mGET /api/v1/survey/bfd268f1-26a7-494e-9483-c5118680b2e7 304 - - 18.833 ms[39m
[2026-07-22 06:37:26:3726] [[35mhttp[39m]: [35mGET /api/v1/survey-assignment 200 1068 - 7.048 ms[39m
[2026-07-22 06:37:26:3726] [[35mhttp[39m]: [35mGET /api/v1/survey-assignment 304 - - 11.294 ms[39m
[2026-07-22 06:37:26:3726] [[35mhttp[39m]: [35mGET /api/v1/survey/site/e2951ef4-a31d-467d-a209-c79df8a2d20d 200 5817 - 16.476 ms[39m
[2026-07-22 06:37:26:3726] [[35mhttp[39m]: [35mGET /api/v1/survey/site/e2951ef4-a31d-467d-a209-c79df8a2d20d 304 - - 17.237 ms[39m
[2026-07-22 06:37:28:3728] [[35mhttp[39m]: [35mGET /api/v1/survey-assignment 304 - - 8.640 ms[39m
[2026-07-22 06:37:28:3728] [[35mhttp[39m]: [35mGET /api/v1/survey-assignment 304 - - 11.973 ms[39m
[2026-07-22 06:39:26:3926] [[35mhttp[39m]: [35mGET /api/v1/survey-assignment 304 - - 79.783 ms[39m
[2026-07-22 06:41:16:4116] [[35mhttp[39m]: [35mGET /api/v1/masters/equipment 304 - - 19.101 ms[39m
[2026-07-22 06:41:16:4116] [[35mhttp[39m]: [35mGET /api/v1/masters/equipment 304 - - 12.970 ms[39m
[2026-07-22 06:41:16:4116] [[35mhttp[39m]: [35mGET /api/v1/masters/charger-manufacturer 304 - - 253.121 ms[39m
[2026-07-22 06:41:16:4116] [[35mhttp[39m]: [35mGET /api/v1/masters/connector 304 - - 256.302 ms[39m
[2026-07-22 06:41:16:4116] [[35mhttp[39m]: [35mGET /api/v1/survey-sites 200 592 - 287.267 ms[39m
[2026-07-22 06:41:16:4116] [[35mhttp[39m]: [35mGET /api/v1/masters/connector 304 - - 8.383 ms[39m
[2026-07-22 06:41:16:4116] [[35mhttp[39m]: [35mGET /api/v1/survey 200 2107 - 337.435 ms[39m
[2026-07-22 06:41:16:4116] [[35mhttp[39m]: [35mGET /api/v1/masters/charger-manufacturer 304 - - 46.287 ms[39m
[2026-07-22 06:41:17:4117] [[35mhttp[39m]: [35mGET /api/v1/survey-sites 304 - - 18.117 ms[39m
[2026-07-22 06:41:17:4117] [[35mhttp[39m]: [35mGET /api/v1/survey 304 - - 34.332 ms[39m
[2026-07-22 06:41:18:4118] [[35mhttp[39m]: [35mPOST /api/v1/survey/step1 201 6954 - 60.138 ms[39m
[2026-07-22 06:41:39:4139] [[35mhttp[39m]: [35mGET /api/v1/survey-assignment 200 1068 - 10.841 ms[39m
[2026-07-22 06:41:39:4139] [[35mhttp[39m]: [35mGET /api/v1/survey-assignment 304 - - 5.704 ms[39m
[2026-07-22 06:41:42:4142] [[35mhttp[39m]: [35mGET /api/v1/survey-assignment 304 - - 5.932 ms[39m
[2026-07-22 06:41:42:4142] [[35mhttp[39m]: [35mGET /api/v1/survey-assignment 304 - - 8.085 ms[39m
[2026-07-22 06:41:42:4142] [[35mhttp[39m]: [35mGET /api/v1/survey/site/e2951ef4-a31d-467d-a209-c79df8a2d20d 200 5817 - 19.871 ms[39m
[2026-07-22 06:41:42:4142] [[35mhttp[39m]: [35mGET /api/v1/survey/site/e2951ef4-a31d-467d-a209-c79df8a2d20d 304 - - 15.655 ms[39m
[2026-07-22 06:42:33:4233] [[35mhttp[39m]: [35mGET /api/v1/survey/bfd268f1-26a7-494e-9483-c5118680b2e7 200 6934 - 23.626 ms[39m
[2026-07-22 06:42:33:4233] [[35mhttp[39m]: [35mGET /api/v1/survey/bfd268f1-26a7-494e-9483-c5118680b2e7 304 - - 18.791 ms[39m
[2026-07-22 06:42:55:4255] [[35mhttp[39m]: [35mGET /api/v1/survey-assignment 304 - - 8.327 ms[39m
[2026-07-22 06:42:55:4255] [[35mhttp[39m]: [35mGET /api/v1/survey-assignment 304 - - 10.749 ms[39m
[2026-07-22 06:42:57:4257] [[35mhttp[39m]: [35mGET /api/v1/survey-assignment 304 - - 6.077 ms[39m
[2026-07-22 06:42:57:4257] [[35mhttp[39m]: [35mGET /api/v1/survey-assignment 304 - - 7.776 ms[39m
[2026-07-22 06:42:57:4257] [[35mhttp[39m]: [35mGET /api/v1/survey/site/e2951ef4-a31d-467d-a209-c79df8a2d20d 304 - - 29.452 ms[39m
[2026-07-22 06:42:57:4257] [[35mhttp[39m]: [35mGET /api/v1/survey/site/e2951ef4-a31d-467d-a209-c79df8a2d20d 304 - - 14.054 ms[39m
[2026-07-22 07:00:02:02] [[35mhttp[39m]: [35mGET /api/v1/survey/bfd268f1-26a7-494e-9483-c5118680b2e7 304 - - 115.862 ms[39m
[2026-07-22 07:00:02:02] [[35mhttp[39m]: [35mGET /api/v1/survey/bfd268f1-26a7-494e-9483-c5118680b2e7 304 - - 74.874 ms[39m
[2026-07-22 07:00:17:017] [[35mhttp[39m]: [35mGET /api/v1/auth/me 304 - - 7.719 ms[39m
[2026-07-22 07:00:17:017] [[35mhttp[39m]: [35mGET /api/v1/auth/me 304 - - 2.370 ms[39m
[2026-07-22 07:00:18:018] [[35mhttp[39m]: [35mGET /api/v1/survey/bfd268f1-26a7-494e-9483-c5118680b2e7 304 - - 26.284 ms[39m
[2026-07-22 07:00:18:018] [[35mhttp[39m]: [35mGET /api/v1/survey/bfd268f1-26a7-494e-9483-c5118680b2e7 304 - - 27.009 ms[39m
[2026-07-22 07:00:28:028] [[35mhttp[39m]: [35mPOST /api/v1/survey/lock-asset 200 549 - 11.084 ms[39m
[2026-07-22 07:00:28:028] [[35mhttp[39m]: [35mGET /api/v1/masters/charger-manufacturer 304 - - 14.728 ms[39m
[2026-07-22 07:00:28:028] [[35mhttp[39m]: [35mGET /api/v1/masters/charger-manufacturer 304 - - 6.559 ms[39m
[2026-07-22 07:00:28:028] [[35mhttp[39m]: [35mGET /api/v1/masters/connector 304 - - 116.640 ms[39m
[2026-07-22 07:00:28:028] [[35mhttp[39m]: [35mGET /api/v1/masters/equipment 304 - - 125.093 ms[39m
[2026-07-22 07:00:28:028] [[35mhttp[39m]: [35mGET /api/v1/survey/bfd268f1-26a7-494e-9483-c5118680b2e7 200 6934 - 153.025 ms[39m
[2026-07-22 07:00:28:028] [[35mhttp[39m]: [35mGET /api/v1/masters/connector 304 - - 10.115 ms[39m
[2026-07-22 07:00:28:028] [[35mhttp[39m]: [35mGET /api/v1/masters/equipment 304 - - 18.995 ms[39m
[2026-07-22 07:00:29:029] [[35mhttp[39m]: [35mGET /api/v1/survey/bfd268f1-26a7-494e-9483-c5118680b2e7 304 - - 37.975 ms[39m
[2026-07-22 07:00:31:031] [[35mhttp[39m]: [35mGET /api/v1/survey/bfd268f1-26a7-494e-9483-c5118680b2e7 304 - - 25.323 ms[39m
[2026-07-22 07:00:31:031] [[35mhttp[39m]: [35mGET /api/v1/survey/bfd268f1-26a7-494e-9483-c5118680b2e7 304 - - 30.809 ms[39m
[2026-07-22 07:02:15:215] [[35mhttp[39m]: [35mPOST /api/v1/survey/lock-asset 200 549 - 16.562 ms[39m
[2026-07-22 07:02:15:215] [[35mhttp[39m]: [35mGET /api/v1/masters/charger-manufacturer 304 - - 28.438 ms[39m
[2026-07-22 07:02:15:215] [[35mhttp[39m]: [35mGET /api/v1/survey/bfd268f1-26a7-494e-9483-c5118680b2e7 200 6934 - 42.570 ms[39m
[2026-07-22 07:02:15:215] [[35mhttp[39m]: [35mGET /api/v1/masters/equipment 304 - - 34.342 ms[39m
[2026-07-22 07:02:15:215] [[35mhttp[39m]: [35mGET /api/v1/masters/charger-manufacturer 304 - - 5.480 ms[39m
[2026-07-22 07:02:15:215] [[35mhttp[39m]: [35mGET /api/v1/masters/equipment 304 - - 8.087 ms[39m
[2026-07-22 07:02:15:215] [[35mhttp[39m]: [35mGET /api/v1/survey/bfd268f1-26a7-494e-9483-c5118680b2e7 304 - - 33.794 ms[39m
[2026-07-22 07:02:15:215] [[35mhttp[39m]: [35mGET /api/v1/masters/connector 304 - - 90.025 ms[39m
[2026-07-22 07:02:15:215] [[35mhttp[39m]: [35mGET /api/v1/masters/connector 304 - - 7.770 ms[39m
[2026-07-22 07:02:23:223] [[35mhttp[39m]: [35mGET /api/v1/survey/bfd268f1-26a7-494e-9483-c5118680b2e7 304 - - 42.067 ms[39m
[2026-07-22 07:02:23:223] [[35mhttp[39m]: [35mGET /api/v1/survey/bfd268f1-26a7-494e-9483-c5118680b2e7 304 - - 19.120 ms[39m
[2026-07-22 07:03:42:342] [[35mhttp[39m]: [35mPOST /api/v1/survey/lock-asset 200 549 - 16.645 ms[39m
[2026-07-22 07:03:42:342] [[35mhttp[39m]: [35mGET /api/v1/masters/connector 304 - - 10.542 ms[39m
[2026-07-22 07:03:42:342] [[35mhttp[39m]: [35mGET /api/v1/masters/equipment 304 - - 13.940 ms[39m
[2026-07-22 07:03:42:342] [[35mhttp[39m]: [35mGET /api/v1/survey/bfd268f1-26a7-494e-9483-c5118680b2e7 200 6934 - 25.368 ms[39m
[2026-07-22 07:03:42:342] [[35mhttp[39m]: [35mGET /api/v1/masters/connector 304 - - 7.029 ms[39m
[2026-07-22 07:03:42:342] [[35mhttp[39m]: [35mGET /api/v1/masters/equipment 304 - - 9.755 ms[39m
[2026-07-22 07:03:42:342] [[35mhttp[39m]: [35mGET /api/v1/masters/charger-manufacturer 304 - - 39.390 ms[39m
[2026-07-22 07:03:42:342] [[35mhttp[39m]: [35mGET /api/v1/survey/bfd268f1-26a7-494e-9483-c5118680b2e7 304 - - 25.723 ms[39m
[2026-07-22 07:03:42:342] [[35mhttp[39m]: [35mGET /api/v1/masters/charger-manufacturer 304 - - 4.912 ms[39m
[2026-07-22 07:03:45:345] [[35mhttp[39m]: [35mGET /api/v1/survey/bfd268f1-26a7-494e-9483-c5118680b2e7 304 - - 19.682 ms[39m
[2026-07-22 07:03:45:345] [[35mhttp[39m]: [35mGET /api/v1/survey/bfd268f1-26a7-494e-9483-c5118680b2e7 304 - - 18.252 ms[39m
[2026-07-22 07:04:12:412] [[35mhttp[39m]: [35mPOST /api/v1/survey/lock-asset 200 549 - 13.432 ms[39m
[2026-07-22 07:04:12:412] [[35mhttp[39m]: [35mGET /api/v1/masters/charger-manufacturer 304 - - 8.060 ms[39m
[2026-07-22 07:04:12:412] [[35mhttp[39m]: [35mGET /api/v1/masters/connector 304 - - 8.353 ms[39m
[2026-07-22 07:04:12:412] [[35mhttp[39m]: [35mGET /api/v1/masters/equipment 304 - - 31.220 ms[39m
[2026-07-22 07:04:12:412] [[35mhttp[39m]: [35mGET /api/v1/survey/bfd268f1-26a7-494e-9483-c5118680b2e7 200 6934 - 39.278 ms[39m
[2026-07-22 07:04:12:412] [[35mhttp[39m]: [35mGET /api/v1/masters/charger-manufacturer 304 - - 5.533 ms[39m
[2026-07-22 07:04:12:412] [[35mhttp[39m]: [35mGET /api/v1/masters/connector 304 - - 5.545 ms[39m
[2026-07-22 07:04:12:412] [[35mhttp[39m]: [35mGET /api/v1/masters/equipment 304 - - 8.636 ms[39m
[2026-07-22 07:04:12:412] [[35mhttp[39m]: [35mGET /api/v1/survey/bfd268f1-26a7-494e-9483-c5118680b2e7 304 - - 50.640 ms[39m
[2026-07-22 07:07:45:745] [[35mhttp[39m]: [35mGET /api/v1/auth/me 304 - - 86.530 ms[39m
[2026-07-22 07:07:45:745] [[35mhttp[39m]: [35mGET /api/v1/auth/me 304 - - 2.344 ms[39m
[2026-07-22 07:07:45:745] [[35mhttp[39m]: [35mGET /api/v1/survey/bfd268f1-26a7-494e-9483-c5118680b2e7 304 - - 70.560 ms[39m
[2026-07-22 07:07:45:745] [[35mhttp[39m]: [35mGET /api/v1/survey/bfd268f1-26a7-494e-9483-c5118680b2e7 304 - - 123.161 ms[39m
[2026-07-22 07:07:45:745] [[35mhttp[39m]: [35mGET /api/v1/masters/charger-manufacturer 304 - - 220.716 ms[39m
[2026-07-22 07:07:45:745] [[35mhttp[39m]: [35mGET /api/v1/masters/connector 304 - - 231.635 ms[39m
[2026-07-22 07:07:45:745] [[35mhttp[39m]: [35mGET /api/v1/masters/equipment 304 - - 253.789 ms[39m
[2026-07-22 07:07:45:745] [[35mhttp[39m]: [35mGET /api/v1/masters/charger-manufacturer 304 - - 15.722 ms[39m
[2026-07-22 07:07:45:745] [[35mhttp[39m]: [35mGET /api/v1/masters/connector 304 - - 5.626 ms[39m
[2026-07-22 07:07:45:745] [[35mhttp[39m]: [35mGET /api/v1/masters/equipment 304 - - 13.967 ms[39m
[2026-07-22 07:08:35:835] [[35mhttp[39m]: [35mGET /api/v1/masters/charger-manufacturer 304 - - 7.943 ms[39m
[2026-07-22 07:08:35:835] [[35mhttp[39m]: [35mGET /api/v1/masters/connector 304 - - 7.292 ms[39m
[2026-07-22 07:08:35:835] [[35mhttp[39m]: [35mGET /api/v1/masters/equipment 304 - - 38.012 ms[39m
[2026-07-22 07:08:35:835] [[35mhttp[39m]: [35mGET /api/v1/survey/bfd268f1-26a7-494e-9483-c5118680b2e7 304 - - 54.701 ms[39m
[2026-07-22 07:08:35:835] [[35mhttp[39m]: [35mGET /api/v1/masters/charger-manufacturer 304 - - 5.023 ms[39m
[2026-07-22 07:08:35:835] [[35mhttp[39m]: [35mGET /api/v1/masters/connector 304 - - 6.522 ms[39m
[2026-07-22 07:08:35:835] [[35mhttp[39m]: [35mGET /api/v1/survey/bfd268f1-26a7-494e-9483-c5118680b2e7 304 - - 20.039 ms[39m
[2026-07-22 07:08:36:836] [[35mhttp[39m]: [35mGET /api/v1/masters/equipment 304 - - 7.703 ms[39m
[2026-07-22 07:08:43:843] [[35mhttp[39m]: [35mGET /api/v1/survey/bfd268f1-26a7-494e-9483-c5118680b2e7 304 - - 16.127 ms[39m
[2026-07-22 07:08:43:843] [[35mhttp[39m]: [35mGET /api/v1/masters/charger-manufacturer 304 - - 9.827 ms[39m
[2026-07-22 07:08:43:843] [[35mhttp[39m]: [35mGET /api/v1/masters/connector 304 - - 4.099 ms[39m
[2026-07-22 07:08:43:843] [[35mhttp[39m]: [35mGET /api/v1/masters/equipment 304 - - 6.981 ms[39m
[2026-07-22 07:09:26:926] [[35mhttp[39m]: [35mGET /api/v1/photos?surveyId=bfd268f1-26a7-494e-9483-c5118680b2e7 304 - - 9.627 ms[39m
[2026-07-22 07:09:26:926] [[35mhttp[39m]: [35mGET /api/v1/masters/photo-category 304 - - 9.894 ms[39m
[2026-07-22 07:09:26:926] [[35mhttp[39m]: [35mGET /api/v1/photos?surveyId=bfd268f1-26a7-494e-9483-c5118680b2e7 304 - - 8.632 ms[39m
[2026-07-22 07:09:26:926] [[35mhttp[39m]: [35mGET /api/v1/masters/photo-category 304 - - 4.350 ms[39m
[2026-07-22 07:11:48:1148] [[32minfo[39m]: [32mDatabase connection established successfully.[39m
[2026-07-22 07:11:48:1148] [[32minfo[39m]: [32mServer is running in development mode on port 5000[39m
[2026-07-22 07:11:56:1156] [[35mhttp[39m]: [35mGET /api/v1/photos?surveyId=bfd268f1-26a7-494e-9483-c5118680b2e7 304 - - 36.987 ms[39m
[2026-07-22 07:11:56:1156] [[35mhttp[39m]: [35mGET /api/v1/photos?surveyId=bfd268f1-26a7-494e-9483-c5118680b2e7 304 - - 6.311 ms[39m
[2026-07-22 07:13:05:135] [[35mhttp[39m]: [35mGET /api/v1/photos?surveyId=bfd268f1-26a7-494e-9483-c5118680b2e7 304 - - 6.070 ms[39m
[2026-07-22 07:13:30:1330] [[35mhttp[39m]: [35mGET /api/v1/survey/bfd268f1-26a7-494e-9483-c5118680b2e7 200 7094 - 67.563 ms[39m
[2026-07-22 07:13:30:1330] [[35mhttp[39m]: [35mGET /api/v1/masters/connector 304 - - 131.993 ms[39m
[2026-07-22 07:13:30:1330] [[35mhttp[39m]: [35mGET /api/v1/masters/equipment 304 - - 138.200 ms[39m
[2026-07-22 07:13:30:1330] [[35mhttp[39m]: [35mGET /api/v1/survey/bfd268f1-26a7-494e-9483-c5118680b2e7 304 - - 35.755 ms[39m
[2026-07-22 07:13:30:1330] [[35mhttp[39m]: [35mGET /api/v1/masters/charger-manufacturer 304 - - 160.822 ms[39m
[2026-07-22 07:13:30:1330] [[35mhttp[39m]: [35mGET /api/v1/masters/connector 304 - - 21.186 ms[39m
[2026-07-22 07:13:30:1330] [[35mhttp[39m]: [35mGET /api/v1/masters/charger-manufacturer 304 - - 19.577 ms[39m
[2026-07-22 07:13:30:1330] [[35mhttp[39m]: [35mGET /api/v1/masters/equipment 304 - - 28.727 ms[39m
[2026-07-22 07:13:43:1343] [[35mhttp[39m]: [35mPOST /api/v1/survey/save-asset 400 4564 - 36.198 ms[39m
[2026-07-22 07:13:52:1352] [[35mhttp[39m]: [35mGET /api/v1/auth/me 304 - - 5.823 ms[39m
[2026-07-22 07:13:52:1352] [[35mhttp[39m]: [35mGET /api/v1/auth/me 304 - - 2.775 ms[39m
[2026-07-22 07:13:52:1352] [[35mhttp[39m]: [35mGET /api/v1/masters/charger-manufacturer 304 - - 25.893 ms[39m
[2026-07-22 07:13:52:1352] [[35mhttp[39m]: [35mGET /api/v1/masters/equipment 304 - - 31.781 ms[39m
[2026-07-22 07:13:52:1352] [[35mhttp[39m]: [35mGET /api/v1/masters/connector 304 - - 34.317 ms[39m
[2026-07-22 07:13:52:1352] [[35mhttp[39m]: [35mGET /api/v1/survey/bfd268f1-26a7-494e-9483-c5118680b2e7 200 7094 - 87.863 ms[39m
[2026-07-22 07:13:52:1352] [[35mhttp[39m]: [35mGET /api/v1/masters/charger-manufacturer 304 - - 32.141 ms[39m
[2026-07-22 07:13:52:1352] [[35mhttp[39m]: [35mGET /api/v1/masters/connector 304 - - 10.592 ms[39m
[2026-07-22 07:13:52:1352] [[35mhttp[39m]: [35mGET /api/v1/masters/equipment 304 - - 17.743 ms[39m
[2026-07-22 07:13:52:1352] [[35mhttp[39m]: [35mGET /api/v1/survey/bfd268f1-26a7-494e-9483-c5118680b2e7 304 - - 101.808 ms[39m
[2026-07-22 07:14:05:145] [[35mhttp[39m]: [35mGET /api/v1/masters/charger-model?manufacturerId=a8a2553d-6eb9-49a8-a464-e065ff42952d 304 - - 8.159 ms[39m
[2026-07-22 07:14:56:1456] [[35mhttp[39m]: [35mPOST /api/v1/survey/save-asset 400 4866 - 21.217 ms[39m
[2026-07-22 07:17:56:1756] [[32minfo[39m]: [32mDatabase connection established successfully.[39m
[2026-07-22 07:17:56:1756] [[32minfo[39m]: [32mServer is running in development mode on port 5000[39m
[2026-07-22 07:19:56:1956] [[35mhttp[39m]: [35mPOST /api/v1/survey/save-asset 200 1039 - 107.633 ms[39m
[2026-07-22 07:19:56:1956] [[35mhttp[39m]: [35mGET /api/v1/survey/bfd268f1-26a7-494e-9483-c5118680b2e7 200 8578 - 28.817 ms[39m
[2026-07-22 07:19:56:1956] [[35mhttp[39m]: [35mGET /api/v1/survey/bfd268f1-26a7-494e-9483-c5118680b2e7 304 - - 22.473 ms[39m
[2026-07-22 07:20:10:2010] [[35mhttp[39m]: [35mGET /api/v1/survey/bfd268f1-26a7-494e-9483-c5118680b2e7 304 - - 59.217 ms[39m
[2026-07-22 07:20:10:2010] [[35mhttp[39m]: [35mGET /api/v1/survey/bfd268f1-26a7-494e-9483-c5118680b2e7 304 - - 33.407 ms[39m
[2026-07-22 07:20:10:2010] [[35mhttp[39m]: [35mGET /api/v1/masters/connector 304 - - 105.315 ms[39m
[2026-07-22 07:20:10:2010] [[35mhttp[39m]: [35mGET /api/v1/masters/equipment 304 - - 106.408 ms[39m
[2026-07-22 07:20:10:2010] [[35mhttp[39m]: [35mGET /api/v1/masters/charger-manufacturer 304 - - 137.103 ms[39m
[2026-07-22 07:20:10:2010] [[35mhttp[39m]: [35mGET /api/v1/masters/equipment 304 - - 15.035 ms[39m
[2026-07-22 07:20:10:2010] [[35mhttp[39m]: [35mGET /api/v1/masters/charger-manufacturer 304 - - 14.561 ms[39m
[2026-07-22 07:20:10:2010] [[35mhttp[39m]: [35mGET /api/v1/masters/connector 304 - - 29.067 ms[39m
[2026-07-22 07:20:10:2010] [[35mhttp[39m]: [35mGET /api/v1/masters/charger-model?manufacturerId=a8a2553d-6eb9-49a8-a464-e065ff42952d 304 - - 16.573 ms[39m
[2026-07-22 07:20:10:2010] [[35mhttp[39m]: [35mGET /api/v1/masters/charger-model?manufacturerId=a8a2553d-6eb9-49a8-a464-e065ff42952d 304 - - 6.309 ms[39m
[2026-07-22 07:20:14:2014] [[35mhttp[39m]: [35mGET /api/v1/survey/bfd268f1-26a7-494e-9483-c5118680b2e7 304 - - 49.152 ms[39m
[2026-07-22 07:20:14:2014] [[35mhttp[39m]: [35mGET /api/v1/survey/bfd268f1-26a7-494e-9483-c5118680b2e7 304 - - 23.024 ms[39m
[2026-07-22 07:20:33:2033] [[35mhttp[39m]: [35mPOST /api/v1/survey/lock-asset 200 554 - 16.878 ms[39m
[2026-07-22 07:20:33:2033] [[35mhttp[39m]: [35mGET /api/v1/survey/bfd268f1-26a7-494e-9483-c5118680b2e7 200 8735 - 34.298 ms[39m
[2026-07-22 07:20:33:2033] [[35mhttp[39m]: [35mGET /api/v1/masters/equipment 304 - - 11.331 ms[39m
[2026-07-22 07:20:33:2033] [[35mhttp[39m]: [35mGET /api/v1/masters/equipment 304 - - 9.063 ms[39m
[2026-07-22 07:20:33:2033] [[35mhttp[39m]: [35mGET /api/v1/survey/bfd268f1-26a7-494e-9483-c5118680b2e7 304 - - 20.790 ms[39m
[2026-07-22 07:20:37:2037] [[35mhttp[39m]: [35mGET /api/v1/survey/bfd268f1-26a7-494e-9483-c5118680b2e7 304 - - 23.597 ms[39m
[2026-07-22 07:20:37:2037] [[35mhttp[39m]: [35mGET /api/v1/survey/bfd268f1-26a7-494e-9483-c5118680b2e7 304 - - 24.123 ms[39m
[2026-07-22 07:20:59:2059] [[35mhttp[39m]: [35mGET /api/v1/survey/bfd268f1-26a7-494e-9483-c5118680b2e7 304 - - 22.782 ms[39m
[2026-07-22 07:21:00:210] [[35mhttp[39m]: [35mGET /api/v1/survey/bfd268f1-26a7-494e-9483-c5118680b2e7 304 - - 25.221 ms[39m
[2026-07-22 07:21:00:210] [[35mhttp[39m]: [35mGET /api/v1/survey/bfd268f1-26a7-494e-9483-c5118680b2e7 304 - - 25.311 ms[39m
[2026-07-22 07:21:57:2157] [[35mhttp[39m]: [35mGET /api/v1/masters/connector 304 - - 12.229 ms[39m
[2026-07-22 07:21:57:2157] [[35mhttp[39m]: [35mGET /api/v1/masters/charger-manufacturer 304 - - 15.771 ms[39m
[2026-07-22 07:21:57:2157] [[35mhttp[39m]: [35mGET /api/v1/masters/equipment 304 - - 15.819 ms[39m
[2026-07-22 07:21:57:2157] [[35mhttp[39m]: [35mGET /api/v1/survey/bfd268f1-26a7-494e-9483-c5118680b2e7 304 - - 52.951 ms[39m
[2026-07-22 07:21:57:2157] [[35mhttp[39m]: [35mGET /api/v1/masters/connector 304 - - 7.870 ms[39m
[2026-07-22 07:21:57:2157] [[35mhttp[39m]: [35mGET /api/v1/masters/charger-manufacturer 304 - - 7.919 ms[39m
[2026-07-22 07:21:57:2157] [[35mhttp[39m]: [35mGET /api/v1/masters/equipment 304 - - 9.147 ms[39m
[2026-07-22 07:21:57:2157] [[35mhttp[39m]: [35mGET /api/v1/masters/charger-model?manufacturerId=a8a2553d-6eb9-49a8-a464-e065ff42952d 304 - - 11.352 ms[39m
[2026-07-22 07:21:57:2157] [[35mhttp[39m]: [35mGET /api/v1/survey/bfd268f1-26a7-494e-9483-c5118680b2e7 304 - - 24.526 ms[39m
[2026-07-22 07:21:57:2157] [[35mhttp[39m]: [35mGET /api/v1/masters/charger-model?manufacturerId=a8a2553d-6eb9-49a8-a464-e065ff42952d 304 - - 5.099 ms[39m
[2026-07-22 07:22:13:2213] [[35mhttp[39m]: [35mGET /api/v1/survey/bfd268f1-26a7-494e-9483-c5118680b2e7 304 - - 21.324 ms[39m
[2026-07-22 07:22:13:2213] [[35mhttp[39m]: [35mGET /api/v1/survey/bfd268f1-26a7-494e-9483-c5118680b2e7 304 - - 21.656 ms[39m
[2026-07-22 07:24:48:2448] [[35mhttp[39m]: [35mPOST /api/v1/survey/lock-asset 200 554 - 14.499 ms[39m
[2026-07-22 07:24:48:2448] [[35mhttp[39m]: [35mGET /api/v1/masters/equipment 304 - - 9.828 ms[39m
[2026-07-22 07:24:48:2448] [[35mhttp[39m]: [35mGET /api/v1/masters/equipment 304 - - 7.487 ms[39m
[2026-07-22 07:24:48:2448] [[35mhttp[39m]: [35mGET /api/v1/survey/bfd268f1-26a7-494e-9483-c5118680b2e7 200 8735 - 49.145 ms[39m
[2026-07-22 07:24:48:2448] [[35mhttp[39m]: [35mGET /api/v1/survey/bfd268f1-26a7-494e-9483-c5118680b2e7 304 - - 26.264 ms[39m
[2026-07-22 07:24:53:2453] [[35mhttp[39m]: [35mGET /api/v1/survey/bfd268f1-26a7-494e-9483-c5118680b2e7 304 - - 27.311 ms[39m
[2026-07-22 07:24:53:2453] [[35mhttp[39m]: [35mGET /api/v1/survey/bfd268f1-26a7-494e-9483-c5118680b2e7 304 - - 22.504 ms[39m
[2026-07-22 07:24:54:2454] [[35mhttp[39m]: [35mGET /api/v1/masters/charger-manufacturer 304 - - 8.315 ms[39m
[2026-07-22 07:24:54:2454] [[35mhttp[39m]: [35mGET /api/v1/masters/equipment 304 - - 22.453 ms[39m
[2026-07-22 07:24:54:2454] [[35mhttp[39m]: [35mGET /api/v1/survey/bfd268f1-26a7-494e-9483-c5118680b2e7 304 - - 40.511 ms[39m
[2026-07-22 07:24:54:2454] [[35mhttp[39m]: [35mGET /api/v1/masters/charger-manufacturer 304 - - 7.130 ms[39m
[2026-07-22 07:24:54:2454] [[35mhttp[39m]: [35mGET /api/v1/masters/equipment 304 - - 9.173 ms[39m
[2026-07-22 07:24:54:2454] [[35mhttp[39m]: [35mGET /api/v1/survey/bfd268f1-26a7-494e-9483-c5118680b2e7 304 - - 32.668 ms[39m
[2026-07-22 07:24:54:2454] [[35mhttp[39m]: [35mGET /api/v1/masters/connector 304 - - 87.973 ms[39m
[2026-07-22 07:24:54:2454] [[35mhttp[39m]: [35mGET /api/v1/masters/connector 304 - - 8.226 ms[39m
[2026-07-22 07:24:54:2454] [[35mhttp[39m]: [35mGET /api/v1/masters/charger-model?manufacturerId=a8a2553d-6eb9-49a8-a464-e065ff42952d 304 - - 10.928 ms[39m
[2026-07-22 07:24:54:2454] [[35mhttp[39m]: [35mGET /api/v1/masters/charger-model?manufacturerId=a8a2553d-6eb9-49a8-a464-e065ff42952d 304 - - 4.834 ms[39m
[2026-07-22 07:24:54:2454] [[35mhttp[39m]: [35mGET /api/v1/survey/bfd268f1-26a7-494e-9483-c5118680b2e7 304 - - 45.112 ms[39m
[2026-07-22 07:24:54:2454] [[35mhttp[39m]: [35mGET /api/v1/survey/bfd268f1-26a7-494e-9483-c5118680b2e7 304 - - 33.253 ms[39m
[2026-07-22 07:24:56:2456] [[35mhttp[39m]: [35mGET /api/v1/survey-assignment 304 - - 10.247 ms[39m
[2026-07-22 07:24:56:2456] [[35mhttp[39m]: [35mGET /api/v1/survey-assignment 304 - - 6.238 ms[39m
[2026-07-22 07:24:56:2456] [[35mhttp[39m]: [35mGET /api/v1/survey/site/e2951ef4-a31d-467d-a209-c79df8a2d20d 200 7618 - 18.217 ms[39m
[2026-07-22 07:24:56:2456] [[35mhttp[39m]: [35mGET /api/v1/survey/site/e2951ef4-a31d-467d-a209-c79df8a2d20d 304 - - 20.839 ms[39m
[2026-07-22 07:27:36:2736] [[35mhttp[39m]: [35mGET /api/v1/survey-assignment 304 - - 114.979 ms[39m
[2026-07-22 07:27:36:2736] [[35mhttp[39m]: [35mGET /api/v1/survey/site/e2951ef4-a31d-467d-a209-c79df8a2d20d 304 - - 41.005 ms[39m
[2026-07-22 07:27:37:2737] [[35mhttp[39m]: [35mGET /api/v1/survey-assignment 304 - - 5.768 ms[39m
[2026-07-22 07:27:37:2737] [[35mhttp[39m]: [35mGET /api/v1/survey/site/e2951ef4-a31d-467d-a209-c79df8a2d20d 304 - - 15.550 ms[39m
[2026-07-22 07:27:59:2759] [[35mhttp[39m]: [35mGET /api/v1/survey/bfd268f1-26a7-494e-9483-c5118680b2e7 304 - - 22.989 ms[39m
[2026-07-22 07:27:59:2759] [[35mhttp[39m]: [35mGET /api/v1/survey/bfd268f1-26a7-494e-9483-c5118680b2e7 304 - - 22.763 ms[39m
[2026-07-22 07:28:04:284] [[35mhttp[39m]: [35mPOST /api/v1/survey/lock-asset 200 554 - 17.494 ms[39m
[2026-07-22 07:28:04:284] [[35mhttp[39m]: [35mGET /api/v1/masters/equipment 304 - - 15.707 ms[39m
[2026-07-22 07:28:04:284] [[35mhttp[39m]: [35mGET /api/v1/survey/bfd268f1-26a7-494e-9483-c5118680b2e7 200 8735 - 27.990 ms[39m
[2026-07-22 07:28:04:284] [[35mhttp[39m]: [35mGET /api/v1/masters/equipment 304 - - 11.998 ms[39m
[2026-07-22 07:28:04:284] [[35mhttp[39m]: [35mGET /api/v1/survey/bfd268f1-26a7-494e-9483-c5118680b2e7 304 - - 35.949 ms[39m
[2026-07-22 07:28:46:2846] [[35mhttp[39m]: [35mGET /api/v1/survey/bfd268f1-26a7-494e-9483-c5118680b2e7 304 - - 55.540 ms[39m
[2026-07-22 07:28:46:2846] [[35mhttp[39m]: [35mGET /api/v1/survey/bfd268f1-26a7-494e-9483-c5118680b2e7 304 - - 18.601 ms[39m
[2026-07-22 07:28:49:2849] [[35mhttp[39m]: [35mGET /api/v1/survey-assignment 304 - - 7.150 ms[39m
[2026-07-22 07:28:49:2849] [[35mhttp[39m]: [35mGET /api/v1/survey-assignment 304 - - 12.452 ms[39m
[2026-07-22 07:28:49:2849] [[35mhttp[39m]: [35mGET /api/v1/survey/site/e2951ef4-a31d-467d-a209-c79df8a2d20d 200 7618 - 19.833 ms[39m
[2026-07-22 07:28:49:2849] [[35mhttp[39m]: [35mGET /api/v1/survey/site/e2951ef4-a31d-467d-a209-c79df8a2d20d 304 - - 24.918 ms[39m
[2026-07-22 07:32:42:3242] [[35mhttp[39m]: [35mGET /api/v1/masters/equipment 304 - - 127.194 ms[39m
[2026-07-22 07:32:42:3242] [[35mhttp[39m]: [35mGET /api/v1/masters/equipment 304 - - 7.496 ms[39m
[2026-07-22 07:32:42:3242] [[35mhttp[39m]: [35mGET /api/v1/survey/bfd268f1-26a7-494e-9483-c5118680b2e7 304 - - 172.673 ms[39m
[2026-07-22 07:32:42:3242] [[35mhttp[39m]: [35mGET /api/v1/survey/bfd268f1-26a7-494e-9483-c5118680b2e7 304 - - 22.235 ms[39m
[2026-07-22 07:32:42:3242] [[35mhttp[39m]: [35mGET /api/v1/photos?surveyId=bfd268f1-26a7-494e-9483-c5118680b2e7 304 - - 5.072 ms[39m
[2026-07-22 07:32:42:3242] [[35mhttp[39m]: [35mGET /api/v1/photos?surveyId=bfd268f1-26a7-494e-9483-c5118680b2e7 304 - - 4.212 ms[39m
[2026-07-22 07:42:11:4211] [[35mhttp[39m]: [35mGET /api/v1/masters/equipment 304 - - 153.083 ms[39m
[2026-07-22 07:42:11:4211] [[35mhttp[39m]: [35mGET /api/v1/masters/connector 304 - - 165.572 ms[39m
[2026-07-22 07:42:11:4211] [[35mhttp[39m]: [35mGET /api/v1/survey-sites 200 592 - 178.098 ms[39m
[2026-07-22 07:42:11:4211] [[35mhttp[39m]: [35mGET /api/v1/survey 200 2107 - 241.866 ms[39m
[2026-07-22 07:42:11:4211] [[35mhttp[39m]: [35mGET /api/v1/masters/equipment 304 - - 63.756 ms[39m
[2026-07-22 07:42:11:4211] [[35mhttp[39m]: [35mGET /api/v1/masters/connector 304 - - 66.108 ms[39m
[2026-07-22 07:42:11:4211] [[35mhttp[39m]: [35mGET /api/v1/masters/charger-manufacturer 304 - - 256.435 ms[39m
[2026-07-22 07:42:11:4211] [[35mhttp[39m]: [35mGET /api/v1/survey-sites 304 - - 31.644 ms[39m
[2026-07-22 07:42:11:4211] [[35mhttp[39m]: [35mGET /api/v1/masters/charger-manufacturer 304 - - 6.648 ms[39m
[2026-07-22 07:42:11:4211] [[35mhttp[39m]: [35mGET /api/v1/survey 304 - - 13.919 ms[39m
[2026-07-22 07:42:15:4215] [[35mhttp[39m]: [35mPOST /api/v1/survey/step1 201 8755 - 68.001 ms[39m
[2026-07-22 07:42:15:4215] [[35mhttp[39m]: [35mGET /api/v1/masters/charger-model?manufacturerId=a8a2553d-6eb9-49a8-a464-e065ff42952d 304 - - 5.644 ms[39m
[2026-07-22 07:46:18:4618] [[35mhttp[39m]: [35mGET /api/v1/survey/bfd268f1-26a7-494e-9483-c5118680b2e7 200 8735 - 27.331 ms[39m
[2026-07-22 07:46:18:4618] [[35mhttp[39m]: [35mGET /api/v1/survey/bfd268f1-26a7-494e-9483-c5118680b2e7 304 - - 19.405 ms[39m
[2026-07-22 07:46:21:4621] [[35mhttp[39m]: [35mPOST /api/v1/survey/lock-asset 200 788 - 14.704 ms[39m
[2026-07-22 07:46:21:4621] [[35mhttp[39m]: [35mGET /api/v1/survey/bfd268f1-26a7-494e-9483-c5118680b2e7 200 8735 - 32.095 ms[39m
[2026-07-22 07:46:21:4621] [[35mhttp[39m]: [35mGET /api/v1/masters/connector 304 - - 25.059 ms[39m
[2026-07-22 07:46:21:4621] [[35mhttp[39m]: [35mGET /api/v1/masters/charger-manufacturer 304 - - 23.898 ms[39m
[2026-07-22 07:46:21:4621] [[35mhttp[39m]: [35mGET /api/v1/masters/equipment 304 - - 28.115 ms[39m
[2026-07-22 07:46:21:4621] [[35mhttp[39m]: [35mGET /api/v1/masters/connector 304 - - 6.231 ms[39m
[2026-07-22 07:46:21:4621] [[35mhttp[39m]: [35mGET /api/v1/masters/charger-manufacturer 304 - - 5.867 ms[39m
[2026-07-22 07:46:21:4621] [[35mhttp[39m]: [35mGET /api/v1/masters/equipment 304 - - 14.177 ms[39m
[2026-07-22 07:46:21:4621] [[35mhttp[39m]: [35mGET /api/v1/survey/bfd268f1-26a7-494e-9483-c5118680b2e7 304 - - 49.910 ms[39m
[2026-07-22 07:47:47:4747] [[35mhttp[39m]: [35mGET /api/v1/survey/bfd268f1-26a7-494e-9483-c5118680b2e7 304 - - 106.448 ms[39m
[2026-07-22 07:47:47:4747] [[35mhttp[39m]: [35mGET /api/v1/survey/bfd268f1-26a7-494e-9483-c5118680b2e7 304 - - 24.772 ms[39m
[2026-07-22 07:47:50:4750] [[35mhttp[39m]: [35mPOST /api/v1/survey/lock-asset 200 554 - 12.345 ms[39m
[2026-07-22 07:47:50:4750] [[35mhttp[39m]: [35mGET /api/v1/masters/equipment 304 - - 112.962 ms[39m
[2026-07-22 07:47:50:4750] [[35mhttp[39m]: [35mGET /api/v1/masters/equipment 304 - - 8.433 ms[39m
[2026-07-22 07:47:50:4750] [[35mhttp[39m]: [35mGET /api/v1/survey/bfd268f1-26a7-494e-9483-c5118680b2e7 200 8735 - 149.938 ms[39m
[2026-07-22 07:47:50:4750] [[35mhttp[39m]: [35mGET /api/v1/survey/bfd268f1-26a7-494e-9483-c5118680b2e7 304 - - 25.591 ms[39m
[2026-07-22 07:47:50:4750] [[35mhttp[39m]: [35mGET /api/v1/photos?surveyId=bfd268f1-26a7-494e-9483-c5118680b2e7 304 - - 8.359 ms[39m
[2026-07-22 07:47:50:4750] [[35mhttp[39m]: [35mGET /api/v1/photos?surveyId=bfd268f1-26a7-494e-9483-c5118680b2e7 304 - - 4.017 ms[39m
[2026-07-22 07:47:53:4753] [[35mhttp[39m]: [35mGET /api/v1/survey/bfd268f1-26a7-494e-9483-c5118680b2e7 304 - - 26.078 ms[39m
[2026-07-22 07:47:53:4753] [[35mhttp[39m]: [35mGET /api/v1/survey/bfd268f1-26a7-494e-9483-c5118680b2e7 304 - - 23.759 ms[39m
[2026-07-22 07:47:56:4756] [[35mhttp[39m]: [35mPOST /api/v1/survey/lock-asset 200 554 - 16.672 ms[39m
[2026-07-22 07:47:56:4756] [[35mhttp[39m]: [35mGET /api/v1/survey/bfd268f1-26a7-494e-9483-c5118680b2e7 200 8735 - 28.688 ms[39m
[2026-07-22 07:47:56:4756] [[35mhttp[39m]: [35mGET /api/v1/survey/bfd268f1-26a7-494e-9483-c5118680b2e7 304 - - 25.515 ms[39m
[2026-07-22 07:47:59:4759] [[35mhttp[39m]: [35mGET /api/v1/survey/bfd268f1-26a7-494e-9483-c5118680b2e7 304 - - 27.322 ms[39m
[2026-07-22 07:47:59:4759] [[35mhttp[39m]: [35mGET /api/v1/survey/bfd268f1-26a7-494e-9483-c5118680b2e7 304 - - 27.540 ms[39m
[2026-07-22 07:48:02:482] [[35mhttp[39m]: [35mPOST /api/v1/survey/lock-asset 200 541 - 13.759 ms[39m
[2026-07-22 07:48:02:482] [[35mhttp[39m]: [35mGET /api/v1/survey/bfd268f1-26a7-494e-9483-c5118680b2e7 200 8735 - 22.233 ms[39m
[2026-07-22 07:48:02:482] [[35mhttp[39m]: [35mGET /api/v1/survey/bfd268f1-26a7-494e-9483-c5118680b2e7 304 - - 34.523 ms[39m
[2026-07-22 07:48:04:484] [[35mhttp[39m]: [35mGET /api/v1/survey/bfd268f1-26a7-494e-9483-c5118680b2e7 304 - - 23.817 ms[39m
[2026-07-22 07:48:04:484] [[35mhttp[39m]: [35mGET /api/v1/survey/bfd268f1-26a7-494e-9483-c5118680b2e7 304 - - 19.633 ms[39m
[2026-07-22 07:48:09:489] [[35mhttp[39m]: [35mPOST /api/v1/survey/lock-asset 200 554 - 12.844 ms[39m
[2026-07-22 07:48:09:489] [[35mhttp[39m]: [35mGET /api/v1/survey/bfd268f1-26a7-494e-9483-c5118680b2e7 200 8735 - 20.497 ms[39m
[2026-07-22 07:48:09:489] [[35mhttp[39m]: [35mGET /api/v1/survey/bfd268f1-26a7-494e-9483-c5118680b2e7 304 - - 18.107 ms[39m
[2026-07-22 07:49:03:493] [[35mhttp[39m]: [35mGET /api/v1/survey/bfd268f1-26a7-494e-9483-c5118680b2e7 304 - - 30.496 ms[39m
[2026-07-22 07:49:03:493] [[35mhttp[39m]: [35mGET /api/v1/survey/bfd268f1-26a7-494e-9483-c5118680b2e7 304 - - 19.838 ms[39m
[2026-07-22 07:49:07:497] [[35mhttp[39m]: [35mPOST /api/v1/survey/lock-asset 200 541 - 13.753 ms[39m
[2026-07-22 07:49:07:497] [[35mhttp[39m]: [35mGET /api/v1/survey/bfd268f1-26a7-494e-9483-c5118680b2e7 200 8735 - 21.428 ms[39m
[2026-07-22 07:49:07:497] [[35mhttp[39m]: [35mGET /api/v1/survey/bfd268f1-26a7-494e-9483-c5118680b2e7 304 - - 18.226 ms[39m
[2026-07-22 07:50:48:5048] [[35mhttp[39m]: [35mGET /api/v1/survey/bfd268f1-26a7-494e-9483-c5118680b2e7 304 - - 24.938 ms[39m
[2026-07-22 07:50:48:5048] [[35mhttp[39m]: [35mGET /api/v1/photos?surveyId=bfd268f1-26a7-494e-9483-c5118680b2e7 304 - - 26.198 ms[39m
[2026-07-22 07:50:48:5048] [[35mhttp[39m]: [35mGET /api/v1/survey/bfd268f1-26a7-494e-9483-c5118680b2e7 304 - - 33.554 ms[39m
[2026-07-22 07:50:48:5048] [[35mhttp[39m]: [35mGET /api/v1/photos?surveyId=bfd268f1-26a7-494e-9483-c5118680b2e7 304 - - 6.138 ms[39m
[2026-07-22 07:51:11:5111] [[35mhttp[39m]: [35mGET /api/v1/survey-assignment 200 1068 - 10.493 ms[39m
[2026-07-22 07:51:11:5111] [[35mhttp[39m]: [35mGET /api/v1/survey-assignment 304 - - 8.268 ms[39m
[2026-07-22 07:51:12:5112] [[35mhttp[39m]: [35mGET /api/v1/survey-assignment 304 - - 12.263 ms[39m
[2026-07-22 07:51:12:5112] [[35mhttp[39m]: [35mGET /api/v1/survey-assignment 304 - - 9.203 ms[39m
[2026-07-22 07:51:12:5112] [[35mhttp[39m]: [35mGET /api/v1/survey/site/e2951ef4-a31d-467d-a209-c79df8a2d20d 200 7618 - 29.274 ms[39m
[2026-07-22 07:51:13:5113] [[35mhttp[39m]: [35mGET /api/v1/survey/site/e2951ef4-a31d-467d-a209-c79df8a2d20d 304 - - 82.561 ms[39m
[2026-07-22 07:51:17:5117] [[35mhttp[39m]: [35mGET /api/v1/survey/bfd268f1-26a7-494e-9483-c5118680b2e7 304 - - 17.302 ms[39m
[2026-07-22 07:51:17:5117] [[35mhttp[39m]: [35mGET /api/v1/survey/bfd268f1-26a7-494e-9483-c5118680b2e7 304 - - 20.950 ms[39m
[2026-07-22 07:51:22:5122] [[35mhttp[39m]: [35mPOST /api/v1/survey/lock-asset 200 788 - 16.513 ms[39m
[2026-07-22 07:51:22:5122] [[35mhttp[39m]: [35mGET /api/v1/masters/charger-manufacturer 304 - - 11.490 ms[39m
[2026-07-22 07:51:22:5122] [[35mhttp[39m]: [35mGET /api/v1/masters/connector 304 - - 41.307 ms[39m
[2026-07-22 07:51:22:5122] [[35mhttp[39m]: [35mGET /api/v1/survey/bfd268f1-26a7-494e-9483-c5118680b2e7 200 8735 - 45.524 ms[39m
[2026-07-22 07:51:22:5122] [[35mhttp[39m]: [35mGET /api/v1/masters/charger-manufacturer 304 - - 7.010 ms[39m
[2026-07-22 07:51:22:5122] [[35mhttp[39m]: [35mGET /api/v1/masters/connector 304 - - 5.147 ms[39m
[2026-07-22 07:51:22:5122] [[35mhttp[39m]: [35mGET /api/v1/masters/equipment 304 - - 93.911 ms[39m
[2026-07-22 07:51:22:5122] [[35mhttp[39m]: [35mGET /api/v1/masters/equipment 304 - - 13.171 ms[39m
[2026-07-22 07:51:22:5122] [[35mhttp[39m]: [35mGET /api/v1/survey/bfd268f1-26a7-494e-9483-c5118680b2e7 304 - - 47.991 ms[39m
[2026-07-22 07:51:25:5125] [[35mhttp[39m]: [35mGET /api/v1/photos?surveyId=bfd268f1-26a7-494e-9483-c5118680b2e7 304 - - 5.273 ms[39m
[2026-07-22 07:51:25:5125] [[35mhttp[39m]: [35mGET /api/v1/photos?surveyId=bfd268f1-26a7-494e-9483-c5118680b2e7 304 - - 4.555 ms[39m
[2026-07-22 07:51:28:5128] [[35mhttp[39m]: [35mGET /api/v1/masters/connector 304 - - 8.992 ms[39m
[2026-07-22 07:51:28:5128] [[35mhttp[39m]: [35mGET /api/v1/masters/equipment 304 - - 30.134 ms[39m
[2026-07-22 07:51:28:5128] [[35mhttp[39m]: [35mGET /api/v1/masters/charger-manufacturer 304 - - 33.870 ms[39m
[2026-07-22 07:51:28:5128] [[35mhttp[39m]: [35mGET /api/v1/survey/bfd268f1-26a7-494e-9483-c5118680b2e7 304 - - 38.400 ms[39m
[2026-07-22 07:51:28:5128] [[35mhttp[39m]: [35mGET /api/v1/masters/connector 304 - - 8.180 ms[39m
[2026-07-22 07:51:28:5128] [[35mhttp[39m]: [35mGET /api/v1/masters/charger-manufacturer 304 - - 9.067 ms[39m
[2026-07-22 07:51:28:5128] [[35mhttp[39m]: [35mGET /api/v1/masters/equipment 304 - - 19.632 ms[39m
[2026-07-22 07:51:28:5128] [[35mhttp[39m]: [35mGET /api/v1/survey/bfd268f1-26a7-494e-9483-c5118680b2e7 304 - - 25.127 ms[39m
[2026-07-22 07:51:31:5131] [[35mhttp[39m]: [35mGET /api/v1/survey/bfd268f1-26a7-494e-9483-c5118680b2e7 304 - - 29.139 ms[39m
[2026-07-22 07:51:31:5131] [[35mhttp[39m]: [35mGET /api/v1/survey/bfd268f1-26a7-494e-9483-c5118680b2e7 304 - - 19.242 ms[39m
[2026-07-22 07:51:34:5134] [[35mhttp[39m]: [35mPOST /api/v1/survey/lock-asset 200 554 - 12.229 ms[39m
[2026-07-22 07:51:34:5134] [[35mhttp[39m]: [35mGET /api/v1/masters/equipment 304 - - 23.022 ms[39m
[2026-07-22 07:51:34:5134] [[35mhttp[39m]: [35mGET /api/v1/survey/bfd268f1-26a7-494e-9483-c5118680b2e7 200 8735 - 35.390 ms[39m
[2026-07-22 07:51:34:5134] [[35mhttp[39m]: [35mGET /api/v1/masters/equipment 304 - - 8.775 ms[39m
[2026-07-22 07:51:34:5134] [[35mhttp[39m]: [35mGET /api/v1/photos?surveyId=bfd268f1-26a7-494e-9483-c5118680b2e7 304 - - 12.684 ms[39m
[2026-07-22 07:51:34:5134] [[35mhttp[39m]: [35mGET /api/v1/survey/bfd268f1-26a7-494e-9483-c5118680b2e7 304 - - 36.801 ms[39m
[2026-07-22 07:51:34:5134] [[35mhttp[39m]: [35mGET /api/v1/photos?surveyId=bfd268f1-26a7-494e-9483-c5118680b2e7 304 - - 6.595 ms[39m
[2026-07-22 07:51:36:5136] [[35mhttp[39m]: [35mGET /api/v1/survey/bfd268f1-26a7-494e-9483-c5118680b2e7 304 - - 19.465 ms[39m
[2026-07-22 07:51:36:5136] [[35mhttp[39m]: [35mGET /api/v1/survey/bfd268f1-26a7-494e-9483-c5118680b2e7 304 - - 23.161 ms[39m
[2026-07-22 07:51:39:5139] [[35mhttp[39m]: [35mPOST /api/v1/survey/lock-asset 200 554 - 12.935 ms[39m
[2026-07-22 07:51:39:5139] [[35mhttp[39m]: [35mGET /api/v1/survey/bfd268f1-26a7-494e-9483-c5118680b2e7 200 8735 - 26.720 ms[39m
[2026-07-22 07:51:39:5139] [[35mhttp[39m]: [35mGET /api/v1/photos?surveyId=bfd268f1-26a7-494e-9483-c5118680b2e7 304 - - 6.221 ms[39m
[2026-07-22 07:51:39:5139] [[35mhttp[39m]: [35mGET /api/v1/survey/bfd268f1-26a7-494e-9483-c5118680b2e7 304 - - 25.188 ms[39m
[2026-07-22 07:51:39:5139] [[35mhttp[39m]: [35mGET /api/v1/photos?surveyId=bfd268f1-26a7-494e-9483-c5118680b2e7 304 - - 6.060 ms[39m
[2026-07-22 07:51:46:5146] [[35mhttp[39m]: [35mGET /api/v1/survey/bfd268f1-26a7-494e-9483-c5118680b2e7 304 - - 26.603 ms[39m
[2026-07-22 07:51:46:5146] [[35mhttp[39m]: [35mGET /api/v1/survey/bfd268f1-26a7-494e-9483-c5118680b2e7 304 - - 18.276 ms[39m
[2026-07-22 07:51:49:5149] [[35mhttp[39m]: [35mPOST /api/v1/survey/lock-asset 200 541 - 12.191 ms[39m
[2026-07-22 07:51:49:5149] [[35mhttp[39m]: [35mGET /api/v1/survey/bfd268f1-26a7-494e-9483-c5118680b2e7 200 8735 - 21.662 ms[39m
[2026-07-22 07:51:49:5149] [[35mhttp[39m]: [35mGET /api/v1/survey/bfd268f1-26a7-494e-9483-c5118680b2e7 304 - - 20.042 ms[39m
[2026-07-22 07:51:49:5149] [[35mhttp[39m]: [35mGET /api/v1/photos?surveyId=bfd268f1-26a7-494e-9483-c5118680b2e7 304 - - 4.046 ms[39m
[2026-07-22 07:51:49:5149] [[35mhttp[39m]: [35mGET /api/v1/photos?surveyId=bfd268f1-26a7-494e-9483-c5118680b2e7 304 - - 6.087 ms[39m
[2026-07-22 07:51:55:5155] [[35mhttp[39m]: [35mGET /api/v1/survey/bfd268f1-26a7-494e-9483-c5118680b2e7 304 - - 24.259 ms[39m
[2026-07-22 07:51:55:5155] [[35mhttp[39m]: [35mGET /api/v1/survey/bfd268f1-26a7-494e-9483-c5118680b2e7 304 - - 19.671 ms[39m
[2026-07-22 07:51:59:5159] [[35mhttp[39m]: [35mPOST /api/v1/survey/lock-asset 200 541 - 11.285 ms[39m
[2026-07-22 07:51:59:5159] [[35mhttp[39m]: [35mGET /api/v1/survey/bfd268f1-26a7-494e-9483-c5118680b2e7 200 8735 - 21.149 ms[39m
[2026-07-22 07:51:59:5159] [[35mhttp[39m]: [35mGET /api/v1/photos?surveyId=bfd268f1-26a7-494e-9483-c5118680b2e7 304 - - 5.198 ms[39m
[2026-07-22 07:51:59:5159] [[35mhttp[39m]: [35mGET /api/v1/survey/bfd268f1-26a7-494e-9483-c5118680b2e7 304 - - 25.057 ms[39m
[2026-07-22 07:51:59:5159] [[35mhttp[39m]: [35mGET /api/v1/photos?surveyId=bfd268f1-26a7-494e-9483-c5118680b2e7 304 - - 5.057 ms[39m
[2026-07-22 07:52:13:5213] [[35mhttp[39m]: [35mGET /api/v1/auth/me 304 - - 4.087 ms[39m
[2026-07-22 07:52:13:5213] [[35mhttp[39m]: [35mGET /api/v1/auth/me 304 - - 4.668 ms[39m
[2026-07-22 08:59:59:5959] [[35mhttp[39m]: [35mGET /api/v1/auth/me 304 - - 100.929 ms[39m
[2026-07-22 08:59:59:5959] [[35mhttp[39m]: [35mGET /api/v1/auth/me 304 - - 2.822 ms[39m
[2026-07-22 08:59:59:5959] [[35mhttp[39m]: [35mGET /api/v1/survey/bfd268f1-26a7-494e-9483-c5118680b2e7 304 - - 92.690 ms[39m
[2026-07-22 08:59:59:5959] [[35mhttp[39m]: [35mGET /api/v1/survey/bfd268f1-26a7-494e-9483-c5118680b2e7 304 - - 50.366 ms[39m
[2026-07-22 22:23:41:2341] [[35mhttp[39m]: [35mGET /api/v1/auth/me 304 - - 148.052 ms[39m
[2026-07-22 22:23:41:2341] [[35mhttp[39m]: [35mGET /api/v1/auth/me 304 - - 6.921 ms[39m
[2026-07-22 22:23:41:2341] [[35mhttp[39m]: [35mGET /api/v1/survey/bfd268f1-26a7-494e-9483-c5118680b2e7 304 - - 49.078 ms[39m
[2026-07-22 22:23:41:2341] [[35mhttp[39m]: [35mGET /api/v1/survey/bfd268f1-26a7-494e-9483-c5118680b2e7 304 - - 31.859 ms[39m
[2026-07-22 22:38:23:3823] [[35mhttp[39m]: [35mPOST /api/v1/auth/login 200 698 - 329.847 ms[39m
[2026-07-22 22:38:23:3823] [[31merror[39m]: [31m[39m
[31mInvalid `prisma.user.count()` invocation in[39m
[31mD:\Code-SID\Blu_Smart_Charge_Survey\backend\src\modules\dashboard\dashboard.service.js:15:17[39m

[31m  12   approvedSurveyCount,[39m
[31m  13   assignmentCount,[39m
[31m  14 ] = await Promise.all([[39m
[31m→ 15   prisma.user.count([39m
[31mCan't reach database server at `127.0.0.1:5432`[39m

[31mPlease make sure your database server is running at `127.0.0.1:5432`. - /api/v1/dashboard - GET - ::1[39m
[2026-07-22 22:38:23:3823] [[35mhttp[39m]: [35mGET /api/v1/dashboard 500 136 - 72.850 ms[39m
[2026-07-22 22:38:23:3823] [[35mhttp[39m]: [35mGET /api/v1/dashboard 200 3347 - 119.320 ms[39m
[2026-07-22 22:38:28:3828] [[35mhttp[39m]: [35mGET /api/v1/masters/charger-manufacturer 304 - - 26.456 ms[39m
[2026-07-22 22:38:28:3828] [[35mhttp[39m]: [35mGET /api/v1/masters/charger-manufacturer 304 - - 15.295 ms[39m
[2026-07-22 22:38:30:3830] [[35mhttp[39m]: [35mGET /api/v1/masters/equipment 304 - - 23.914 ms[39m
[2026-07-22 22:38:30:3830] [[35mhttp[39m]: [35mGET /api/v1/masters/equipment 304 - - 9.750 ms[39m
[2026-07-22 22:38:36:3836] [[35mhttp[39m]: [35mDELETE /api/v1/masters/equipment/37c7ac6e-fcc9-4c4e-a9e4-53c833d3d5d2 200 69 - 14.305 ms[39m
[2026-07-22 22:38:36:3836] [[35mhttp[39m]: [35mGET /api/v1/masters/equipment 200 18926 - 12.012 ms[39m
[2026-07-22 22:39:21:3921] [[35mhttp[39m]: [35mGET /api/v1/masters/charger-manufacturer 304 - - 7.930 ms[39m
[2026-07-22 22:39:21:3921] [[35mhttp[39m]: [35mGET /api/v1/masters/charger-manufacturer 304 - - 6.241 ms[39m
[2026-07-22 22:39:31:3931] [[35mhttp[39m]: [35mPOST /api/v1/masters/charger-manufacturer 201 240 - 21.615 ms[39m
[2026-07-22 22:39:31:3931] [[35mhttp[39m]: [35mGET /api/v1/masters/charger-manufacturer 200 2510 - 8.345 ms[39m
[2026-07-22 22:42:21:4221] [[35mhttp[39m]: [35mGET /api/v1/masters/charger-model 304 - - 8.033 ms[39m
[2026-07-22 22:42:21:4221] [[35mhttp[39m]: [35mGET /api/v1/masters/charger-model 304 - - 8.696 ms[39m
[2026-07-22 22:42:21:4221] [[35mhttp[39m]: [35mGET /api/v1/masters/charger-manufacturer 304 - - 30.444 ms[39m
[2026-07-22 22:42:21:4221] [[35mhttp[39m]: [35mGET /api/v1/masters/charger-manufacturer 304 - - 12.127 ms[39m
[2026-07-22 22:42:34:4234] [[35mhttp[39m]: [35mGET /api/v1/masters/connector 304 - - 15.789 ms[39m
[2026-07-22 22:42:34:4234] [[35mhttp[39m]: [35mGET /api/v1/masters/connector 304 - - 8.170 ms[39m
[2026-07-22 22:42:41:4241] [[35mhttp[39m]: [35mGET /api/v1/masters/photo-category 304 - - 10.784 ms[39m
[2026-07-22 22:42:41:4241] [[35mhttp[39m]: [35mGET /api/v1/masters/photo-category 304 - - 12.576 ms[39m
[2026-07-22 22:42:42:4242] [[35mhttp[39m]: [35mGET /api/v1/masters/connector 304 - - 9.573 ms[39m
[2026-07-22 22:42:42:4242] [[35mhttp[39m]: [35mGET /api/v1/masters/connector 304 - - 6.952 ms[39m
[2026-07-22 22:42:44:4244] [[35mhttp[39m]: [35mGET /api/v1/masters/photo-category 304 - - 8.639 ms[39m
[2026-07-22 22:42:44:4244] [[35mhttp[39m]: [35mGET /api/v1/masters/photo-category 304 - - 4.333 ms[39m
[2026-07-22 22:42:57:4257] [[35mhttp[39m]: [35mGET /api/v1/auth/me 200 219 - 5.285 ms[39m
[2026-07-22 22:42:57:4257] [[35mhttp[39m]: [35mGET /api/v1/auth/me 304 - - 7.840 ms[39m
[2026-07-22 22:42:57:4257] [[35mhttp[39m]: [35mGET /api/v1/masters/photo-category 304 - - 8.887 ms[39m
[2026-07-22 22:42:57:4257] [[35mhttp[39m]: [35mGET /api/v1/masters/photo-category 304 - - 14.350 ms[39m
[2026-07-22 22:43:09:439] [[35mhttp[39m]: [35mPOST /api/v1/auth/login 200 727 - 135.665 ms[39m
[2026-07-22 22:43:09:439] [[35mhttp[39m]: [35mGET /api/v1/dashboard 304 - - 32.224 ms[39m
[2026-07-22 22:43:09:439] [[35mhttp[39m]: [35mGET /api/v1/dashboard 304 - - 41.917 ms[39m
[2026-07-22 22:43:11:4311] [[35mhttp[39m]: [35mGET /api/v1/masters/charger-manufacturer 304 - - 13.002 ms[39m
[2026-07-22 22:43:11:4311] [[35mhttp[39m]: [35mGET /api/v1/masters/connector 304 - - 15.691 ms[39m
[2026-07-22 22:43:11:4311] [[35mhttp[39m]: [35mGET /api/v1/survey-sites 200 1073 - 30.167 ms[39m
[2026-07-22 22:43:11:4311] [[35mhttp[39m]: [35mGET /api/v1/masters/equipment 304 - - 17.006 ms[39m
[2026-07-22 22:43:11:4311] [[35mhttp[39m]: [35mGET /api/v1/survey-sites 304 - - 19.696 ms[39m
[2026-07-22 22:43:11:4311] [[35mhttp[39m]: [35mGET /api/v1/masters/charger-manufacturer 304 - - 15.585 ms[39m
[2026-07-22 22:43:11:4311] [[35mhttp[39m]: [35mGET /api/v1/masters/connector 304 - - 7.274 ms[39m
[2026-07-22 22:43:11:4311] [[35mhttp[39m]: [35mGET /api/v1/survey 200 2107 - 31.980 ms[39m
[2026-07-22 22:43:11:4311] [[35mhttp[39m]: [35mGET /api/v1/masters/equipment 304 - - 10.196 ms[39m
[2026-07-22 22:43:11:4311] [[35mhttp[39m]: [35mGET /api/v1/survey 304 - - 18.579 ms[39m
[2026-07-22 22:43:14:4314] [[35mhttp[39m]: [35mGET /api/v1/survey-sites 304 - - 10.717 ms[39m
[2026-07-22 22:43:14:4314] [[35mhttp[39m]: [35mGET /api/v1/survey-sites 304 - - 17.401 ms[39m
[2026-07-22 22:43:19:4319] [[35mhttp[39m]: [35mGET /api/v1/survey-sites 304 - - 10.654 ms[39m
[2026-07-22 22:43:19:4319] [[35mhttp[39m]: [35mGET /api/v1/survey-sites 304 - - 20.898 ms[39m
[2026-07-22 22:43:24:4324] [[35mhttp[39m]: [35mGET /api/v1/survey-sites 304 - - 202.529 ms[39m
[2026-07-22 22:43:24:4324] [[35mhttp[39m]: [35mGET /api/v1/masters/equipment 304 - - 274.815 ms[39m
[2026-07-22 22:43:24:4324] [[35mhttp[39m]: [35mGET /api/v1/masters/charger-manufacturer 304 - - 297.847 ms[39m
[2026-07-22 22:43:24:4324] [[35mhttp[39m]: [35mGET /api/v1/survey 304 - - 308.040 ms[39m
[2026-07-22 22:43:24:4324] [[35mhttp[39m]: [35mGET /api/v1/masters/connector 304 - - 297.176 ms[39m
[2026-07-22 22:43:24:4324] [[35mhttp[39m]: [35mGET /api/v1/masters/equipment 304 - - 18.338 ms[39m
[2026-07-22 22:43:24:4324] [[35mhttp[39m]: [35mGET /api/v1/survey-sites 304 - - 27.670 ms[39m
[2026-07-22 22:43:24:4324] [[35mhttp[39m]: [35mGET /api/v1/masters/charger-manufacturer 304 - - 21.430 ms[39m
[2026-07-22 22:43:24:4324] [[35mhttp[39m]: [35mGET /api/v1/masters/connector 304 - - 22.042 ms[39m
[2026-07-22 22:43:24:4324] [[35mhttp[39m]: [35mGET /api/v1/survey 304 - - 33.113 ms[39m
[2026-07-22 22:43:43:4343] [[35mhttp[39m]: [35mPOST /api/v1/auth/login 200 743 - 146.681 ms[39m
[2026-07-22 22:43:46:4346] [[35mhttp[39m]: [35mGET /api/v1/survey-assignment 304 - - 17.586 ms[39m
[2026-07-22 22:43:46:4346] [[35mhttp[39m]: [35mGET /api/v1/survey-assignment 304 - - 11.626 ms[39m
[2026-07-22 22:43:48:4348] [[35mhttp[39m]: [35mGET /api/v1/survey-assignment 304 - - 10.359 ms[39m
[2026-07-22 22:43:48:4348] [[35mhttp[39m]: [35mGET /api/v1/survey-assignment 304 - - 15.805 ms[39m
[2026-07-22 22:43:48:4348] [[35mhttp[39m]: [35mGET /api/v1/survey/site/e2951ef4-a31d-467d-a209-c79df8a2d20d 200 7618 - 50.325 ms[39m
[2026-07-22 22:43:49:4349] [[35mhttp[39m]: [35mGET /api/v1/survey/site/e2951ef4-a31d-467d-a209-c79df8a2d20d 304 - - 27.520 ms[39m
[2026-07-22 22:43:53:4353] [[35mhttp[39m]: [35mGET /api/v1/survey/bfd268f1-26a7-494e-9483-c5118680b2e7 304 - - 41.060 ms[39m
[2026-07-22 22:43:54:4354] [[35mhttp[39m]: [35mGET /api/v1/survey/bfd268f1-26a7-494e-9483-c5118680b2e7 304 - - 24.556 ms[39m
[2026-07-22 22:44:10:4410] [[35mhttp[39m]: [35mPOST /api/v1/survey/lock-asset 200 788 - 27.057 ms[39m
[2026-07-22 22:44:10:4410] [[35mhttp[39m]: [35mGET /api/v1/masters/connector 304 - - 14.929 ms[39m
[2026-07-22 22:44:10:4410] [[35mhttp[39m]: [35mGET /api/v1/masters/equipment 304 - - 15.733 ms[39m
[2026-07-22 22:44:10:4410] [[35mhttp[39m]: [35mGET /api/v1/masters/charger-manufacturer 304 - - 46.932 ms[39m
[2026-07-22 22:44:10:4410] [[35mhttp[39m]: [35mGET /api/v1/survey/bfd268f1-26a7-494e-9483-c5118680b2e7 200 8735 - 53.558 ms[39m
[2026-07-22 22:44:10:4410] [[35mhttp[39m]: [35mGET /api/v1/masters/connector 304 - - 7.190 ms[39m
[2026-07-22 22:44:10:4410] [[35mhttp[39m]: [35mGET /api/v1/masters/equipment 304 - - 16.758 ms[39m
[2026-07-22 22:44:10:4410] [[35mhttp[39m]: [35mGET /api/v1/masters/charger-manufacturer 304 - - 7.950 ms[39m
[2026-07-22 22:44:10:4410] [[35mhttp[39m]: [35mGET /api/v1/survey/bfd268f1-26a7-494e-9483-c5118680b2e7 304 - - 33.318 ms[39m
[2026-07-22 22:44:15:4415] [[35mhttp[39m]: [35mGET /api/v1/photos?surveyId=bfd268f1-26a7-494e-9483-c5118680b2e7 304 - - 8.109 ms[39m
[2026-07-22 22:44:15:4415] [[35mhttp[39m]: [35mGET /api/v1/photos?surveyId=bfd268f1-26a7-494e-9483-c5118680b2e7 304 - - 8.209 ms[39m
[2026-07-22 22:44:51:4451] [[35mhttp[39m]: [35mPOST /api/v1/auth/login 200 743 - 153.764 ms[39m
[2026-07-22 22:48:51:4851] [[35mhttp[39m]: [35mGET /api/v1/survey-assignment 304 - - 96.468 ms[39m
[2026-07-22 22:48:51:4851] [[35mhttp[39m]: [35mGET /api/v1/survey-assignment 304 - - 5.443 ms[39m
[2026-07-22 22:48:55:4855] [[35mhttp[39m]: [35mGET /api/v1/survey 304 - - 15.676 ms[39m
[2026-07-22 22:48:55:4855] [[35mhttp[39m]: [35mGET /api/v1/survey 304 - - 12.179 ms[39m
[2026-07-22 22:48:59:4859] [[35mhttp[39m]: [35mGET /api/v1/survey 304 - - 12.713 ms[39m
[2026-07-22 22:48:59:4859] [[35mhttp[39m]: [35mGET /api/v1/survey 304 - - 12.466 ms[39m
[2026-07-22 22:49:00:490] [[35mhttp[39m]: [35mGET /api/v1/survey-assignment 304 - - 7.571 ms[39m
[2026-07-22 22:49:00:490] [[35mhttp[39m]: [35mGET /api/v1/survey-assignment 304 - - 9.431 ms[39m
[2026-07-22 22:49:03:493] [[35mhttp[39m]: [35mGET /api/v1/survey-assignment 304 - - 8.319 ms[39m
[2026-07-22 22:49:03:493] [[35mhttp[39m]: [35mGET /api/v1/survey-assignment 304 - - 9.770 ms[39m
[2026-07-22 22:49:03:493] [[35mhttp[39m]: [35mGET /api/v1/survey/site/e2951ef4-a31d-467d-a209-c79df8a2d20d 200 7618 - 119.337 ms[39m
[2026-07-22 22:49:03:493] [[35mhttp[39m]: [35mGET /api/v1/survey/site/e2951ef4-a31d-467d-a209-c79df8a2d20d 304 - - 19.326 ms[39m
[2026-07-22 22:49:08:498] [[35mhttp[39m]: [35mGET /api/v1/survey/bfd268f1-26a7-494e-9483-c5118680b2e7 304 - - 52.358 ms[39m
[2026-07-22 22:49:09:499] [[35mhttp[39m]: [35mGET /api/v1/survey/bfd268f1-26a7-494e-9483-c5118680b2e7 304 - - 26.660 ms[39m
[2026-07-22 22:49:17:4917] [[35mhttp[39m]: [35mPOST /api/v1/survey/lock-asset 200 788 - 16.835 ms[39m
[2026-07-22 22:49:17:4917] [[35mhttp[39m]: [35mGET /api/v1/masters/equipment 304 - - 58.471 ms[39m
[2026-07-22 22:49:17:4917] [[35mhttp[39m]: [35mGET /api/v1/survey/bfd268f1-26a7-494e-9483-c5118680b2e7 200 8735 - 72.753 ms[39m
[2026-07-22 22:49:17:4917] [[35mhttp[39m]: [35mGET /api/v1/masters/equipment 304 - - 13.118 ms[39m
[2026-07-22 22:49:17:4917] [[35mhttp[39m]: [35mGET /api/v1/survey/bfd268f1-26a7-494e-9483-c5118680b2e7 304 - - 30.734 ms[39m
[2026-07-22 22:49:17:4917] [[35mhttp[39m]: [35mGET /api/v1/masters/connector 304 - - 149.951 ms[39m
[2026-07-22 22:49:17:4917] [[35mhttp[39m]: [35mGET /api/v1/masters/connector 304 - - 6.512 ms[39m
[2026-07-22 22:49:17:4917] [[35mhttp[39m]: [35mGET /api/v1/masters/charger-manufacturer 304 - - 210.325 ms[39m
[2026-07-22 22:49:17:4917] [[35mhttp[39m]: [35mGET /api/v1/masters/charger-manufacturer 304 - - 10.211 ms[39m
[2026-07-22 22:49:23:4923] [[35mhttp[39m]: [35mPOST /api/v1/survey/save-asset 200 894 - 62.369 ms[39m
[2026-07-22 22:49:23:4923] [[35mhttp[39m]: [35mGET /api/v1/survey/bfd268f1-26a7-494e-9483-c5118680b2e7 200 8730 - 28.203 ms[39m
[2026-07-22 22:49:23:4923] [[35mhttp[39m]: [35mGET /api/v1/survey/bfd268f1-26a7-494e-9483-c5118680b2e7 304 - - 32.214 ms[39m
[2026-07-22 22:49:27:4927] [[35mhttp[39m]: [35mGET /api/v1/survey/bfd268f1-26a7-494e-9483-c5118680b2e7 304 - - 26.715 ms[39m
[2026-07-22 22:49:28:4928] [[35mhttp[39m]: [35mGET /api/v1/survey/bfd268f1-26a7-494e-9483-c5118680b2e7 304 - - 30.907 ms[39m
[2026-07-22 22:49:29:4929] [[35mhttp[39m]: [35mGET /api/v1/survey/bfd268f1-26a7-494e-9483-c5118680b2e7 304 - - 29.935 ms[39m
[2026-07-22 22:49:29:4929] [[35mhttp[39m]: [35mGET /api/v1/survey/bfd268f1-26a7-494e-9483-c5118680b2e7 304 - - 22.157 ms[39m
[2026-07-22 22:49:29:4929] [[35mhttp[39m]: [35mGET /api/v1/survey/bfd268f1-26a7-494e-9483-c5118680b2e7 304 - - 19.540 ms[39m
[2026-07-22 22:50:06:506] [[35mhttp[39m]: [35mPOST /api/v1/survey/lock-asset 200 554 - 15.952 ms[39m
[2026-07-22 22:50:06:506] [[35mhttp[39m]: [35mGET /api/v1/survey/bfd268f1-26a7-494e-9483-c5118680b2e7 200 8730 - 29.650 ms[39m
[2026-07-22 22:50:06:506] [[35mhttp[39m]: [35mGET /api/v1/survey/bfd268f1-26a7-494e-9483-c5118680b2e7 304 - - 39.986 ms[39m
[2026-07-22 22:50:06:506] [[35mhttp[39m]: [35mGET /api/v1/photos?surveyId=bfd268f1-26a7-494e-9483-c5118680b2e7 304 - - 19.320 ms[39m
[2026-07-22 22:50:06:506] [[35mhttp[39m]: [35mGET /api/v1/photos?surveyId=bfd268f1-26a7-494e-9483-c5118680b2e7 304 - - 3.588 ms[39m
[2026-07-22 22:50:09:509] [[35mhttp[39m]: [35mPOST /api/v1/survey/save-asset 200 536 - 39.303 ms[39m
[2026-07-22 22:50:09:509] [[35mhttp[39m]: [35mGET /api/v1/survey/bfd268f1-26a7-494e-9483-c5118680b2e7 200 8601 - 26.104 ms[39m
[2026-07-22 22:50:09:509] [[35mhttp[39m]: [35mGET /api/v1/survey/bfd268f1-26a7-494e-9483-c5118680b2e7 304 - - 21.488 ms[39m
[2026-07-22 22:51:32:5132] [[35mhttp[39m]: [35mPOST /api/v1/survey/lock-asset 200 788 - 16.453 ms[39m
[2026-07-22 22:51:32:5132] [[35mhttp[39m]: [35mGET /api/v1/masters/charger-manufacturer 304 - - 37.286 ms[39m
[2026-07-22 22:51:32:5132] [[35mhttp[39m]: [35mGET /api/v1/masters/connector 304 - - 44.739 ms[39m
[2026-07-22 22:51:32:5132] [[35mhttp[39m]: [35mGET /api/v1/masters/equipment 304 - - 45.293 ms[39m
[2026-07-22 22:51:32:5132] [[35mhttp[39m]: [35mGET /api/v1/survey/bfd268f1-26a7-494e-9483-c5118680b2e7 200 8601 - 51.378 ms[39m
[2026-07-22 22:51:32:5132] [[35mhttp[39m]: [35mGET /api/v1/masters/connector 304 - - 5.766 ms[39m
[2026-07-22 22:51:32:5132] [[35mhttp[39m]: [35mGET /api/v1/masters/charger-manufacturer 304 - - 13.175 ms[39m
[2026-07-22 22:51:32:5132] [[35mhttp[39m]: [35mGET /api/v1/masters/equipment 304 - - 7.983 ms[39m
[2026-07-22 22:51:32:5132] [[35mhttp[39m]: [35mGET /api/v1/survey/bfd268f1-26a7-494e-9483-c5118680b2e7 304 - - 23.330 ms[39m
[2026-07-22 22:52:48:5248] [[35mhttp[39m]: [35mPOST /api/v1/auth/login 200 743 - 134.833 ms[39m
[2026-07-22 22:53:05:535] [[35mhttp[39m]: [35mPOST /api/v1/auth/login 200 698 - 138.228 ms[39m
[2026-07-22 22:53:05:535] [[35mhttp[39m]: [35mGET /api/v1/dashboard 304 - - 105.880 ms[39m
[2026-07-22 22:53:05:535] [[35mhttp[39m]: [35mGET /api/v1/dashboard 304 - - 18.431 ms[39m
[2026-07-22 22:54:45:5445] [[35mhttp[39m]: [35mGET /api/v1/survey-assignment 200 1068 - 111.317 ms[39m
[2026-07-22 22:54:45:5445] [[35mhttp[39m]: [35mGET /api/v1/survey-assignment 304 - - 6.359 ms[39m
[2026-07-22 22:55:49:5549] [[35mhttp[39m]: [35mGET /api/v1/survey-assignment 304 - - 10.580 ms[39m
[2026-07-22 22:55:49:5549] [[35mhttp[39m]: [35mGET /api/v1/survey-assignment 304 - - 15.326 ms[39m
[2026-07-22 22:55:49:5549] [[35mhttp[39m]: [35mGET /api/v1/survey/site/e2951ef4-a31d-467d-a209-c79df8a2d20d 200 7484 - 48.384 ms[39m
[2026-07-22 22:55:49:5549] [[35mhttp[39m]: [35mGET /api/v1/survey/site/e2951ef4-a31d-467d-a209-c79df8a2d20d 304 - - 19.121 ms[39m
[2026-07-22 22:55:59:5559] [[35mhttp[39m]: [35mGET /api/v1/survey/bfd268f1-26a7-494e-9483-c5118680b2e7 200 8601 - 29.696 ms[39m
[2026-07-22 22:55:59:5559] [[35mhttp[39m]: [35mGET /api/v1/survey/bfd268f1-26a7-494e-9483-c5118680b2e7 304 - - 24.327 ms[39m
[2026-07-22 22:56:07:567] [[35mhttp[39m]: [35mPOST /api/v1/survey/lock-asset 200 554 - 16.924 ms[39m
[2026-07-22 22:56:07:567] [[35mhttp[39m]: [35mGET /api/v1/masters/equipment 200 18926 - 15.657 ms[39m
[2026-07-22 22:56:07:567] [[35mhttp[39m]: [35mGET /api/v1/survey/bfd268f1-26a7-494e-9483-c5118680b2e7 200 8601 - 31.680 ms[39m
[2026-07-22 22:56:07:567] [[35mhttp[39m]: [35mGET /api/v1/masters/equipment 304 - - 21.412 ms[39m
[2026-07-22 22:56:07:567] [[35mhttp[39m]: [35mGET /api/v1/survey/bfd268f1-26a7-494e-9483-c5118680b2e7 304 - - 43.802 ms[39m
[2026-07-22 22:56:07:567] [[35mhttp[39m]: [35mGET /api/v1/photos?surveyId=bfd268f1-26a7-494e-9483-c5118680b2e7 200 77 - 100.018 ms[39m
[2026-07-22 22:56:07:567] [[35mhttp[39m]: [35mGET /api/v1/photos?surveyId=bfd268f1-26a7-494e-9483-c5118680b2e7 304 - - 5.248 ms[39m
[2026-07-22 22:59:52:5952] [[35mhttp[39m]: [35mGET /api/v1/masters/equipment 304 - - 16.238 ms[39m
[2026-07-22 22:59:52:5952] [[35mhttp[39m]: [35mGET /api/v1/masters/equipment 304 - - 12.916 ms[39m
[2026-07-22 23:00:09:09] [[35mhttp[39m]: [35mGET /api/v1/masters/equipment 304 - - 12.282 ms[39m
[2026-07-22 23:00:09:09] [[35mhttp[39m]: [35mGET /api/v1/masters/equipment 304 - - 11.735 ms[39m
[2026-07-22 23:00:11:011] [[35mhttp[39m]: [35mGET /api/v1/masters/charger-manufacturer 304 - - 16.540 ms[39m
[2026-07-22 23:00:11:011] [[35mhttp[39m]: [35mGET /api/v1/masters/charger-manufacturer 304 - - 10.069 ms[39m
[2026-07-22 23:00:12:012] [[35mhttp[39m]: [35mGET /api/v1/masters/charger-manufacturer 304 - - 11.497 ms[39m
[2026-07-22 23:00:12:012] [[35mhttp[39m]: [35mGET /api/v1/masters/charger-manufacturer 304 - - 9.284 ms[39m
[2026-07-22 23:00:12:012] [[35mhttp[39m]: [35mGET /api/v1/masters/charger-model 304 - - 119.432 ms[39m
[2026-07-22 23:00:12:012] [[35mhttp[39m]: [35mGET /api/v1/masters/charger-model 304 - - 8.447 ms[39m
[2026-07-22 23:00:52:052] [[35mhttp[39m]: [35mGET /api/v1/survey-assignment 304 - - 18.351 ms[39m
[2026-07-22 23:00:52:052] [[35mhttp[39m]: [35mGET /api/v1/survey-assignment 304 - - 5.885 ms[39m
[2026-07-22 23:00:55:055] [[35mhttp[39m]: [35mGET /api/v1/survey-assignment 304 - - 9.518 ms[39m
[2026-07-22 23:00:55:055] [[35mhttp[39m]: [35mGET /api/v1/survey-assignment 304 - - 10.152 ms[39m
[2026-07-22 23:00:55:055] [[35mhttp[39m]: [35mGET /api/v1/survey/site/e2951ef4-a31d-467d-a209-c79df8a2d20d 200 7484 - 45.286 ms[39m
[2026-07-22 23:00:55:055] [[35mhttp[39m]: [35mGET /api/v1/survey/site/e2951ef4-a31d-467d-a209-c79df8a2d20d 304 - - 19.291 ms[39m
[2026-07-22 23:02:48:248] [[35mhttp[39m]: [35mGET /api/v1/survey/bfd268f1-26a7-494e-9483-c5118680b2e7 304 - - 132.949 ms[39m
[2026-07-22 23:02:48:248] [[35mhttp[39m]: [35mGET /api/v1/survey/bfd268f1-26a7-494e-9483-c5118680b2e7 304 - - 30.738 ms[39m
[2026-07-22 23:02:53:253] [[35mhttp[39m]: [35mGET /api/v1/survey-assignment 304 - - 20.980 ms[39m
[2026-07-22 23:02:53:253] [[35mhttp[39m]: [35mGET /api/v1/survey-assignment 304 - - 13.574 ms[39m
[2026-07-22 23:02:53:253] [[35mhttp[39m]: [35mGET /api/v1/survey/site/e2951ef4-a31d-467d-a209-c79df8a2d20d 304 - - 35.062 ms[39m
[2026-07-22 23:02:53:253] [[35mhttp[39m]: [35mGET /api/v1/survey/site/e2951ef4-a31d-467d-a209-c79df8a2d20d 304 - - 22.517 ms[39m
[2026-07-22 23:03:03:33] [[35mhttp[39m]: [35mGET /api/v1/survey/bfd268f1-26a7-494e-9483-c5118680b2e7 304 - - 32.962 ms[39m
[2026-07-22 23:03:03:33] [[35mhttp[39m]: [35mGET /api/v1/survey/bfd268f1-26a7-494e-9483-c5118680b2e7 304 - - 27.706 ms[39m
[2026-07-22 23:03:09:39] [[35mhttp[39m]: [35mGET /api/v1/survey-assignment 304 - - 7.790 ms[39m
[2026-07-22 23:03:09:39] [[35mhttp[39m]: [35mGET /api/v1/survey-assignment 304 - - 9.776 ms[39m
[2026-07-22 23:03:09:39] [[35mhttp[39m]: [35mGET /api/v1/survey/site/e2951ef4-a31d-467d-a209-c79df8a2d20d 304 - - 20.977 ms[39m
[2026-07-22 23:03:09:39] [[35mhttp[39m]: [35mGET /api/v1/survey/site/e2951ef4-a31d-467d-a209-c79df8a2d20d 304 - - 19.829 ms[39m
[2026-07-22 23:03:35:335] [[35mhttp[39m]: [35mGET /api/v1/survey/bfd268f1-26a7-494e-9483-c5118680b2e7 304 - - 61.321 ms[39m
[2026-07-22 23:03:35:335] [[35mhttp[39m]: [35mGET /api/v1/survey/bfd268f1-26a7-494e-9483-c5118680b2e7 304 - - 58.072 ms[39m
[2026-07-22 23:04:25:425] [[35mhttp[39m]: [35mGET /api/v1/masters/charger-manufacturer 200 2510 - 22.602 ms[39m
[2026-07-22 23:04:25:425] [[35mhttp[39m]: [35mGET /api/v1/masters/charger-manufacturer 304 - - 13.160 ms[39m
[2026-07-22 23:04:26:426] [[35mhttp[39m]: [35mGET /api/v1/masters/connector 200 870 - 154.540 ms[39m
[2026-07-22 23:04:26:426] [[35mhttp[39m]: [35mGET /api/v1/masters/equipment 304 - - 183.395 ms[39m
[2026-07-22 23:04:26:426] [[35mhttp[39m]: [35mGET /api/v1/masters/connector 304 - - 9.816 ms[39m
[2026-07-22 23:04:26:426] [[35mhttp[39m]: [35mGET /api/v1/masters/equipment 304 - - 33.066 ms[39m
[2026-07-22 23:04:26:426] [[35mhttp[39m]: [35mGET /api/v1/survey/bfd268f1-26a7-494e-9483-c5118680b2e7 304 - - 226.353 ms[39m
[2026-07-22 23:04:26:426] [[35mhttp[39m]: [35mGET /api/v1/survey/bfd268f1-26a7-494e-9483-c5118680b2e7 304 - - 22.598 ms[39m
[2026-07-22 23:06:46:646] [[35mhttp[39m]: [35mPOST /api/v1/survey/save-asset 400 154 - 18.058 ms[39m
[2026-07-22 23:06:55:655] [[35mhttp[39m]: [35mPOST /api/v1/survey/save-asset 400 154 - 5.808 ms[39m
[2026-07-22 23:06:56:656] [[35mhttp[39m]: [35mPOST /api/v1/survey/save-asset 400 154 - 8.950 ms[39m
[2026-07-22 23:06:57:657] [[35mhttp[39m]: [35mPOST /api/v1/survey/save-asset 400 154 - 7.672 ms[39m
[2026-07-22 23:06:57:657] [[35mhttp[39m]: [35mPOST /api/v1/survey/save-asset 400 154 - 9.825 ms[39m
[2026-07-22 23:06:58:658] [[35mhttp[39m]: [35mPOST /api/v1/survey/save-asset 400 154 - 11.669 ms[39m
[2026-07-22 23:07:03:73] [[35mhttp[39m]: [35mGET /api/v1/survey-assignment 304 - - 15.042 ms[39m
[2026-07-22 23:07:03:73] [[35mhttp[39m]: [35mGET /api/v1/survey-assignment 304 - - 13.003 ms[39m
[2026-07-22 23:07:05:75] [[35mhttp[39m]: [35mGET /api/v1/survey-assignment 304 - - 17.950 ms[39m
[2026-07-22 23:07:05:75] [[35mhttp[39m]: [35mGET /api/v1/survey-assignment 304 - - 17.473 ms[39m
[2026-07-22 23:07:05:75] [[35mhttp[39m]: [35mGET /api/v1/survey/site/e2951ef4-a31d-467d-a209-c79df8a2d20d 304 - - 75.575 ms[39m
[2026-07-22 23:07:05:75] [[35mhttp[39m]: [35mGET /api/v1/survey/site/e2951ef4-a31d-467d-a209-c79df8a2d20d 304 - - 32.283 ms[39m
[2026-07-22 23:07:10:710] [[35mhttp[39m]: [35mGET /api/v1/survey/bfd268f1-26a7-494e-9483-c5118680b2e7 304 - - 44.505 ms[39m
[2026-07-22 23:07:10:710] [[35mhttp[39m]: [35mGET /api/v1/survey/bfd268f1-26a7-494e-9483-c5118680b2e7 304 - - 31.282 ms[39m
[2026-07-22 23:07:13:713] [[35mhttp[39m]: [35mPOST /api/v1/survey/lock-asset 200 554 - 21.350 ms[39m
[2026-07-22 23:07:13:713] [[35mhttp[39m]: [35mGET /api/v1/masters/equipment 304 - - 24.048 ms[39m
[2026-07-22 23:07:13:713] [[35mhttp[39m]: [35mGET /api/v1/survey/bfd268f1-26a7-494e-9483-c5118680b2e7 200 8601 - 50.050 ms[39m
[2026-07-22 23:07:13:713] [[35mhttp[39m]: [35mGET /api/v1/masters/equipment 304 - - 69.486 ms[39m
[2026-07-22 23:07:13:713] [[35mhttp[39m]: [35mGET /api/v1/photos?surveyId=bfd268f1-26a7-494e-9483-c5118680b2e7 304 - - 19.754 ms[39m
[2026-07-22 23:07:13:713] [[35mhttp[39m]: [35mGET /api/v1/survey/bfd268f1-26a7-494e-9483-c5118680b2e7 304 - - 69.457 ms[39m
[2026-07-22 23:07:13:713] [[35mhttp[39m]: [35mGET /api/v1/photos?surveyId=bfd268f1-26a7-494e-9483-c5118680b2e7 304 - - 4.954 ms[39m
[2026-07-22 23:07:54:754] [[35mhttp[39m]: [35mGET /api/v1/survey-assignment 304 - - 33.976 ms[39m
[2026-07-22 23:07:54:754] [[35mhttp[39m]: [35mGET /api/v1/survey-assignment 304 - - 13.592 ms[39m
[2026-07-22 23:07:56:756] [[35mhttp[39m]: [35mGET /api/v1/survey-assignment 304 - - 12.031 ms[39m
[2026-07-22 23:07:56:756] [[35mhttp[39m]: [35mGET /api/v1/survey-assignment 304 - - 20.204 ms[39m
[2026-07-22 23:07:56:756] [[35mhttp[39m]: [35mGET /api/v1/survey/site/e2951ef4-a31d-467d-a209-c79df8a2d20d 200 7484 - 30.224 ms[39m
[2026-07-22 23:07:56:756] [[35mhttp[39m]: [35mGET /api/v1/survey/site/e2951ef4-a31d-467d-a209-c79df8a2d20d 304 - - 27.474 ms[39m
[2026-07-22 23:07:59:759] [[35mhttp[39m]: [35mGET /api/v1/survey/bfd268f1-26a7-494e-9483-c5118680b2e7 304 - - 31.209 ms[39m
[2026-07-22 23:07:59:759] [[35mhttp[39m]: [35mGET /api/v1/survey/bfd268f1-26a7-494e-9483-c5118680b2e7 304 - - 69.898 ms[39m
[2026-07-22 23:08:05:85] [[35mhttp[39m]: [35mGET /api/v1/survey/bfd268f1-26a7-494e-9483-c5118680b2e7 304 - - 33.310 ms[39m
[2026-07-22 23:08:05:85] [[35mhttp[39m]: [35mGET /api/v1/photos?surveyId=bfd268f1-26a7-494e-9483-c5118680b2e7 304 - - 6.990 ms[39m
[2026-07-22 23:08:05:85] [[35mhttp[39m]: [35mGET /api/v1/survey/bfd268f1-26a7-494e-9483-c5118680b2e7 304 - - 33.003 ms[39m
[2026-07-22 23:08:05:85] [[35mhttp[39m]: [35mGET /api/v1/photos?surveyId=bfd268f1-26a7-494e-9483-c5118680b2e7 304 - - 6.966 ms[39m
[2026-07-22 23:08:17:817] [[35mhttp[39m]: [35mGET /api/v1/survey-assignment 304 - - 23.182 ms[39m
[2026-07-22 23:08:17:817] [[35mhttp[39m]: [35mGET /api/v1/survey-assignment 304 - - 10.981 ms[39m
[2026-07-22 23:08:19:819] [[35mhttp[39m]: [35mGET /api/v1/survey-assignment 304 - - 14.958 ms[39m
[2026-07-22 23:08:19:819] [[35mhttp[39m]: [35mGET /api/v1/survey-assignment 304 - - 8.358 ms[39m
[2026-07-22 23:08:19:819] [[35mhttp[39m]: [35mGET /api/v1/survey/site/e2951ef4-a31d-467d-a209-c79df8a2d20d 304 - - 50.253 ms[39m
[2026-07-22 23:08:19:819] [[35mhttp[39m]: [35mGET /api/v1/survey/site/e2951ef4-a31d-467d-a209-c79df8a2d20d 304 - - 90.918 ms[39m
[2026-07-22 23:08:22:822] [[35mhttp[39m]: [35mGET /api/v1/survey/bfd268f1-26a7-494e-9483-c5118680b2e7 304 - - 36.587 ms[39m
[2026-07-22 23:08:22:822] [[35mhttp[39m]: [35mGET /api/v1/survey/bfd268f1-26a7-494e-9483-c5118680b2e7 304 - - 20.660 ms[39m
[2026-07-22 23:08:34:834] [[35mhttp[39m]: [35mPOST /api/v1/survey/lock-asset 200 541 - 15.282 ms[39m
[2026-07-22 23:08:34:834] [[35mhttp[39m]: [35mGET /api/v1/survey/bfd268f1-26a7-494e-9483-c5118680b2e7 200 8601 - 24.295 ms[39m
[2026-07-22 23:08:34:834] [[35mhttp[39m]: [35mGET /api/v1/photos?surveyId=bfd268f1-26a7-494e-9483-c5118680b2e7 304 - - 63.205 ms[39m
[2026-07-22 23:08:34:834] [[35mhttp[39m]: [35mGET /api/v1/survey/bfd268f1-26a7-494e-9483-c5118680b2e7 304 - - 80.085 ms[39m
[2026-07-22 23:08:34:834] [[35mhttp[39m]: [35mGET /api/v1/photos?surveyId=bfd268f1-26a7-494e-9483-c5118680b2e7 304 - - 10.630 ms[39m
[2026-07-22 23:08:58:858] [[35mhttp[39m]: [35mGET /api/v1/masters/equipment 304 - - 18.159 ms[39m
[2026-07-22 23:08:58:858] [[35mhttp[39m]: [35mGET /api/v1/masters/connector 304 - - 22.152 ms[39m
[2026-07-22 23:08:58:858] [[35mhttp[39m]: [35mGET /api/v1/masters/equipment 304 - - 18.791 ms[39m
[2026-07-22 23:08:58:858] [[35mhttp[39m]: [35mGET /api/v1/masters/connector 304 - - 51.043 ms[39m
[2026-07-22 23:08:58:858] [[35mhttp[39m]: [35mGET /api/v1/survey 200 2107 - 90.113 ms[39m
[2026-07-22 23:08:58:858] [[35mhttp[39m]: [35mGET /api/v1/survey 304 - - 20.837 ms[39m
[2026-07-22 23:08:58:858] [[35mhttp[39m]: [35mGET /api/v1/masters/charger-manufacturer 304 - - 214.176 ms[39m
[2026-07-22 23:08:58:858] [[35mhttp[39m]: [35mGET /api/v1/survey-sites 200 592 - 248.398 ms[39m
[2026-07-22 23:08:58:858] [[35mhttp[39m]: [35mGET /api/v1/masters/charger-manufacturer 304 - - 16.785 ms[39m
[2026-07-22 23:08:58:858] [[35mhttp[39m]: [35mGET /api/v1/survey-sites 304 - - 27.407 ms[39m
[2026-07-22 23:09:03:93] [[35mhttp[39m]: [35mGET /api/v1/survey-assignment 304 - - 25.333 ms[39m
[2026-07-22 23:09:03:93] [[35mhttp[39m]: [35mGET /api/v1/survey-assignment 304 - - 19.628 ms[39m
[2026-07-22 23:09:05:95] [[35mhttp[39m]: [35mGET /api/v1/survey-assignment 304 - - 9.535 ms[39m
[2026-07-22 23:09:05:95] [[35mhttp[39m]: [35mGET /api/v1/survey-assignment 304 - - 14.017 ms[39m
[2026-07-22 23:09:05:95] [[35mhttp[39m]: [35mGET /api/v1/survey/site/e2951ef4-a31d-467d-a209-c79df8a2d20d 200 7484 - 63.035 ms[39m
[2026-07-22 23:09:05:95] [[35mhttp[39m]: [35mGET /api/v1/survey/site/e2951ef4-a31d-467d-a209-c79df8a2d20d 304 - - 88.404 ms[39m
[2026-07-22 23:09:12:912] [[35mhttp[39m]: [35mGET /api/v1/survey/bfd268f1-26a7-494e-9483-c5118680b2e7 304 - - 36.562 ms[39m
[2026-07-22 23:09:12:912] [[35mhttp[39m]: [35mGET /api/v1/survey/bfd268f1-26a7-494e-9483-c5118680b2e7 304 - - 30.036 ms[39m
[2026-07-22 23:09:29:929] [[35mhttp[39m]: [35mGET /api/v1/masters/charger-manufacturer 304 - - 34.788 ms[39m
[2026-07-22 23:09:29:929] [[35mhttp[39m]: [35mGET /api/v1/masters/charger-manufacturer 304 - - 13.809 ms[39m
[2026-07-22 23:09:29:929] [[35mhttp[39m]: [35mGET /api/v1/survey/bfd268f1-26a7-494e-9483-c5118680b2e7 304 - - 79.058 ms[39m
[2026-07-22 23:09:29:929] [[35mhttp[39m]: [35mGET /api/v1/survey/bfd268f1-26a7-494e-9483-c5118680b2e7 304 - - 27.573 ms[39m
[2026-07-22 23:09:29:929] [[35mhttp[39m]: [35mGET /api/v1/masters/connector 304 - - 192.814 ms[39m
[2026-07-22 23:09:29:929] [[35mhttp[39m]: [35mGET /api/v1/masters/equipment 304 - - 200.623 ms[39m
[2026-07-22 23:09:29:929] [[35mhttp[39m]: [35mGET /api/v1/masters/connector 304 - - 18.726 ms[39m
[2026-07-22 23:09:29:929] [[35mhttp[39m]: [35mGET /api/v1/masters/equipment 304 - - 21.097 ms[39m
[2026-07-22 23:09:29:929] [[35mhttp[39m]: [35mGET /api/v1/masters/charger-model?manufacturerId=a8a2553d-6eb9-49a8-a464-e065ff42952d 200 1320 - 15.589 ms[39m
[2026-07-22 23:09:29:929] [[35mhttp[39m]: [35mGET /api/v1/masters/charger-model?manufacturerId=a8a2553d-6eb9-49a8-a464-e065ff42952d 304 - - 5.785 ms[39m
[2026-07-22 23:10:06:106] [[35mhttp[39m]: [35mGET /api/v1/photos?surveyId=bfd268f1-26a7-494e-9483-c5118680b2e7 304 - - 8.084 ms[39m
[2026-07-22 23:10:06:106] [[35mhttp[39m]: [35mGET /api/v1/photos?surveyId=bfd268f1-26a7-494e-9483-c5118680b2e7 304 - - 7.724 ms[39m
[2026-07-22 23:11:18:1118] [[35mhttp[39m]: [35mGET /api/v1/survey-assignment 304 - - 25.768 ms[39m
[2026-07-22 23:11:18:1118] [[35mhttp[39m]: [35mGET /api/v1/survey-assignment 304 - - 8.034 ms[39m
[2026-07-22 23:11:19:1119] [[35mhttp[39m]: [35mGET /api/v1/survey-assignment 304 - - 9.468 ms[39m
[2026-07-22 23:11:19:1119] [[35mhttp[39m]: [35mGET /api/v1/survey-assignment 304 - - 11.985 ms[39m
[2026-07-22 23:11:20:1120] [[35mhttp[39m]: [35mGET /api/v1/survey/site/e2951ef4-a31d-467d-a209-c79df8a2d20d 304 - - 36.166 ms[39m
[2026-07-22 23:11:20:1120] [[35mhttp[39m]: [35mGET /api/v1/survey/site/e2951ef4-a31d-467d-a209-c79df8a2d20d 304 - - 76.793 ms[39m
[2026-07-22 23:12:29:1229] [[35mhttp[39m]: [35mGET /api/v1/survey/bfd268f1-26a7-494e-9483-c5118680b2e7 304 - - 34.067 ms[39m
[2026-07-22 23:12:29:1229] [[35mhttp[39m]: [35mGET /api/v1/survey/bfd268f1-26a7-494e-9483-c5118680b2e7 304 - - 26.321 ms[39m
[2026-07-22 23:14:57:1457] [[35mhttp[39m]: [35mGET /api/v1/survey-sites 304 - - 158.798 ms[39m
[2026-07-22 23:14:57:1457] [[35mhttp[39m]: [35mGET /api/v1/masters/connector 304 - - 156.458 ms[39m
[2026-07-22 23:14:57:1457] [[35mhttp[39m]: [35mGET /api/v1/masters/charger-manufacturer 304 - - 159.466 ms[39m
[2026-07-22 23:14:57:1457] [[35mhttp[39m]: [35mGET /api/v1/masters/connector 304 - - 85.510 ms[39m
[2026-07-22 23:14:57:1457] [[35mhttp[39m]: [35mGET /api/v1/masters/charger-manufacturer 304 - - 83.583 ms[39m
[2026-07-22 23:14:57:1457] [[35mhttp[39m]: [35mGET /api/v1/survey-sites 304 - - 92.724 ms[39m
[2026-07-22 23:14:57:1457] [[35mhttp[39m]: [35mGET /api/v1/survey 304 - - 294.004 ms[39m
[2026-07-22 23:14:57:1457] [[35mhttp[39m]: [35mGET /api/v1/masters/equipment 304 - - 292.273 ms[39m
[2026-07-22 23:14:57:1457] [[35mhttp[39m]: [35mGET /api/v1/masters/equipment 304 - - 9.072 ms[39m
[2026-07-22 23:14:57:1457] [[35mhttp[39m]: [35mGET /api/v1/survey 304 - - 11.984 ms[39m
[2026-07-22 23:14:59:1459] [[35mhttp[39m]: [35mPOST /api/v1/survey/step1 201 8621 - 79.172 ms[39m
[2026-07-22 23:14:59:1459] [[35mhttp[39m]: [35mGET /api/v1/masters/charger-model?manufacturerId=a8a2553d-6eb9-49a8-a464-e065ff42952d 304 - - 7.636 ms[39m
[2026-07-22 23:15:02:152] [[35mhttp[39m]: [35mGET /api/v1/survey-assignment 200 1068 - 7.399 ms[39m
[2026-07-22 23:15:02:152] [[35mhttp[39m]: [35mGET /api/v1/survey-assignment 304 - - 11.754 ms[39m
[2026-07-22 23:15:03:153] [[35mhttp[39m]: [35mGET /api/v1/survey-assignment 304 - - 9.436 ms[39m
[2026-07-22 23:15:03:153] [[35mhttp[39m]: [35mGET /api/v1/survey-assignment 304 - - 8.381 ms[39m
[2026-07-22 23:15:03:153] [[35mhttp[39m]: [35mGET /api/v1/survey/site/e2951ef4-a31d-467d-a209-c79df8a2d20d 200 7484 - 49.799 ms[39m
[2026-07-22 23:15:03:153] [[35mhttp[39m]: [35mGET /api/v1/survey/site/e2951ef4-a31d-467d-a209-c79df8a2d20d 304 - - 41.798 ms[39m
[2026-07-22 23:17:07:177] [[35mhttp[39m]: [35mGET /api/v1/survey-assignment 304 - - 10.120 ms[39m
[2026-07-22 23:17:07:177] [[35mhttp[39m]: [35mGET /api/v1/survey/site/e2951ef4-a31d-467d-a209-c79df8a2d20d 304 - - 18.085 ms[39m
[2026-07-22 23:17:12:1712] [[35mhttp[39m]: [35mGET /api/v1/survey-assignment 304 - - 7.809 ms[39m
[2026-07-22 23:17:12:1712] [[35mhttp[39m]: [35mGET /api/v1/survey/site/e2951ef4-a31d-467d-a209-c79df8a2d20d 304 - - 21.822 ms[39m
[2026-07-22 23:21:41:2141] [[35mhttp[39m]: [35mGET /api/v1/survey-assignment 304 - - 105.182 ms[39m
[2026-07-22 23:21:41:2141] [[35mhttp[39m]: [35mGET /api/v1/survey/site/e2951ef4-a31d-467d-a209-c79df8a2d20d 304 - - 46.483 ms[39m
[2026-07-22 23:21:47:2147] [[35mhttp[39m]: [35mGET /api/v1/survey-assignment 304 - - 28.918 ms[39m
[2026-07-22 23:21:47:2147] [[35mhttp[39m]: [35mGET /api/v1/survey-assignment 304 - - 8.308 ms[39m
[2026-07-22 23:21:47:2147] [[35mhttp[39m]: [35mGET /api/v1/survey/site/e2951ef4-a31d-467d-a209-c79df8a2d20d 304 - - 181.953 ms[39m
[2026-07-22 23:21:47:2147] [[35mhttp[39m]: [35mGET /api/v1/survey/site/e2951ef4-a31d-467d-a209-c79df8a2d20d 304 - - 54.677 ms[39m
[2026-07-22 23:25:32:2532] [[35mhttp[39m]: [35mGET /api/v1/survey-assignment 304 - - 15.312 ms[39m
[2026-07-22 23:25:32:2532] [[35mhttp[39m]: [35mGET /api/v1/survey-assignment 304 - - 6.777 ms[39m
[2026-07-22 23:25:34:2534] [[35mhttp[39m]: [35mGET /api/v1/survey-assignment 304 - - 8.555 ms[39m
[2026-07-22 23:25:34:2534] [[35mhttp[39m]: [35mGET /api/v1/survey-assignment 304 - - 8.972 ms[39m
[2026-07-22 23:25:34:2534] [[35mhttp[39m]: [35mGET /api/v1/survey/site/e2951ef4-a31d-467d-a209-c79df8a2d20d 304 - - 29.125 ms[39m
[2026-07-22 23:25:34:2534] [[35mhttp[39m]: [35mGET /api/v1/survey/site/e2951ef4-a31d-467d-a209-c79df8a2d20d 304 - - 24.112 ms[39m
[2026-07-22 23:27:25:2725] [[35mhttp[39m]: [35mGET /api/v1/survey/bfd268f1-26a7-494e-9483-c5118680b2e7 200 8601 - 151.655 ms[39m
[2026-07-22 23:27:25:2725] [[35mhttp[39m]: [35mGET /api/v1/survey/bfd268f1-26a7-494e-9483-c5118680b2e7 304 - - 31.244 ms[39m
[2026-07-22 23:27:27:2727] [[35mhttp[39m]: [35mGET /api/v1/survey-assignment 304 - - 10.836 ms[39m
[2026-07-22 23:27:27:2727] [[35mhttp[39m]: [35mGET /api/v1/survey-assignment 304 - - 14.968 ms[39m
[2026-07-22 23:27:27:2727] [[35mhttp[39m]: [35mGET /api/v1/survey/site/e2951ef4-a31d-467d-a209-c79df8a2d20d 304 - - 125.486 ms[39m
[2026-07-22 23:27:27:2727] [[35mhttp[39m]: [35mGET /api/v1/survey/site/e2951ef4-a31d-467d-a209-c79df8a2d20d 304 - - 79.698 ms[39m
[2026-07-22 23:27:58:2758] [[35mhttp[39m]: [35mGET /api/v1/survey-assignment 304 - - 22.200 ms[39m
[2026-07-22 23:27:58:2758] [[35mhttp[39m]: [35mGET /api/v1/survey/site/e2951ef4-a31d-467d-a209-c79df8a2d20d 304 - - 21.878 ms[39m
[2026-07-22 23:29:00:290] [[35mhttp[39m]: [35mGET /api/v1/survey/bfd268f1-26a7-494e-9483-c5118680b2e7 304 - - 41.896 ms[39m
[2026-07-22 23:29:00:290] [[35mhttp[39m]: [35mGET /api/v1/survey/bfd268f1-26a7-494e-9483-c5118680b2e7 304 - - 45.978 ms[39m
[2026-07-22 23:29:51:2951] [[35mhttp[39m]: [35mGET /api/v1/survey/bfd268f1-26a7-494e-9483-c5118680b2e7 304 - - 20.528 ms[39m
[2026-07-22 23:31:36:3136] [[35mhttp[39m]: [35mGET /api/v1/photos?surveyId=bfd268f1-26a7-494e-9483-c5118680b2e7 304 - - 5.549 ms[39m
[2026-07-22 23:31:36:3136] [[35mhttp[39m]: [35mGET /api/v1/photos?surveyId=bfd268f1-26a7-494e-9483-c5118680b2e7 304 - - 8.151 ms[39m
[2026-07-22 23:31:38:3138] [[35mhttp[39m]: [35mGET /api/v1/survey/bfd268f1-26a7-494e-9483-c5118680b2e7 304 - - 20.800 ms[39m
[2026-07-22 23:31:38:3138] [[35mhttp[39m]: [35mGET /api/v1/survey/bfd268f1-26a7-494e-9483-c5118680b2e7 304 - - 44.146 ms[39m
[2026-07-22 23:32:13:3213] [[35mhttp[39m]: [35mPOST /api/v1/survey/lock-asset 200 554 - 17.576 ms[39m
[2026-07-22 23:32:13:3213] [[35mhttp[39m]: [35mGET /api/v1/masters/equipment 304 - - 26.750 ms[39m
[2026-07-22 23:32:13:3213] [[35mhttp[39m]: [35mGET /api/v1/survey/bfd268f1-26a7-494e-9483-c5118680b2e7 200 8601 - 43.282 ms[39m
[2026-07-22 23:32:13:3213] [[35mhttp[39m]: [35mGET /api/v1/masters/equipment 304 - - 31.853 ms[39m
[2026-07-22 23:32:13:3213] [[35mhttp[39m]: [35mGET /api/v1/survey/bfd268f1-26a7-494e-9483-c5118680b2e7 304 - - 88.808 ms[39m
[2026-07-22 23:32:13:3213] [[35mhttp[39m]: [35mGET /api/v1/photos?surveyId=bfd268f1-26a7-494e-9483-c5118680b2e7 304 - - 130.474 ms[39m
[2026-07-22 23:32:13:3213] [[35mhttp[39m]: [35mGET /api/v1/photos?surveyId=bfd268f1-26a7-494e-9483-c5118680b2e7 304 - - 3.938 ms[39m
[2026-07-22 23:32:15:3215] [[35mhttp[39m]: [35mGET /api/v1/survey/bfd268f1-26a7-494e-9483-c5118680b2e7 304 - - 71.919 ms[39m
[2026-07-22 23:32:15:3215] [[35mhttp[39m]: [35mGET /api/v1/survey/bfd268f1-26a7-494e-9483-c5118680b2e7 304 - - 23.314 ms[39m
[2026-07-22 23:32:20:3220] [[35mhttp[39m]: [35mGET /api/v1/survey/bfd268f1-26a7-494e-9483-c5118680b2e7 304 - - 26.752 ms[39m
[2026-07-22 23:32:52:3252] [[35mhttp[39m]: [35mGET /api/v1/photos?surveyId=bfd268f1-26a7-494e-9483-c5118680b2e7 304 - - 9.605 ms[39m
[2026-07-22 23:32:52:3252] [[35mhttp[39m]: [35mGET /api/v1/photos?surveyId=bfd268f1-26a7-494e-9483-c5118680b2e7 304 - - 9.510 ms[39m
[2026-07-22 23:32:59:3259] [[35mhttp[39m]: [35mGET /api/v1/survey/bfd268f1-26a7-494e-9483-c5118680b2e7 304 - - 40.557 ms[39m
[2026-07-22 23:32:59:3259] [[35mhttp[39m]: [35mGET /api/v1/survey/bfd268f1-26a7-494e-9483-c5118680b2e7 304 - - 31.823 ms[39m
[2026-07-22 23:33:03:333] [[35mhttp[39m]: [35mPOST /api/v1/survey/lock-asset 200 788 - 41.582 ms[39m
[2026-07-22 23:33:03:333] [[35mhttp[39m]: [35mGET /api/v1/survey/bfd268f1-26a7-494e-9483-c5118680b2e7 200 8601 - 43.613 ms[39m
[2026-07-22 23:33:03:333] [[35mhttp[39m]: [35mGET /api/v1/survey/bfd268f1-26a7-494e-9483-c5118680b2e7 304 - - 113.350 ms[39m
[2026-07-22 23:33:03:333] [[35mhttp[39m]: [35mGET /api/v1/masters/charger-manufacturer 304 - - 219.807 ms[39m
[2026-07-22 23:33:04:334] [[35mhttp[39m]: [35mGET /api/v1/masters/equipment 304 - - 272.044 ms[39m
[2026-07-22 23:33:04:334] [[35mhttp[39m]: [35mGET /api/v1/masters/connector 304 - - 276.083 ms[39m
[2026-07-22 23:33:04:334] [[35mhttp[39m]: [35mGET /api/v1/masters/charger-manufacturer 304 - - 5.462 ms[39m
[2026-07-22 23:33:04:334] [[35mhttp[39m]: [35mGET /api/v1/masters/equipment 304 - - 8.783 ms[39m
[2026-07-22 23:33:04:334] [[35mhttp[39m]: [35mGET /api/v1/masters/connector 304 - - 8.892 ms[39m
[2026-07-22 23:33:06:336] [[35mhttp[39m]: [35mGET /api/v1/survey/bfd268f1-26a7-494e-9483-c5118680b2e7 304 - - 47.493 ms[39m
[2026-07-22 23:33:06:336] [[35mhttp[39m]: [35mGET /api/v1/survey/bfd268f1-26a7-494e-9483-c5118680b2e7 304 - - 28.323 ms[39m
[2026-07-22 23:33:09:339] [[35mhttp[39m]: [35mGET /api/v1/photos?surveyId=bfd268f1-26a7-494e-9483-c5118680b2e7 304 - - 7.086 ms[39m
[2026-07-22 23:33:09:339] [[35mhttp[39m]: [35mGET /api/v1/photos?surveyId=bfd268f1-26a7-494e-9483-c5118680b2e7 304 - - 4.889 ms[39m
[2026-07-22 23:33:14:3314] [[35mhttp[39m]: [35mGET /api/v1/survey/bfd268f1-26a7-494e-9483-c5118680b2e7 304 - - 29.788 ms[39m
[2026-07-22 23:33:14:3314] [[35mhttp[39m]: [35mGET /api/v1/survey/bfd268f1-26a7-494e-9483-c5118680b2e7 304 - - 26.534 ms[39m
[2026-07-22 23:33:19:3319] [[35mhttp[39m]: [35mGET /api/v1/photos?surveyId=bfd268f1-26a7-494e-9483-c5118680b2e7 304 - - 11.162 ms[39m
[2026-07-22 23:33:19:3319] [[35mhttp[39m]: [35mGET /api/v1/photos?surveyId=bfd268f1-26a7-494e-9483-c5118680b2e7 304 - - 11.390 ms[39m
[2026-07-22 23:33:31:3331] [[35mhttp[39m]: [35mGET /api/v1/auth/me 200 234 - 2.620 ms[39m
[2026-07-22 23:33:31:3331] [[35mhttp[39m]: [35mGET /api/v1/auth/me 304 - - 2.186 ms[39m
[2026-07-22 23:33:31:3331] [[35mhttp[39m]: [35mGET /api/v1/photos?surveyId=bfd268f1-26a7-494e-9483-c5118680b2e7 304 - - 80.232 ms[39m
[2026-07-22 23:33:31:3331] [[35mhttp[39m]: [35mGET /api/v1/photos?surveyId=bfd268f1-26a7-494e-9483-c5118680b2e7 304 - - 5.524 ms[39m
[2026-07-22 23:33:34:3334] [[35mhttp[39m]: [35mGET /api/v1/survey/bfd268f1-26a7-494e-9483-c5118680b2e7 304 - - 37.450 ms[39m
[2026-07-22 23:33:34:3334] [[35mhttp[39m]: [35mGET /api/v1/survey/bfd268f1-26a7-494e-9483-c5118680b2e7 304 - - 27.089 ms[39m
[2026-07-22 23:33:41:3341] [[35mhttp[39m]: [35mPOST /api/v1/survey/lock-asset 200 788 - 37.159 ms[39m
[2026-07-22 23:33:42:3342] [[35mhttp[39m]: [35mGET /api/v1/masters/connector 304 - - 13.281 ms[39m
[2026-07-22 23:33:42:3342] [[35mhttp[39m]: [35mGET /api/v1/masters/connector 304 - - 6.464 ms[39m
[2026-07-22 23:33:42:3342] [[35mhttp[39m]: [35mGET /api/v1/survey/bfd268f1-26a7-494e-9483-c5118680b2e7 200 8601 - 133.239 ms[39m
[2026-07-22 23:33:42:3342] [[35mhttp[39m]: [35mGET /api/v1/masters/equipment 304 - - 129.175 ms[39m
[2026-07-22 23:33:42:3342] [[35mhttp[39m]: [35mGET /api/v1/masters/equipment 304 - - 13.170 ms[39m
[2026-07-22 23:33:42:3342] [[35mhttp[39m]: [35mGET /api/v1/masters/charger-manufacturer 304 - - 158.403 ms[39m
[2026-07-22 23:33:42:3342] [[35mhttp[39m]: [35mGET /api/v1/masters/charger-manufacturer 304 - - 8.339 ms[39m
[2026-07-22 23:33:42:3342] [[35mhttp[39m]: [35mGET /api/v1/survey/bfd268f1-26a7-494e-9483-c5118680b2e7 304 - - 110.864 ms[39m
[2026-07-22 23:33:44:3344] [[35mhttp[39m]: [35mGET /api/v1/photos?surveyId=bfd268f1-26a7-494e-9483-c5118680b2e7 304 - - 8.368 ms[39m
[2026-07-22 23:33:44:3344] [[35mhttp[39m]: [35mGET /api/v1/photos?surveyId=bfd268f1-26a7-494e-9483-c5118680b2e7 304 - - 11.244 ms[39m
[2026-07-22 23:33:54:3354] [[35mhttp[39m]: [35mGET /api/v1/masters/connector 304 - - 13.138 ms[39m
[2026-07-22 23:33:54:3354] [[35mhttp[39m]: [35mGET /api/v1/masters/charger-manufacturer 304 - - 17.966 ms[39m
[2026-07-22 23:33:54:3354] [[35mhttp[39m]: [35mGET /api/v1/masters/equipment 304 - - 19.718 ms[39m
[2026-07-22 23:33:54:3354] [[35mhttp[39m]: [35mGET /api/v1/masters/charger-manufacturer 304 - - 34.476 ms[39m
[2026-07-22 23:33:54:3354] [[35mhttp[39m]: [35mGET /api/v1/survey/bfd268f1-26a7-494e-9483-c5118680b2e7 304 - - 58.348 ms[39m
[2026-07-22 23:33:54:3354] [[35mhttp[39m]: [35mGET /api/v1/masters/connector 304 - - 38.951 ms[39m
[2026-07-22 23:33:54:3354] [[35mhttp[39m]: [35mGET /api/v1/masters/equipment 304 - - 16.207 ms[39m
[2026-07-22 23:33:55:3355] [[35mhttp[39m]: [35mGET /api/v1/survey/bfd268f1-26a7-494e-9483-c5118680b2e7 304 - - 43.479 ms[39m
[2026-07-22 23:33:56:3356] [[35mhttp[39m]: [35mGET /api/v1/photos?surveyId=bfd268f1-26a7-494e-9483-c5118680b2e7 304 - - 7.616 ms[39m
[2026-07-22 23:33:56:3356] [[35mhttp[39m]: [35mGET /api/v1/photos?surveyId=bfd268f1-26a7-494e-9483-c5118680b2e7 304 - - 6.177 ms[39m
[2026-07-22 23:33:59:3359] [[35mhttp[39m]: [35mGET /api/v1/masters/charger-manufacturer 304 - - 27.352 ms[39m
[2026-07-22 23:33:59:3359] [[35mhttp[39m]: [35mGET /api/v1/survey/bfd268f1-26a7-494e-9483-c5118680b2e7 304 - - 42.945 ms[39m
[2026-07-22 23:33:59:3359] [[35mhttp[39m]: [35mGET /api/v1/masters/connector 304 - - 28.373 ms[39m
[2026-07-22 23:33:59:3359] [[35mhttp[39m]: [35mGET /api/v1/masters/equipment 304 - - 30.313 ms[39m
[2026-07-22 23:33:59:3359] [[35mhttp[39m]: [35mGET /api/v1/masters/charger-manufacturer 304 - - 14.996 ms[39m
[2026-07-22 23:33:59:3359] [[35mhttp[39m]: [35mGET /api/v1/masters/equipment 304 - - 63.799 ms[39m
[2026-07-22 23:33:59:3359] [[35mhttp[39m]: [35mGET /api/v1/masters/connector 304 - - 66.198 ms[39m
[2026-07-22 23:33:59:3359] [[35mhttp[39m]: [35mGET /api/v1/survey/bfd268f1-26a7-494e-9483-c5118680b2e7 304 - - 69.658 ms[39m
[2026-07-22 23:34:01:341] [[35mhttp[39m]: [35mGET /api/v1/survey/bfd268f1-26a7-494e-9483-c5118680b2e7 304 - - 38.904 ms[39m
[2026-07-22 23:34:01:341] [[35mhttp[39m]: [35mGET /api/v1/survey/bfd268f1-26a7-494e-9483-c5118680b2e7 304 - - 93.561 ms[39m
[2026-07-22 23:34:01:341] [[35mhttp[39m]: [35mGET /api/v1/photos?surveyId=bfd268f1-26a7-494e-9483-c5118680b2e7 304 - - 7.987 ms[39m
[2026-07-22 23:34:01:341] [[35mhttp[39m]: [35mGET /api/v1/photos?surveyId=bfd268f1-26a7-494e-9483-c5118680b2e7 304 - - 4.453 ms[39m
[2026-07-22 23:34:03:343] [[35mhttp[39m]: [35mGET /api/v1/auth/me 304 - - 3.262 ms[39m
[2026-07-22 23:34:03:343] [[35mhttp[39m]: [35mGET /api/v1/auth/me 304 - - 3.631 ms[39m
[2026-07-22 23:34:03:343] [[35mhttp[39m]: [35mGET /api/v1/photos?surveyId=bfd268f1-26a7-494e-9483-c5118680b2e7 304 - - 12.047 ms[39m
[2026-07-22 23:34:03:343] [[35mhttp[39m]: [35mGET /api/v1/photos?surveyId=bfd268f1-26a7-494e-9483-c5118680b2e7 304 - - 6.048 ms[39m
[2026-07-22 23:34:04:344] [[35mhttp[39m]: [35mGET /api/v1/survey/bfd268f1-26a7-494e-9483-c5118680b2e7 304 - - 78.342 ms[39m
[2026-07-22 23:34:04:344] [[35mhttp[39m]: [35mGET /api/v1/survey/bfd268f1-26a7-494e-9483-c5118680b2e7 304 - - 52.842 ms[39m
[2026-07-22 23:34:10:3410] [[35mhttp[39m]: [35mGET /api/v1/photos?surveyId=bfd268f1-26a7-494e-9483-c5118680b2e7 304 - - 9.267 ms[39m
[2026-07-22 23:34:10:3410] [[35mhttp[39m]: [35mGET /api/v1/photos?surveyId=bfd268f1-26a7-494e-9483-c5118680b2e7 304 - - 10.200 ms[39m
[2026-07-22 23:34:31:3431] [[35mhttp[39m]: [35mGET /api/v1/auth/me 304 - - 6.143 ms[39m
[2026-07-22 23:34:31:3431] [[35mhttp[39m]: [35mGET /api/v1/auth/me 304 - - 2.410 ms[39m
[2026-07-22 23:34:31:3431] [[35mhttp[39m]: [35mGET /api/v1/survey/bfd268f1-26a7-494e-9483-c5118680b2e7 304 - - 49.550 ms[39m
[2026-07-22 23:34:32:3432] [[35mhttp[39m]: [35mGET /api/v1/survey/bfd268f1-26a7-494e-9483-c5118680b2e7 304 - - 68.757 ms[39m
[2026-07-22 23:34:35:3435] [[35mhttp[39m]: [35mGET /api/v1/photos?surveyId=bfd268f1-26a7-494e-9483-c5118680b2e7 304 - - 6.717 ms[39m
[2026-07-22 23:34:35:3435] [[35mhttp[39m]: [35mGET /api/v1/photos?surveyId=bfd268f1-26a7-494e-9483-c5118680b2e7 304 - - 7.587 ms[39m
[2026-07-22 23:34:43:3443] [[35mhttp[39m]: [35mGET /api/v1/survey/bfd268f1-26a7-494e-9483-c5118680b2e7 304 - - 25.901 ms[39m
[2026-07-22 23:34:43:3443] [[35mhttp[39m]: [35mGET /api/v1/survey/bfd268f1-26a7-494e-9483-c5118680b2e7 304 - - 28.317 ms[39m
[2026-07-22 23:38:50:3850] [[35mhttp[39m]: [35mGET /api/v1/photos?surveyId=bfd268f1-26a7-494e-9483-c5118680b2e7 304 - - 78.093 ms[39m
[2026-07-22 23:38:50:3850] [[35mhttp[39m]: [35mGET /api/v1/photos?surveyId=bfd268f1-26a7-494e-9483-c5118680b2e7 304 - - 4.363 ms[39m
[2026-07-22 23:38:56:3856] [[35mhttp[39m]: [35mGET /api/v1/survey/bfd268f1-26a7-494e-9483-c5118680b2e7 304 - - 56.503 ms[39m
[2026-07-22 23:38:56:3856] [[35mhttp[39m]: [35mGET /api/v1/survey/bfd268f1-26a7-494e-9483-c5118680b2e7 304 - - 23.218 ms[39m
[2026-07-22 23:39:03:393] [[35mhttp[39m]: [35mPOST /api/v1/survey/lock-asset 200 788 - 20.380 ms[39m
[2026-07-22 23:39:03:393] [[35mhttp[39m]: [35mGET /api/v1/survey/bfd268f1-26a7-494e-9483-c5118680b2e7 200 8601 - 32.004 ms[39m
[2026-07-22 23:39:03:393] [[35mhttp[39m]: [35mGET /api/v1/survey/bfd268f1-26a7-494e-9483-c5118680b2e7 304 - - 100.514 ms[39m
[2026-07-22 23:39:03:393] [[35mhttp[39m]: [35mGET /api/v1/masters/charger-manufacturer 304 - - 143.061 ms[39m
[2026-07-22 23:39:03:393] [[35mhttp[39m]: [35mGET /api/v1/masters/connector 304 - - 146.850 ms[39m
[2026-07-22 23:39:03:393] [[35mhttp[39m]: [35mGET /api/v1/masters/charger-manufacturer 304 - - 11.768 ms[39m
[2026-07-22 23:39:03:393] [[35mhttp[39m]: [35mGET /api/v1/masters/connector 304 - - 26.861 ms[39m
[2026-07-22 23:39:03:393] [[35mhttp[39m]: [35mGET /api/v1/masters/equipment 304 - - 198.593 ms[39m
[2026-07-22 23:39:03:393] [[35mhttp[39m]: [35mGET /api/v1/masters/equipment 304 - - 8.078 ms[39m
[2026-07-22 23:39:06:396] [[35mhttp[39m]: [35mGET /api/v1/survey/bfd268f1-26a7-494e-9483-c5118680b2e7 304 - - 63.015 ms[39m
[2026-07-22 23:39:06:396] [[35mhttp[39m]: [35mGET /api/v1/survey/bfd268f1-26a7-494e-9483-c5118680b2e7 304 - - 28.001 ms[39m
[2026-07-22 23:39:07:397] [[35mhttp[39m]: [35mGET /api/v1/photos?surveyId=bfd268f1-26a7-494e-9483-c5118680b2e7 304 - - 6.638 ms[39m
[2026-07-22 23:39:07:397] [[35mhttp[39m]: [35mGET /api/v1/photos?surveyId=bfd268f1-26a7-494e-9483-c5118680b2e7 304 - - 3.807 ms[39m
[2026-07-22 23:39:33:3933] [[35mhttp[39m]: [35mGET /api/v1/survey/bfd268f1-26a7-494e-9483-c5118680b2e7 304 - - 26.196 ms[39m
[2026-07-22 23:39:33:3933] [[35mhttp[39m]: [35mGET /api/v1/survey/bfd268f1-26a7-494e-9483-c5118680b2e7 304 - - 73.520 ms[39m
[2026-07-22 23:39:37:3937] [[35mhttp[39m]: [35mGET /api/v1/photos?surveyId=bfd268f1-26a7-494e-9483-c5118680b2e7 304 - - 5.230 ms[39m
[2026-07-22 23:39:37:3937] [[35mhttp[39m]: [35mGET /api/v1/photos?surveyId=bfd268f1-26a7-494e-9483-c5118680b2e7 304 - - 4.823 ms[39m
[2026-07-22 23:39:46:3946] [[35mhttp[39m]: [35mGET /api/v1/auth/me 304 - - 5.618 ms[39m
[2026-07-22 23:39:46:3946] [[35mhttp[39m]: [35mGET /api/v1/auth/me 304 - - 2.502 ms[39m
[2026-07-22 23:39:46:3946] [[35mhttp[39m]: [35mGET /api/v1/photos?surveyId=bfd268f1-26a7-494e-9483-c5118680b2e7 304 - - 21.934 ms[39m
[2026-07-22 23:39:46:3946] [[35mhttp[39m]: [35mGET /api/v1/photos?surveyId=bfd268f1-26a7-494e-9483-c5118680b2e7 304 - - 7.015 ms[39m
[2026-07-22 23:39:55:3955] [[35mhttp[39m]: [35mGET /api/v1/survey/bfd268f1-26a7-494e-9483-c5118680b2e7 304 - - 54.438 ms[39m
[2026-07-22 23:39:55:3955] [[35mhttp[39m]: [35mGET /api/v1/survey/bfd268f1-26a7-494e-9483-c5118680b2e7 304 - - 32.847 ms[39m
[2026-07-22 23:40:58:4058] [[35mhttp[39m]: [35mGET /api/v1/photos?surveyId=bfd268f1-26a7-494e-9483-c5118680b2e7 304 - - 5.073 ms[39m
[2026-07-22 23:40:58:4058] [[35mhttp[39m]: [35mGET /api/v1/photos?surveyId=bfd268f1-26a7-494e-9483-c5118680b2e7 304 - - 5.612 ms[39m
[2026-07-22 23:42:00:420] [[35mhttp[39m]: [35mGET /api/v1/survey/bfd268f1-26a7-494e-9483-c5118680b2e7 304 - - 27.808 ms[39m
[2026-07-22 23:42:00:420] [[35mhttp[39m]: [35mGET /api/v1/survey/bfd268f1-26a7-494e-9483-c5118680b2e7 304 - - 31.306 ms[39m
[2026-07-22 23:42:24:4224] [[35mhttp[39m]: [35mGET /api/v1/survey/bfd268f1-26a7-494e-9483-c5118680b2e7 304 - - 18.048 ms[39m
[2026-07-22 23:42:50:4250] [[35mhttp[39m]: [35mGET /api/v1/auth/me 304 - - 3.379 ms[39m
[2026-07-22 23:42:50:4250] [[35mhttp[39m]: [35mGET /api/v1/auth/me 304 - - 2.154 ms[39m
[2026-07-22 23:42:50:4250] [[35mhttp[39m]: [35mGET /api/v1/survey/bfd268f1-26a7-494e-9483-c5118680b2e7 304 - - 92.419 ms[39m
[2026-07-22 23:42:51:4251] [[35mhttp[39m]: [35mGET /api/v1/survey/bfd268f1-26a7-494e-9483-c5118680b2e7 304 - - 125.249 ms[39m
[2026-07-22 23:43:23:4323] [[35mhttp[39m]: [35mGET /api/v1/survey/bfd268f1-26a7-494e-9483-c5118680b2e7 304 - - 35.938 ms[39m
[2026-07-22 23:43:23:4323] [[35mhttp[39m]: [35mGET /api/v1/survey/bfd268f1-26a7-494e-9483-c5118680b2e7 304 - - 24.514 ms[39m
[2026-07-22 23:43:23:4323] [[35mhttp[39m]: [35mGET /api/v1/survey/bfd268f1-26a7-494e-9483-c5118680b2e7 304 - - 21.755 ms[39m
[2026-07-22 23:43:23:4323] [[35mhttp[39m]: [35mGET /api/v1/survey/bfd268f1-26a7-494e-9483-c5118680b2e7 304 - - 19.483 ms[39m
[2026-07-22 23:43:33:4333] [[35mhttp[39m]: [35mPOST /api/v1/survey/lock-asset 200 788 - 17.171 ms[39m
[2026-07-22 23:43:33:4333] [[35mhttp[39m]: [35mGET /api/v1/masters/connector 304 - - 12.962 ms[39m
[2026-07-22 23:43:33:4333] [[35mhttp[39m]: [35mGET /api/v1/masters/connector 304 - - 12.912 ms[39m
[2026-07-22 23:43:33:4333] [[35mhttp[39m]: [35mGET /api/v1/masters/charger-manufacturer 304 - - 30.939 ms[39m
[2026-07-22 23:43:33:4333] [[35mhttp[39m]: [35mGET /api/v1/masters/equipment 304 - - 29.505 ms[39m
[2026-07-22 23:43:33:4333] [[35mhttp[39m]: [35mGET /api/v1/masters/charger-manufacturer 304 - - 24.342 ms[39m
[2026-07-22 23:43:33:4333] [[35mhttp[39m]: [35mGET /api/v1/masters/equipment 304 - - 22.309 ms[39m
[2026-07-22 23:43:34:4334] [[35mhttp[39m]: [35mGET /api/v1/survey/bfd268f1-26a7-494e-9483-c5118680b2e7 200 8601 - 181.386 ms[39m
[2026-07-22 23:43:34:4334] [[35mhttp[39m]: [35mGET /api/v1/survey/bfd268f1-26a7-494e-9483-c5118680b2e7 304 - - 20.987 ms[39m
[2026-07-22 23:43:50:4350] [[35mhttp[39m]: [35mGET /api/v1/survey/bfd268f1-26a7-494e-9483-c5118680b2e7 304 - - 31.414 ms[39m
[2026-07-22 23:43:50:4350] [[35mhttp[39m]: [35mGET /api/v1/survey/bfd268f1-26a7-494e-9483-c5118680b2e7 304 - - 25.985 ms[39m
[2026-07-22 23:44:02:442] [[35mhttp[39m]: [35mGET /api/v1/auth/me 304 - - 2.958 ms[39m
[2026-07-22 23:44:02:442] [[35mhttp[39m]: [35mGET /api/v1/auth/me 304 - - 3.349 ms[39m
[2026-07-22 23:44:02:442] [[35mhttp[39m]: [35mGET /api/v1/survey/bfd268f1-26a7-494e-9483-c5118680b2e7 304 - - 31.512 ms[39m
[2026-07-22 23:44:02:442] [[35mhttp[39m]: [35mGET /api/v1/survey/bfd268f1-26a7-494e-9483-c5118680b2e7 304 - - 57.672 ms[39m
[2026-07-22 23:45:18:4518] [[35mhttp[39m]: [35mGET /api/v1/auth/me 304 - - 5.786 ms[39m
[2026-07-22 23:45:18:4518] [[35mhttp[39m]: [35mGET /api/v1/auth/me 304 - - 2.995 ms[39m
[2026-07-22 23:45:19:4519] [[35mhttp[39m]: [35mGET /api/v1/survey/bfd268f1-26a7-494e-9483-c5118680b2e7 200 8601 - 63.885 ms[39m
[2026-07-22 23:45:19:4519] [[35mhttp[39m]: [35mGET /api/v1/survey/bfd268f1-26a7-494e-9483-c5118680b2e7 304 - - 81.675 ms[39m
[2026-07-22 23:48:43:4843] [[35mhttp[39m]: [35mGET /api/v1/auth/me 304 - - 77.534 ms[39m
[2026-07-22 23:48:43:4843] [[35mhttp[39m]: [35mGET /api/v1/auth/me 304 - - 2.371 ms[39m
[2026-07-22 23:48:46:4846] [[35mhttp[39m]: [35mGET /api/v1/auth/me 304 - - 2.209 ms[39m
[2026-07-22 23:48:46:4846] [[35mhttp[39m]: [35mGET /api/v1/auth/me 304 - - 2.399 ms[39m
[2026-07-22 23:48:46:4846] [[35mhttp[39m]: [35mGET /api/v1/survey-assignment 304 - - 23.901 ms[39m
[2026-07-22 23:48:46:4846] [[35mhttp[39m]: [35mGET /api/v1/survey-assignment 304 - - 15.287 ms[39m
[2026-07-22 23:48:46:4846] [[35mhttp[39m]: [35mGET /api/v1/survey/site/e2951ef4-a31d-467d-a209-c79df8a2d20d 200 7484 - 176.254 ms[39m
[2026-07-22 23:48:46:4846] [[35mhttp[39m]: [35mGET /api/v1/survey/site/e2951ef4-a31d-467d-a209-c79df8a2d20d 304 - - 89.814 ms[39m
[2026-07-22 23:49:10:4910] [[35mhttp[39m]: [35mGET /api/v1/auth/me 304 - - 4.545 ms[39m
[2026-07-22 23:49:10:4910] [[35mhttp[39m]: [35mGET /api/v1/auth/me 304 - - 2.622 ms[39m
[2026-07-22 23:49:10:4910] [[35mhttp[39m]: [35mGET /api/v1/survey-assignment 200 1068 - 11.470 ms[39m
[2026-07-22 23:49:10:4910] [[35mhttp[39m]: [35mGET /api/v1/survey-assignment 304 - - 14.048 ms[39m
[2026-07-22 23:49:10:4910] [[35mhttp[39m]: [35mGET /api/v1/survey/site/e2951ef4-a31d-467d-a209-c79df8a2d20d 200 7484 - 57.236 ms[39m
[2026-07-22 23:49:10:4910] [[35mhttp[39m]: [35mGET /api/v1/survey/site/e2951ef4-a31d-467d-a209-c79df8a2d20d 304 - - 36.840 ms[39m
[2026-07-22 23:49:56:4956] [[35mhttp[39m]: [35mGET /api/v1/auth/me 304 - - 3.357 ms[39m
[2026-07-22 23:49:56:4956] [[35mhttp[39m]: [35mGET /api/v1/auth/me 304 - - 2.663 ms[39m
[2026-07-22 23:49:56:4956] [[35mhttp[39m]: [35mGET /api/v1/survey-assignment 304 - - 10.471 ms[39m
[2026-07-22 23:49:56:4956] [[35mhttp[39m]: [35mGET /api/v1/survey-assignment 304 - - 16.501 ms[39m
[2026-07-22 23:49:57:4957] [[35mhttp[39m]: [35mGET /api/v1/survey/site/e2951ef4-a31d-467d-a209-c79df8a2d20d 304 - - 64.491 ms[39m
[2026-07-22 23:49:57:4957] [[35mhttp[39m]: [35mGET /api/v1/survey/site/e2951ef4-a31d-467d-a209-c79df8a2d20d 304 - - 30.004 ms[39m
[2026-07-22 23:50:39:5039] [[35mhttp[39m]: [35mGET /api/v1/survey/bfd268f1-26a7-494e-9483-c5118680b2e7 304 - - 57.046 ms[39m
[2026-07-22 23:50:39:5039] [[35mhttp[39m]: [35mGET /api/v1/survey/bfd268f1-26a7-494e-9483-c5118680b2e7 304 - - 43.232 ms[39m
[2026-07-22 23:51:33:5133] [[35mhttp[39m]: [35mGET /api/v1/survey-assignment 304 - - 14.944 ms[39m
[2026-07-22 23:51:33:5133] [[35mhttp[39m]: [35mGET /api/v1/survey-assignment 304 - - 7.926 ms[39m
[2026-07-22 23:51:33:5133] [[35mhttp[39m]: [35mGET /api/v1/survey/site/e2951ef4-a31d-467d-a209-c79df8a2d20d 304 - - 56.671 ms[39m
[2026-07-22 23:51:33:5133] [[35mhttp[39m]: [35mGET /api/v1/survey/site/e2951ef4-a31d-467d-a209-c79df8a2d20d 304 - - 21.005 ms[39m
[2026-07-22 23:54:11:5411] [[35mhttp[39m]: [35mGET /api/v1/survey/bfd268f1-26a7-494e-9483-c5118680b2e7 304 - - 135.046 ms[39m
[2026-07-22 23:54:12:5412] [[35mhttp[39m]: [35mGET /api/v1/survey/bfd268f1-26a7-494e-9483-c5118680b2e7 304 - - 145.125 ms[39m
[2026-07-22 23:54:40:5440] [[32minfo[39m]: [32mDatabase connection established successfully.[39m
[2026-07-22 23:54:40:5440] [[32minfo[39m]: [32mServer is running in development mode on port 5000[39m
[2026-07-22 23:54:40:5440] [[35mhttp[39m]: [35mGET /api/v1/survey-assignment 304 - - 32.814 ms[39m
[2026-07-22 23:54:40:5440] [[35mhttp[39m]: [35mGET /api/v1/survey/site/e2951ef4-a31d-467d-a209-c79df8a2d20d 304 - - 42.861 ms[39m
[2026-07-22 23:54:41:5441] [[35mhttp[39m]: [35mPOST /api/v1/survey/lock-asset 200 788 - 24.816 ms[39m
[2026-07-22 23:54:41:5441] [[35mhttp[39m]: [35mGET /api/v1/survey/bfd268f1-26a7-494e-9483-c5118680b2e7 200 8601 - 125.558 ms[39m
[2026-07-22 23:54:41:5441] [[35mhttp[39m]: [35mGET /api/v1/masters/equipment 200 18926 - 147.622 ms[39m
[2026-07-22 23:54:41:5441] [[35mhttp[39m]: [35mGET /api/v1/masters/connector 304 - - 146.419 ms[39m
[2026-07-22 23:54:41:5441] [[35mhttp[39m]: [35mGET /api/v1/masters/charger-manufacturer 200 2510 - 29.305 ms[39m
[2026-07-22 23:54:41:5441] [[35mhttp[39m]: [35mGET /api/v1/masters/equipment 304 - - 15.755 ms[39m
[2026-07-22 23:54:41:5441] [[35mhttp[39m]: [35mGET /api/v1/masters/charger-manufacturer 304 - - 20.873 ms[39m
[2026-07-22 23:54:41:5441] [[35mhttp[39m]: [35mGET /api/v1/survey/bfd268f1-26a7-494e-9483-c5118680b2e7 304 - - 84.869 ms[39m
[2026-07-22 23:54:42:5442] [[35mhttp[39m]: [35mGET /api/v1/masters/connector 304 - - 167.048 ms[39m
[2026-07-22 23:54:51:5451] [[32minfo[39m]: [32mDatabase connection established successfully.[39m
[2026-07-22 23:54:51:5451] [[32minfo[39m]: [32mServer is running in development mode on port 5000[39m
[2026-07-22 23:54:57:5457] [[35mhttp[39m]: [35mGET /api/v1/survey/bfd268f1-26a7-494e-9483-c5118680b2e7 304 - - 85.125 ms[39m
[2026-07-22 23:54:57:5457] [[35mhttp[39m]: [35mGET /api/v1/survey/bfd268f1-26a7-494e-9483-c5118680b2e7 304 - - 41.266 ms[39m
[2026-07-22 23:55:00:550] [[35mhttp[39m]: [35mPOST /api/v1/survey/lock-asset 200 554 - 14.738 ms[39m
[2026-07-22 23:55:00:550] [[35mhttp[39m]: [35mGET /api/v1/survey/bfd268f1-26a7-494e-9483-c5118680b2e7 200 8601 - 41.651 ms[39m
[2026-07-22 23:55:00:550] [[35mhttp[39m]: [35mGET /api/v1/survey/bfd268f1-26a7-494e-9483-c5118680b2e7 304 - - 79.167 ms[39m
[2026-07-22 23:55:00:550] [[35mhttp[39m]: [35mGET /api/v1/masters/equipment 304 - - 126.355 ms[39m
[2026-07-22 23:55:00:550] [[35mhttp[39m]: [35mGET /api/v1/masters/equipment 304 - - 12.895 ms[39m
[2026-07-22 23:55:00:550] [[35mhttp[39m]: [35mGET /api/v1/photos?surveyId=bfd268f1-26a7-494e-9483-c5118680b2e7 304 - - 6.473 ms[39m
[2026-07-22 23:55:00:550] [[35mhttp[39m]: [35mGET /api/v1/photos?surveyId=bfd268f1-26a7-494e-9483-c5118680b2e7 304 - - 6.135 ms[39m
[2026-07-22 23:55:15:5515] [[35mhttp[39m]: [35mGET /api/v1/survey/bfd268f1-26a7-494e-9483-c5118680b2e7 304 - - 60.514 ms[39m
[2026-07-22 23:55:15:5515] [[35mhttp[39m]: [35mGET /api/v1/survey/bfd268f1-26a7-494e-9483-c5118680b2e7 304 - - 32.650 ms[39m
[2026-07-22 23:55:18:5518] [[35mhttp[39m]: [35mGET /api/v1/survey/bfd268f1-26a7-494e-9483-c5118680b2e7 304 - - 47.558 ms[39m
[2026-07-22 23:55:18:5518] [[35mhttp[39m]: [35mGET /api/v1/survey/bfd268f1-26a7-494e-9483-c5118680b2e7 304 - - 49.679 ms[39m
[2026-07-22 23:55:18:5518] [[35mhttp[39m]: [35mGET /api/v1/photos?surveyId=bfd268f1-26a7-494e-9483-c5118680b2e7 304 - - 35.480 ms[39m
[2026-07-22 23:55:18:5518] [[35mhttp[39m]: [35mGET /api/v1/photos?surveyId=bfd268f1-26a7-494e-9483-c5118680b2e7 304 - - 3.773 ms[39m
[2026-07-22 23:55:34:5534] [[35mhttp[39m]: [35mGET /api/v1/survey/bfd268f1-26a7-494e-9483-c5118680b2e7 304 - - 27.166 ms[39m
[2026-07-22 23:55:34:5534] [[35mhttp[39m]: [35mGET /api/v1/survey/bfd268f1-26a7-494e-9483-c5118680b2e7 304 - - 26.140 ms[39m
[2026-07-22 23:55:36:5536] [[35mhttp[39m]: [35mPOST /api/v1/survey/lock-asset 200 541 - 12.409 ms[39m
[2026-07-22 23:55:37:5537] [[35mhttp[39m]: [35mGET /api/v1/survey/bfd268f1-26a7-494e-9483-c5118680b2e7 200 8601 - 46.124 ms[39m
[2026-07-22 23:55:37:5537] [[35mhttp[39m]: [35mGET /api/v1/survey/bfd268f1-26a7-494e-9483-c5118680b2e7 304 - - 33.570 ms[39m
[2026-07-22 23:55:37:5537] [[35mhttp[39m]: [35mGET /api/v1/photos?surveyId=bfd268f1-26a7-494e-9483-c5118680b2e7 304 - - 4.763 ms[39m
[2026-07-22 23:55:37:5537] [[35mhttp[39m]: [35mGET /api/v1/photos?surveyId=bfd268f1-26a7-494e-9483-c5118680b2e7 304 - - 5.502 ms[39m
[2026-07-23 00:43:07:437] [[32minfo[39m]: [32mDatabase connection established successfully.[39m
[2026-07-23 00:43:07:437] [[32minfo[39m]: [32mServer is running in development mode on port 5000[39m
[2026-07-23 00:43:39:4339] [[32minfo[39m]: [32mDatabase connection established successfully.[39m
[2026-07-23 00:43:39:4339] [[32minfo[39m]: [32mServer is running in development mode on port 5000[39m
[2026-07-23 00:43:51:4351] [[32minfo[39m]: [32mDatabase connection established successfully.[39m
[2026-07-23 00:43:51:4351] [[32minfo[39m]: [32mServer is running in development mode on port 5000[39m
[2026-07-23 00:43:59:4359] [[35mhttp[39m]: [35mGET /api/v1/survey-assignment 304 - - 38.245 ms[39m
[2026-07-23 00:43:59:4359] [[35mhttp[39m]: [35mGET /api/v1/survey/site/e2951ef4-a31d-467d-a209-c79df8a2d20d 200 7728 - 356.845 ms[39m
[2026-07-23 00:46:57:4657] [[35mhttp[39m]: [35mPOST /api/v1/survey/step1 201 11512 - 165.700 ms[39m
[2026-07-23 00:46:57:4657] [[35mhttp[39m]: [35mGET /api/v1/survey/bfd268f1-26a7-494e-9483-c5118680b2e7 200 11492 - 33.574 ms[39m
[2026-07-23 00:46:57:4657] [[35mhttp[39m]: [35mGET /api/v1/survey/bfd268f1-26a7-494e-9483-c5118680b2e7 304 - - 96.861 ms[39m
[2026-07-23 00:47:18:4718] [[35mhttp[39m]: [35mGET /api/v1/survey-assignment 200 1068 - 7.955 ms[39m
[2026-07-23 00:47:18:4718] [[35mhttp[39m]: [35mGET /api/v1/survey-assignment 304 - - 10.231 ms[39m
[2026-07-23 00:47:18:4718] [[35mhttp[39m]: [35mGET /api/v1/survey/site/e2951ef4-a31d-467d-a209-c79df8a2d20d 200 10375 - 125.849 ms[39m
[2026-07-23 00:47:18:4718] [[35mhttp[39m]: [35mGET /api/v1/survey/site/e2951ef4-a31d-467d-a209-c79df8a2d20d 304 - - 37.704 ms[39m
[2026-07-23 00:49:59:4959] [[35mhttp[39m]: [35mPOST /api/v1/survey/step1 201 11515 - 85.349 ms[39m
[2026-07-23 00:49:59:4959] [[35mhttp[39m]: [35mGET /api/v1/survey/bfd268f1-26a7-494e-9483-c5118680b2e7 200 11495 - 50.506 ms[39m
[2026-07-23 00:49:59:4959] [[35mhttp[39m]: [35mGET /api/v1/survey/bfd268f1-26a7-494e-9483-c5118680b2e7 304 - - 51.178 ms[39m
[2026-07-23 00:50:02:502] [[35mhttp[39m]: [35mGET /api/v1/survey-assignment 200 1068 - 12.652 ms[39m
[2026-07-23 00:50:02:502] [[35mhttp[39m]: [35mGET /api/v1/survey-assignment 304 - - 12.234 ms[39m
[2026-07-23 00:50:02:502] [[35mhttp[39m]: [35mGET /api/v1/survey/site/e2951ef4-a31d-467d-a209-c79df8a2d20d 200 10378 - 36.300 ms[39m
[2026-07-23 00:50:02:502] [[35mhttp[39m]: [35mGET /api/v1/survey/site/e2951ef4-a31d-467d-a209-c79df8a2d20d 304 - - 18.082 ms[39m
[2026-07-23 00:50:13:5013] [[35mhttp[39m]: [35mGET /api/v1/auth/me 304 - - 4.378 ms[39m
[2026-07-23 00:50:13:5013] [[35mhttp[39m]: [35mGET /api/v1/auth/me 304 - - 3.683 ms[39m
[2026-07-23 00:50:14:5014] [[35mhttp[39m]: [35mGET /api/v1/survey-assignment 304 - - 149.715 ms[39m
[2026-07-23 00:50:14:5014] [[35mhttp[39m]: [35mGET /api/v1/survey-assignment 304 - - 25.172 ms[39m
[2026-07-23 00:50:14:5014] [[35mhttp[39m]: [35mGET /api/v1/survey/site/e2951ef4-a31d-467d-a209-c79df8a2d20d 304 - - 102.044 ms[39m
[2026-07-23 00:50:14:5014] [[35mhttp[39m]: [35mGET /api/v1/survey/site/e2951ef4-a31d-467d-a209-c79df8a2d20d 304 - - 65.502 ms[39m
[2026-07-23 00:50:37:5037] [[35mhttp[39m]: [35mGET /api/v1/auth/me 304 - - 4.179 ms[39m
[2026-07-23 00:50:37:5037] [[35mhttp[39m]: [35mGET /api/v1/auth/me 304 - - 5.083 ms[39m
[2026-07-23 00:50:37:5037] [[35mhttp[39m]: [35mGET /api/v1/survey-assignment 304 - - 24.640 ms[39m
[2026-07-23 00:50:37:5037] [[35mhttp[39m]: [35mGET /api/v1/survey-assignment 304 - - 12.161 ms[39m
[2026-07-23 00:50:37:5037] [[35mhttp[39m]: [35mGET /api/v1/survey/site/e2951ef4-a31d-467d-a209-c79df8a2d20d 304 - - 60.952 ms[39m
[2026-07-23 00:50:37:5037] [[35mhttp[39m]: [35mGET /api/v1/survey/site/e2951ef4-a31d-467d-a209-c79df8a2d20d 304 - - 51.721 ms[39m
[2026-07-23 00:51:14:5114] [[35mhttp[39m]: [35mPOST /api/v1/survey/step1 201 11505 - 76.577 ms[39m
[2026-07-23 00:51:14:5114] [[35mhttp[39m]: [35mGET /api/v1/survey/bfd268f1-26a7-494e-9483-c5118680b2e7 200 11485 - 28.151 ms[39m
[2026-07-23 00:51:14:5114] [[35mhttp[39m]: [35mGET /api/v1/survey/bfd268f1-26a7-494e-9483-c5118680b2e7 304 - - 49.301 ms[39m
[2026-07-23 00:51:19:5119] [[35mhttp[39m]: [35mGET /api/v1/survey-assignment 200 1068 - 9.190 ms[39m
[2026-07-23 00:51:19:5119] [[35mhttp[39m]: [35mGET /api/v1/survey-assignment 304 - - 14.912 ms[39m
[2026-07-23 00:51:19:5119] [[35mhttp[39m]: [35mGET /api/v1/survey/site/e2951ef4-a31d-467d-a209-c79df8a2d20d 200 10368 - 44.736 ms[39m
[2026-07-23 00:51:19:5119] [[35mhttp[39m]: [35mGET /api/v1/survey/site/e2951ef4-a31d-467d-a209-c79df8a2d20d 304 - - 24.814 ms[39m
[2026-07-23 00:52:29:5229] [[35mhttp[39m]: [35mGET /api/v1/auth/me 304 - - 6.108 ms[39m
[2026-07-23 00:52:29:5229] [[35mhttp[39m]: [35mGET /api/v1/auth/me 304 - - 4.052 ms[39m
[2026-07-23 00:52:29:5229] [[35mhttp[39m]: [35mGET /api/v1/survey-assignment 304 - - 17.195 ms[39m
[2026-07-23 00:52:29:5229] [[35mhttp[39m]: [35mGET /api/v1/survey-assignment 304 - - 14.307 ms[39m
[2026-07-23 00:52:29:5229] [[35mhttp[39m]: [35mGET /api/v1/survey/site/e2951ef4-a31d-467d-a209-c79df8a2d20d 304 - - 253.151 ms[39m
[2026-07-23 00:52:29:5229] [[35mhttp[39m]: [35mGET /api/v1/survey/site/e2951ef4-a31d-467d-a209-c79df8a2d20d 304 - - 41.966 ms[39m
[2026-07-23 00:52:45:5245] [[35mhttp[39m]: [35mGET /api/v1/auth/me 304 - - 8.538 ms[39m
[2026-07-23 00:52:45:5245] [[35mhttp[39m]: [35mGET /api/v1/auth/me 304 - - 3.984 ms[39m
[2026-07-23 00:52:46:5246] [[35mhttp[39m]: [35mGET /api/v1/survey-assignment 200 1068 - 19.779 ms[39m
[2026-07-23 00:52:46:5246] [[35mhttp[39m]: [35mGET /api/v1/survey-assignment 304 - - 19.524 ms[39m
[2026-07-23 00:52:46:5246] [[35mhttp[39m]: [35mGET /api/v1/survey/site/e2951ef4-a31d-467d-a209-c79df8a2d20d 200 10368 - 111.015 ms[39m
[2026-07-23 00:52:46:5246] [[35mhttp[39m]: [35mGET /api/v1/survey/site/e2951ef4-a31d-467d-a209-c79df8a2d20d 304 - - 26.625 ms[39m
[2026-07-23 00:52:53:5253] [[35mhttp[39m]: [35mPOST /api/v1/survey/step1 201 11505 - 237.859 ms[39m
[2026-07-23 00:52:53:5253] [[35mhttp[39m]: [35mGET /api/v1/survey/bfd268f1-26a7-494e-9483-c5118680b2e7 200 11485 - 51.880 ms[39m
[2026-07-23 00:52:53:5253] [[35mhttp[39m]: [35mGET /api/v1/survey/bfd268f1-26a7-494e-9483-c5118680b2e7 304 - - 30.317 ms[39m
[2026-07-23 00:53:02:532] [[35mhttp[39m]: [35mGET /api/v1/auth/me 304 - - 4.999 ms[39m
[2026-07-23 00:53:02:532] [[35mhttp[39m]: [35mGET /api/v1/auth/me 304 - - 3.141 ms[39m
[2026-07-23 00:53:02:532] [[35mhttp[39m]: [35mGET /api/v1/survey/bfd268f1-26a7-494e-9483-c5118680b2e7 304 - - 32.687 ms[39m
[2026-07-23 00:53:02:532] [[35mhttp[39m]: [35mGET /api/v1/survey/bfd268f1-26a7-494e-9483-c5118680b2e7 304 - - 66.516 ms[39m
[2026-07-23 00:55:28:5528] [[32minfo[39m]: [32mDatabase connection established successfully.[39m
[2026-07-23 00:55:28:5528] [[32minfo[39m]: [32mServer is running in development mode on port 5000[39m
[2026-07-23 00:55:35:5535] [[35mhttp[39m]: [35mGET /api/v1/survey-assignment 200 1068 - 98.753 ms[39m
[2026-07-23 00:55:35:5535] [[35mhttp[39m]: [35mGET /api/v1/survey/site/e2951ef4-a31d-467d-a209-c79df8a2d20d 200 10368 - 116.809 ms[39m
[2026-07-23 00:56:43:5643] [[35mhttp[39m]: [35mGET /api/v1/auth/me 304 - - 7.551 ms[39m
[2026-07-23 00:56:43:5643] [[35mhttp[39m]: [35mGET /api/v1/auth/me 304 - - 8.569 ms[39m
[2026-07-23 00:56:43:5643] [[35mhttp[39m]: [35mGET /api/v1/survey-assignment 304 - - 22.394 ms[39m
[2026-07-23 00:56:43:5643] [[35mhttp[39m]: [35mGET /api/v1/survey-assignment 304 - - 29.821 ms[39m
[2026-07-23 00:56:43:5643] [[35mhttp[39m]: [35mGET /api/v1/survey/site/e2951ef4-a31d-467d-a209-c79df8a2d20d 304 - - 211.757 ms[39m
[2026-07-23 00:56:43:5643] [[35mhttp[39m]: [35mGET /api/v1/survey/site/e2951ef4-a31d-467d-a209-c79df8a2d20d 304 - - 72.032 ms[39m
[2026-07-23 00:57:30:5730] [[35mhttp[39m]: [35mPOST /api/v1/survey/step1 201 11504 - 107.955 ms[39m
[2026-07-23 00:57:30:5730] [[35mhttp[39m]: [35mGET /api/v1/survey/bfd268f1-26a7-494e-9483-c5118680b2e7 200 11484 - 36.980 ms[39m
[2026-07-23 00:57:31:5731] [[35mhttp[39m]: [35mGET /api/v1/survey/bfd268f1-26a7-494e-9483-c5118680b2e7 304 - - 49.365 ms[39m
[2026-07-23 00:57:35:5735] [[35mhttp[39m]: [35mGET /api/v1/survey-assignment 200 1068 - 15.323 ms[39m
[2026-07-23 00:57:35:5735] [[35mhttp[39m]: [35mGET /api/v1/survey-assignment 304 - - 12.276 ms[39m
[2026-07-23 00:57:36:5736] [[35mhttp[39m]: [35mGET /api/v1/survey/site/e2951ef4-a31d-467d-a209-c79df8a2d20d 200 10367 - 34.143 ms[39m
[2026-07-23 00:57:36:5736] [[35mhttp[39m]: [35mGET /api/v1/survey/site/e2951ef4-a31d-467d-a209-c79df8a2d20d 304 - - 21.751 ms[39m
[2026-07-23 00:57:45:5745] [[35mhttp[39m]: [35mPOST /api/v1/survey/step1 201 11504 - 64.603 ms[39m
[2026-07-23 00:57:45:5745] [[35mhttp[39m]: [35mGET /api/v1/survey/bfd268f1-26a7-494e-9483-c5118680b2e7 200 11484 - 79.891 ms[39m
[2026-07-23 00:57:45:5745] [[35mhttp[39m]: [35mGET /api/v1/survey/bfd268f1-26a7-494e-9483-c5118680b2e7 304 - - 39.488 ms[39m
[2026-07-23 00:57:48:5748] [[35mhttp[39m]: [35mGET /api/v1/survey-assignment 200 1068 - 10.809 ms[39m
[2026-07-23 00:57:48:5748] [[35mhttp[39m]: [35mGET /api/v1/survey-assignment 304 - - 10.055 ms[39m
[2026-07-23 00:57:48:5748] [[35mhttp[39m]: [35mGET /api/v1/survey/site/e2951ef4-a31d-467d-a209-c79df8a2d20d 200 10367 - 29.534 ms[39m
[2026-07-23 00:57:48:5748] [[35mhttp[39m]: [35mGET /api/v1/survey/site/e2951ef4-a31d-467d-a209-c79df8a2d20d 304 - - 55.186 ms[39m
[2026-07-23 00:59:26:5926] [[35mhttp[39m]: [35mPOST /api/v1/auth/login 200 743 - 214.258 ms[39m
[2026-07-23 00:59:29:5929] [[35mhttp[39m]: [35mGET /api/v1/survey-assignment 304 - - 7.539 ms[39m
[2026-07-23 00:59:29:5929] [[35mhttp[39m]: [35mGET /api/v1/survey-assignment 304 - - 8.107 ms[39m
[2026-07-23 00:59:30:5930] [[35mhttp[39m]: [35mGET /api/v1/survey-assignment 304 - - 9.373 ms[39m
[2026-07-23 00:59:30:5930] [[35mhttp[39m]: [35mGET /api/v1/survey-assignment 304 - - 10.056 ms[39m
[2026-07-23 00:59:30:5930] [[35mhttp[39m]: [35mGET /api/v1/survey/site/e2951ef4-a31d-467d-a209-c79df8a2d20d 304 - - 34.335 ms[39m
[2026-07-23 00:59:30:5930] [[35mhttp[39m]: [35mGET /api/v1/survey/site/e2951ef4-a31d-467d-a209-c79df8a2d20d 304 - - 40.666 ms[39m
[2026-07-23 01:00:02:02] [[35mhttp[39m]: [35mGET /api/v1/survey-assignment 304 - - 9.143 ms[39m
[2026-07-23 01:00:02:02] [[35mhttp[39m]: [35mGET /api/v1/survey-assignment 304 - - 10.937 ms[39m
[2026-07-23 01:00:12:012] [[35mhttp[39m]: [35mGET /api/v1/masters/equipment 304 - - 16.918 ms[39m
[2026-07-23 01:00:12:012] [[35mhttp[39m]: [35mGET /api/v1/masters/equipment 304 - - 9.281 ms[39m
[2026-07-23 01:00:18:018] [[35mhttp[39m]: [35mGET /api/v1/auth/me 304 - - 2.581 ms[39m
[2026-07-23 01:00:18:018] [[35mhttp[39m]: [35mGET /api/v1/auth/me 304 - - 2.727 ms[39m
[2026-07-23 01:00:18:018] [[35mhttp[39m]: [35mGET /api/v1/masters/equipment 304 - - 10.179 ms[39m
[2026-07-23 01:00:18:018] [[35mhttp[39m]: [35mGET /api/v1/masters/equipment 304 - - 8.046 ms[39m
[2026-07-23 01:00:25:025] [[35mhttp[39m]: [35mGET /api/v1/masters/equipment 304 - - 11.194 ms[39m
[2026-07-23 01:00:25:025] [[35mhttp[39m]: [35mGET /api/v1/masters/equipment 304 - - 7.422 ms[39m
[2026-07-23 01:00:33:033] [[35mhttp[39m]: [35mGET /api/v1/survey-sites 200 2134 - 103.735 ms[39m
[2026-07-23 01:00:33:033] [[35mhttp[39m]: [35mGET /api/v1/survey-sites 304 - - 7.191 ms[39m
[2026-07-23 01:00:48:048] [[35mhttp[39m]: [35mGET /api/v1/masters/charger-manufacturer 304 - - 9.218 ms[39m
[2026-07-23 01:00:48:048] [[35mhttp[39m]: [35mGET /api/v1/masters/charger-model 304 - - 19.713 ms[39m
[2026-07-23 01:00:48:048] [[35mhttp[39m]: [35mGET /api/v1/masters/charger-manufacturer 304 - - 10.916 ms[39m
[2026-07-23 01:00:48:048] [[35mhttp[39m]: [35mGET /api/v1/masters/charger-model 304 - - 21.418 ms[39m
[2026-07-23 01:00:53:053] [[35mhttp[39m]: [35mGET /api/v1/masters/equipment 304 - - 15.337 ms[39m
[2026-07-23 01:00:53:053] [[35mhttp[39m]: [35mGET /api/v1/masters/equipment 304 - - 9.912 ms[39m
[2026-07-23 01:01:02:12] [[35mhttp[39m]: [35mGET /api/v1/masters/connector 304 - - 15.040 ms[39m
[2026-07-23 01:01:02:12] [[35mhttp[39m]: [35mGET /api/v1/masters/connector 304 - - 4.479 ms[39m
[2026-07-23 01:01:19:119] [[35mhttp[39m]: [35mGET /api/v1/survey-sites 304 - - 8.271 ms[39m
[2026-07-23 01:01:19:119] [[35mhttp[39m]: [35mGET /api/v1/survey-sites 304 - - 5.573 ms[39m
[2026-07-23 01:01:25:125] [[35mhttp[39m]: [35mGET /api/v1/users 200 4865 - 18.342 ms[39m
[2026-07-23 01:01:25:125] [[35mhttp[39m]: [35mGET /api/v1/users 304 - - 9.915 ms[39m
[2026-07-23 01:01:43:143] [[35mhttp[39m]: [35mGET /api/v1/survey-sites 304 - - 5.915 ms[39m
[2026-07-23 01:01:43:143] [[35mhttp[39m]: [35mGET /api/v1/survey-sites 304 - - 6.802 ms[39m
[2026-07-23 01:02:37:237] [[35mhttp[39m]: [35mGET /api/v1/survey 200 5540 - 33.274 ms[39m
[2026-07-23 01:02:37:237] [[35mhttp[39m]: [35mGET /api/v1/survey 304 - - 156.206 ms[39m
[2026-07-23 01:02:37:237] [[35mhttp[39m]: [35mGET /api/v1/masters/connector 304 - - 198.415 ms[39m
[2026-07-23 01:02:37:237] [[35mhttp[39m]: [35mGET /api/v1/survey-sites 304 - - 202.540 ms[39m
[2026-07-23 01:02:37:237] [[35mhttp[39m]: [35mGET /api/v1/masters/connector 304 - - 22.848 ms[39m
[2026-07-23 01:02:37:237] [[35mhttp[39m]: [35mGET /api/v1/masters/charger-manufacturer 304 - - 233.788 ms[39m
[2026-07-23 01:02:37:237] [[35mhttp[39m]: [35mGET /api/v1/survey-sites 304 - - 28.851 ms[39m
[2026-07-23 01:02:37:237] [[35mhttp[39m]: [35mGET /api/v1/masters/equipment 304 - - 261.355 ms[39m
[2026-07-23 01:02:37:237] [[35mhttp[39m]: [35mGET /api/v1/masters/charger-manufacturer 304 - - 15.296 ms[39m
[2026-07-23 01:02:37:237] [[35mhttp[39m]: [35mGET /api/v1/masters/equipment 304 - - 16.389 ms[39m
[2026-07-23 01:02:41:241] [[35mhttp[39m]: [35mPOST /api/v1/survey/step1 422 501 - 7.087 ms[39m
[2026-07-23 01:02:45:245] [[35mhttp[39m]: [35mPOST /api/v1/survey/step1 422 501 - 4.624 ms[39m
[2026-07-23 01:02:47:247] [[35mhttp[39m]: [35mPOST /api/v1/survey/step1 422 501 - 4.591 ms[39m
[2026-07-23 01:02:55:255] [[35mhttp[39m]: [35mGET /api/v1/users 304 - - 18.107 ms[39m
[2026-07-23 01:02:55:255] [[35mhttp[39m]: [35mGET /api/v1/users 304 - - 7.393 ms[39m
[2026-07-23 01:03:06:36] [[35mhttp[39m]: [35mGET /api/v1/survey-sites 304 - - 9.493 ms[39m
[2026-07-23 01:03:07:37] [[35mhttp[39m]: [35mGET /api/v1/users/d32604ee-7270-4e92-8822-39c3066ff852 200 399 - 16.625 ms[39m
[2026-07-23 01:03:07:37] [[35mhttp[39m]: [35mGET /api/v1/survey-sites 304 - - 12.332 ms[39m
[2026-07-23 01:03:07:37] [[35mhttp[39m]: [35mGET /api/v1/users/d32604ee-7270-4e92-8822-39c3066ff852 304 - - 13.675 ms[39m
[2026-07-23 01:04:44:444] [[35mhttp[39m]: [35mGET /api/v1/survey-sites 304 - - 8.106 ms[39m
[2026-07-23 01:04:44:444] [[35mhttp[39m]: [35mGET /api/v1/survey-sites 304 - - 5.644 ms[39m
[2026-07-23 01:05:00:50] [[35mhttp[39m]: [35mGET /api/v1/users 304 - - 12.783 ms[39m
[2026-07-23 01:05:00:50] [[35mhttp[39m]: [35mGET /api/v1/users 304 - - 9.632 ms[39m
[2026-07-23 01:05:09:59] [[35mhttp[39m]: [35mGET /api/v1/survey-sites 304 - - 5.739 ms[39m
[2026-07-23 01:05:09:59] [[35mhttp[39m]: [35mGET /api/v1/survey-sites 304 - - 6.828 ms[39m
[2026-07-23 01:05:21:521] [[35mhttp[39m]: [35mGET /api/v1/users 304 - - 14.718 ms[39m
[2026-07-23 01:05:21:521] [[35mhttp[39m]: [35mGET /api/v1/users 304 - - 10.418 ms[39m
[2026-07-23 01:05:26:526] [[35mhttp[39m]: [35mGET /api/v1/masters/connector 304 - - 8.917 ms[39m
[2026-07-23 01:05:26:526] [[35mhttp[39m]: [35mGET /api/v1/survey-sites 304 - - 22.206 ms[39m
[2026-07-23 01:05:26:526] [[35mhttp[39m]: [35mGET /api/v1/masters/equipment 304 - - 23.994 ms[39m
[2026-07-23 01:05:26:526] [[35mhttp[39m]: [35mGET /api/v1/masters/charger-manufacturer 304 - - 51.660 ms[39m
[2026-07-23 01:05:26:526] [[35mhttp[39m]: [35mGET /api/v1/survey 304 - - 64.356 ms[39m
[2026-07-23 01:05:26:526] [[35mhttp[39m]: [35mGET /api/v1/masters/connector 304 - - 12.623 ms[39m
[2026-07-23 01:05:26:526] [[35mhttp[39m]: [35mGET /api/v1/survey-sites 304 - - 13.989 ms[39m
[2026-07-23 01:05:26:526] [[35mhttp[39m]: [35mGET /api/v1/masters/equipment 304 - - 29.087 ms[39m
[2026-07-23 01:05:26:526] [[35mhttp[39m]: [35mGET /api/v1/masters/charger-manufacturer 304 - - 27.322 ms[39m
[2026-07-23 01:05:26:526] [[35mhttp[39m]: [35mGET /api/v1/survey 304 - - 11.133 ms[39m
[2026-07-23 01:05:33:533] [[35mhttp[39m]: [35mPOST /api/v1/survey/step1 422 501 - 2.912 ms[39m
[2026-07-23 01:05:35:535] [[35mhttp[39m]: [35mPOST /api/v1/survey/step1 422 501 - 3.904 ms[39m
[2026-07-23 01:05:38:538] [[35mhttp[39m]: [35mPOST /api/v1/survey/step1 422 501 - 4.015 ms[39m
[2026-07-23 01:05:41:541] [[35mhttp[39m]: [35mPOST /api/v1/survey/step1 422 501 - 3.589 ms[39m
[2026-07-23 01:05:44:544] [[35mhttp[39m]: [35mGET /api/v1/users 304 - - 11.093 ms[39m
[2026-07-23 01:05:44:544] [[35mhttp[39m]: [35mGET /api/v1/users 304 - - 11.089 ms[39m
[2026-07-23 01:06:07:67] [[35mhttp[39m]: [35mGET /api/v1/survey-sites 304 - - 6.361 ms[39m
[2026-07-23 01:06:07:67] [[35mhttp[39m]: [35mGET /api/v1/survey-sites 304 - - 7.186 ms[39m
[2026-07-23 01:06:44:644] [[35mhttp[39m]: [35mGET /api/v1/users 304 - - 11.853 ms[39m
[2026-07-23 01:06:44:644] [[35mhttp[39m]: [35mGET /api/v1/users 304 - - 7.377 ms[39m
[2026-07-23 01:07:28:728] [[35mhttp[39m]: [35mGET /api/v1/survey-sites 304 - - 7.689 ms[39m
[2026-07-23 01:07:28:728] [[35mhttp[39m]: [35mGET /api/v1/survey-sites 304 - - 4.667 ms[39m
[2026-07-23 01:07:32:732] [[35mhttp[39m]: [35mGET /api/v1/users 304 - - 8.507 ms[39m
[2026-07-23 01:07:32:732] [[35mhttp[39m]: [35mGET /api/v1/users 304 - - 9.268 ms[39m
[2026-07-23 01:07:47:747] [[35mhttp[39m]: [35mGET /api/v1/survey-sites 304 - - 83.751 ms[39m
[2026-07-23 01:07:47:747] [[35mhttp[39m]: [35mGET /api/v1/survey-sites 304 - - 5.965 ms[39m
[2026-07-23 01:11:43:1143] [[35mhttp[39m]: [35mGET /api/v1/users 304 - - 17.010 ms[39m
[2026-07-23 01:11:43:1143] [[35mhttp[39m]: [35mGET /api/v1/users 304 - - 10.915 ms[39m
[2026-07-23 01:14:07:147] [[35mhttp[39m]: [35mGET /api/v1/survey-assignment 304 - - 126.102 ms[39m
[2026-07-23 01:14:07:147] [[35mhttp[39m]: [35mGET /api/v1/survey-assignment 304 - - 10.535 ms[39m
[2026-07-23 01:14:07:147] [[35mhttp[39m]: [35mGET /api/v1/survey/site/e2951ef4-a31d-467d-a209-c79df8a2d20d 304 - - 43.761 ms[39m
[2026-07-23 01:14:07:147] [[35mhttp[39m]: [35mGET /api/v1/survey/site/e2951ef4-a31d-467d-a209-c79df8a2d20d 304 - - 23.206 ms[39m
[2026-07-23 01:14:41:1441] [[35mhttp[39m]: [35mGET /api/v1/survey 200 2430 - 34.494 ms[39m
[2026-07-23 01:14:41:1441] [[35mhttp[39m]: [35mGET /api/v1/survey 304 - - 107.596 ms[39m
[2026-07-23 01:14:41:1441] [[35mhttp[39m]: [35mGET /api/v1/masters/connector 304 - - 190.157 ms[39m
[2026-07-23 01:14:41:1441] [[35mhttp[39m]: [35mGET /api/v1/masters/charger-manufacturer 304 - - 203.924 ms[39m
[2026-07-23 01:14:41:1441] [[35mhttp[39m]: [35mGET /api/v1/survey-sites 200 592 - 288.021 ms[39m
[2026-07-23 01:14:41:1441] [[35mhttp[39m]: [35mGET /api/v1/masters/equipment 304 - - 296.811 ms[39m
[2026-07-23 01:14:41:1441] [[35mhttp[39m]: [35mGET /api/v1/survey-sites 304 - - 13.013 ms[39m
[2026-07-23 01:14:41:1441] [[35mhttp[39m]: [35mGET /api/v1/masters/connector 304 - - 17.533 ms[39m
[2026-07-23 01:14:41:1441] [[35mhttp[39m]: [35mGET /api/v1/masters/charger-manufacturer 304 - - 19.481 ms[39m
[2026-07-23 01:14:41:1441] [[35mhttp[39m]: [35mGET /api/v1/masters/equipment 304 - - 78.799 ms[39m
[2026-07-23 01:14:43:1443] [[35mhttp[39m]: [35mGET /api/v1/survey-assignment 304 - - 17.439 ms[39m
[2026-07-23 01:14:43:1443] [[35mhttp[39m]: [35mGET /api/v1/survey-assignment 304 - - 10.848 ms[39m
[2026-07-23 01:15:08:158] [[35mhttp[39m]: [35mGET /api/v1/auth/me 304 - - 2.919 ms[39m
[2026-07-23 01:15:08:158] [[35mhttp[39m]: [35mGET /api/v1/auth/me 304 - - 4.045 ms[39m
[2026-07-23 01:15:08:158] [[35mhttp[39m]: [35mGET /api/v1/survey-assignment 304 - - 14.869 ms[39m
[2026-07-23 01:15:08:158] [[35mhttp[39m]: [35mGET /api/v1/survey-assignment 304 - - 18.224 ms[39m
[2026-07-23 01:15:15:1515] [[35mhttp[39m]: [35mPOST /api/v1/auth/login 200 727 - 208.290 ms[39m
[2026-07-23 01:15:15:1515] [[35mhttp[39m]: [35mGET /api/v1/dashboard 200 4158 - 45.070 ms[39m
[2026-07-23 01:15:15:1515] [[35mhttp[39m]: [35mGET /api/v1/dashboard 304 - - 28.408 ms[39m
[2026-07-23 01:15:30:1530] [[35mhttp[39m]: [35mGET /api/v1/masters/connector 304 - - 19.158 ms[39m
[2026-07-23 01:15:30:1530] [[35mhttp[39m]: [35mGET /api/v1/masters/charger-manufacturer 304 - - 40.542 ms[39m
[2026-07-23 01:15:30:1530] [[35mhttp[39m]: [35mGET /api/v1/masters/equipment 304 - - 38.552 ms[39m
[2026-07-23 01:15:30:1530] [[35mhttp[39m]: [35mGET /api/v1/survey-sites 200 1073 - 43.581 ms[39m
[2026-07-23 01:15:30:1530] [[35mhttp[39m]: [35mGET /api/v1/survey 304 - - 57.911 ms[39m
[2026-07-23 01:15:30:1530] [[35mhttp[39m]: [35mGET /api/v1/masters/connector 304 - - 18.318 ms[39m
[2026-07-23 01:15:30:1530] [[35mhttp[39m]: [35mGET /api/v1/masters/charger-manufacturer 304 - - 32.617 ms[39m
[2026-07-23 01:15:30:1530] [[35mhttp[39m]: [35mGET /api/v1/masters/equipment 304 - - 32.122 ms[39m
[2026-07-23 01:15:30:1530] [[35mhttp[39m]: [35mGET /api/v1/survey-sites 304 - - 50.094 ms[39m
[2026-07-23 01:15:30:1530] [[35mhttp[39m]: [35mGET /api/v1/survey 304 - - 48.611 ms[39m
[2026-07-23 01:15:36:1536] [[35mhttp[39m]: [35mPOST /api/v1/survey/step1 422 501 - 3.943 ms[39m
[2026-07-23 01:15:40:1540] [[35mhttp[39m]: [35mPOST /api/v1/survey/step1 422 501 - 4.768 ms[39m
[2026-07-23 01:15:43:1543] [[35mhttp[39m]: [35mGET /api/v1/users 200 3887 - 11.550 ms[39m
[2026-07-23 01:15:43:1543] [[35mhttp[39m]: [35mGET /api/v1/users 304 - - 12.472 ms[39m
[2026-07-23 01:15:47:1547] [[35mhttp[39m]: [35mGET /api/v1/users/1148c941-ef4c-421b-be74-2eed0a901025 200 2275 - 15.348 ms[39m
[2026-07-23 01:15:47:1547] [[35mhttp[39m]: [35mGET /api/v1/survey-sites 304 - - 11.435 ms[39m
[2026-07-23 01:15:47:1547] [[35mhttp[39m]: [35mGET /api/v1/users/1148c941-ef4c-421b-be74-2eed0a901025 304 - - 21.081 ms[39m
[2026-07-23 01:15:47:1547] [[35mhttp[39m]: [35mGET /api/v1/survey-sites 304 - - 22.349 ms[39m
[2026-07-23 01:16:13:1613] [[35mhttp[39m]: [35mPUT /api/v1/users/1148c941-ef4c-421b-be74-2eed0a901025 200 2272 - 69.050 ms[39m
[2026-07-23 01:16:14:1614] [[35mhttp[39m]: [35mGET /api/v1/users 200 3889 - 16.230 ms[39m
[2026-07-23 01:16:14:1614] [[35mhttp[39m]: [35mGET /api/v1/users 304 - - 12.856 ms[39m
[2026-07-23 01:16:20:1620] [[35mhttp[39m]: [35mGET /api/v1/users/1148c941-ef4c-421b-be74-2eed0a901025 200 2280 - 14.292 ms[39m
[2026-07-23 01:16:20:1620] [[35mhttp[39m]: [35mGET /api/v1/survey-sites 200 1070 - 12.655 ms[39m
[2026-07-23 01:16:20:1620] [[35mhttp[39m]: [35mGET /api/v1/users/1148c941-ef4c-421b-be74-2eed0a901025 304 - - 34.777 ms[39m
[2026-07-23 01:16:20:1620] [[35mhttp[39m]: [35mGET /api/v1/survey-sites 304 - - 41.358 ms[39m
[2026-07-23 01:16:22:1622] [[35mhttp[39m]: [35mGET /api/v1/users 304 - - 8.601 ms[39m
[2026-07-23 01:16:22:1622] [[35mhttp[39m]: [35mGET /api/v1/users 304 - - 8.938 ms[39m
[2026-07-23 01:16:58:1658] [[35mhttp[39m]: [35mGET /api/v1/survey-assignment 200 3003 - 15.372 ms[39m
[2026-07-23 01:16:58:1658] [[35mhttp[39m]: [35mGET /api/v1/survey-assignment 304 - - 9.433 ms[39m
[2026-07-23 01:16:58:1658] [[35mhttp[39m]: [35mGET /api/v1/survey/site/e2951ef4-a31d-467d-a209-c79df8a2d20d 200 10364 - 64.125 ms[39m
[2026-07-23 01:16:58:1658] [[35mhttp[39m]: [35mGET /api/v1/survey/site/e2951ef4-a31d-467d-a209-c79df8a2d20d 304 - - 62.333 ms[39m
[2026-07-23 01:17:16:1716] [[35mhttp[39m]: [35mPOST /api/v1/survey/step1 201 11504 - 56.079 ms[39m
[2026-07-23 01:17:16:1716] [[35mhttp[39m]: [35mGET /api/v1/survey/bfd268f1-26a7-494e-9483-c5118680b2e7 200 11484 - 48.614 ms[39m
[2026-07-23 01:17:16:1716] [[35mhttp[39m]: [35mGET /api/v1/survey/bfd268f1-26a7-494e-9483-c5118680b2e7 304 - - 56.508 ms[39m
[2026-07-23 01:17:18:1718] [[35mhttp[39m]: [35mGET /api/v1/survey-assignment 200 3009 - 9.776 ms[39m
[2026-07-23 01:17:18:1718] [[35mhttp[39m]: [35mGET /api/v1/survey-assignment 304 - - 17.996 ms[39m
[2026-07-23 01:17:18:1718] [[35mhttp[39m]: [35mGET /api/v1/survey/site/e2951ef4-a31d-467d-a209-c79df8a2d20d 200 10367 - 41.616 ms[39m
[2026-07-23 01:17:18:1718] [[35mhttp[39m]: [35mGET /api/v1/survey/site/e2951ef4-a31d-467d-a209-c79df8a2d20d 304 - - 19.832 ms[39m
[2026-07-23 01:18:49:1849] [[35mhttp[39m]: [35mGET /api/v1/masters/charger-manufacturer 304 - - 13.068 ms[39m
[2026-07-23 01:18:49:1849] [[35mhttp[39m]: [35mGET /api/v1/masters/equipment 304 - - 15.489 ms[39m
[2026-07-23 01:18:49:1849] [[35mhttp[39m]: [35mGET /api/v1/masters/connector 304 - - 84.850 ms[39m
[2026-07-23 01:18:49:1849] [[35mhttp[39m]: [35mGET /api/v1/survey-sites 200 2134 - 91.618 ms[39m
[2026-07-23 01:18:49:1849] [[35mhttp[39m]: [35mGET /api/v1/survey 200 5540 - 97.640 ms[39m
[2026-07-23 01:18:49:1849] [[35mhttp[39m]: [35mGET /api/v1/masters/charger-manufacturer 304 - - 11.347 ms[39m
[2026-07-23 01:18:49:1849] [[35mhttp[39m]: [35mGET /api/v1/masters/equipment 304 - - 27.969 ms[39m
[2026-07-23 01:18:49:1849] [[35mhttp[39m]: [35mGET /api/v1/masters/connector 304 - - 28.339 ms[39m
[2026-07-23 01:18:49:1849] [[35mhttp[39m]: [35mGET /api/v1/survey-sites 304 - - 27.165 ms[39m
[2026-07-23 01:18:49:1849] [[35mhttp[39m]: [35mGET /api/v1/survey 304 - - 33.704 ms[39m
[2026-07-23 01:18:50:1850] [[35mhttp[39m]: [35mGET /api/v1/survey-assignment 304 - - 10.715 ms[39m
[2026-07-23 01:18:50:1850] [[35mhttp[39m]: [35mGET /api/v1/survey/site/e2951ef4-a31d-467d-a209-c79df8a2d20d 304 - - 38.526 ms[39m
[2026-07-23 01:18:56:1856] [[35mhttp[39m]: [35mGET /api/v1/survey-assignment 304 - - 14.651 ms[39m
[2026-07-23 01:18:56:1856] [[35mhttp[39m]: [35mGET /api/v1/survey/site/e2951ef4-a31d-467d-a209-c79df8a2d20d 304 - - 33.161 ms[39m
[2026-07-23 01:18:58:1858] [[35mhttp[39m]: [35mPOST /api/v1/survey/step1 422 501 - 5.114 ms[39m
[2026-07-23 01:19:07:197] [[32minfo[39m]: [32mDatabase connection established successfully.[39m
[2026-07-23 01:19:07:197] [[32minfo[39m]: [32mServer is running in development mode on port 5000[39m
[2026-07-23 01:19:08:198] [[35mhttp[39m]: [35mGET /api/v1/users 200 4873 - 44.023 ms[39m
[2026-07-23 01:19:08:198] [[35mhttp[39m]: [35mGET /api/v1/users 304 - - 11.259 ms[39m
[2026-07-23 01:19:09:199] [[35mhttp[39m]: [35mGET /api/v1/survey 304 - - 31.557 ms[39m
[2026-07-23 01:19:09:199] [[35mhttp[39m]: [35mGET /api/v1/survey 304 - - 56.022 ms[39m
[2026-07-23 01:19:09:199] [[35mhttp[39m]: [35mGET /api/v1/masters/charger-manufacturer 304 - - 202.851 ms[39m
[2026-07-23 01:19:09:199] [[35mhttp[39m]: [35mGET /api/v1/masters/connector 304 - - 437.604 ms[39m
[2026-07-23 01:19:09:199] [[35mhttp[39m]: [35mGET /api/v1/survey-sites 304 - - 447.426 ms[39m
[2026-07-23 01:19:09:199] [[35mhttp[39m]: [35mGET /api/v1/masters/equipment 304 - - 442.311 ms[39m
[2026-07-23 01:19:09:199] [[35mhttp[39m]: [35mGET /api/v1/masters/connector 304 - - 11.665 ms[39m
[2026-07-23 01:19:09:199] [[35mhttp[39m]: [35mGET /api/v1/survey-sites 304 - - 11.890 ms[39m
[2026-07-23 01:19:09:199] [[35mhttp[39m]: [35mGET /api/v1/masters/equipment 304 - - 14.173 ms[39m
[2026-07-23 01:19:09:199] [[35mhttp[39m]: [35mGET /api/v1/masters/charger-manufacturer 304 - - 43.075 ms[39m
[2026-07-23 01:23:45:2345] [[35mhttp[39m]: [35mGET /api/v1/photos?surveyId=bfd268f1-26a7-494e-9483-c5118680b2e7 304 - - 10.283 ms[39m
[2026-07-23 01:23:45:2345] [[35mhttp[39m]: [35mGET /api/v1/photos?surveyId=bfd268f1-26a7-494e-9483-c5118680b2e7 304 - - 4.121 ms[39m
[2026-07-23 01:23:46:2346] [[35mhttp[39m]: [35mGET /api/v1/survey/bfd268f1-26a7-494e-9483-c5118680b2e7 200 11484 - 62.953 ms[39m
[2026-07-23 01:23:46:2346] [[35mhttp[39m]: [35mGET /api/v1/survey/bfd268f1-26a7-494e-9483-c5118680b2e7 304 - - 58.595 ms[39m
[2026-07-23 01:23:46:2346] [[35mhttp[39m]: [35mGET /api/v1/users 304 - - 53.849 ms[39m
[2026-07-23 01:23:46:2346] [[35mhttp[39m]: [35mGET /api/v1/users 304 - - 9.070 ms[39m
[2026-07-23 01:24:20:2420] [[35mhttp[39m]: [35mGET /api/v1/survey 304 - - 169.937 ms[39m
[2026-07-23 01:24:20:2420] [[35mhttp[39m]: [35mGET /api/v1/masters/connector 304 - - 183.140 ms[39m
[2026-07-23 01:24:20:2420] [[35mhttp[39m]: [35mGET /api/v1/survey-sites 304 - - 190.240 ms[39m
[2026-07-23 01:24:20:2420] [[35mhttp[39m]: [35mGET /api/v1/masters/charger-manufacturer 304 - - 188.455 ms[39m
[2026-07-23 01:24:20:2420] [[35mhttp[39m]: [35mGET /api/v1/masters/equipment 304 - - 187.552 ms[39m
[2026-07-23 01:24:20:2420] [[35mhttp[39m]: [35mGET /api/v1/masters/connector 304 - - 7.117 ms[39m
[2026-07-23 01:24:20:2420] [[35mhttp[39m]: [35mGET /api/v1/survey 304 - - 90.459 ms[39m
[2026-07-23 01:24:20:2420] [[35mhttp[39m]: [35mGET /api/v1/masters/equipment 304 - - 8.484 ms[39m
[2026-07-23 01:24:20:2420] [[35mhttp[39m]: [35mGET /api/v1/survey-sites 304 - - 15.309 ms[39m
[2026-07-23 01:24:20:2420] [[35mhttp[39m]: [35mGET /api/v1/masters/charger-manufacturer 304 - - 43.839 ms[39m
[2026-07-23 01:24:35:2435] [[35mhttp[39m]: [35mGET /api/v1/photos?surveyId=bfd268f1-26a7-494e-9483-c5118680b2e7 304 - - 10.210 ms[39m
[2026-07-23 01:24:35:2435] [[35mhttp[39m]: [35mGET /api/v1/photos?surveyId=bfd268f1-26a7-494e-9483-c5118680b2e7 304 - - 3.986 ms[39m
[2026-07-23 01:24:35:2435] [[35mhttp[39m]: [35mGET /api/v1/survey/bfd268f1-26a7-494e-9483-c5118680b2e7 304 - - 50.908 ms[39m
[2026-07-23 01:24:35:2435] [[35mhttp[39m]: [35mGET /api/v1/users 304 - - 13.774 ms[39m
[2026-07-23 01:24:35:2435] [[35mhttp[39m]: [35mGET /api/v1/survey/bfd268f1-26a7-494e-9483-c5118680b2e7 304 - - 40.141 ms[39m
[2026-07-23 01:24:35:2435] [[35mhttp[39m]: [35mGET /api/v1/users 304 - - 23.082 ms[39m
[2026-07-23 01:24:47:2447] [[35mhttp[39m]: [35mGET /api/v1/survey-sites 304 - - 7.048 ms[39m
[2026-07-23 01:24:47:2447] [[35mhttp[39m]: [35mGET /api/v1/survey 304 - - 42.836 ms[39m
[2026-07-23 01:24:47:2447] [[35mhttp[39m]: [35mGET /api/v1/masters/equipment 304 - - 40.769 ms[39m
[2026-07-23 01:24:47:2447] [[35mhttp[39m]: [35mGET /api/v1/masters/connector 304 - - 42.780 ms[39m
[2026-07-23 01:24:47:2447] [[35mhttp[39m]: [35mGET /api/v1/masters/charger-manufacturer 304 - - 16.525 ms[39m
[2026-07-23 01:24:47:2447] [[35mhttp[39m]: [35mGET /api/v1/survey-sites 304 - - 24.112 ms[39m
[2026-07-23 01:24:47:2447] [[35mhttp[39m]: [35mGET /api/v1/survey 304 - - 22.338 ms[39m
[2026-07-23 01:24:47:2447] [[35mhttp[39m]: [35mGET /api/v1/masters/connector 304 - - 15.045 ms[39m
[2026-07-23 01:24:47:2447] [[35mhttp[39m]: [35mGET /api/v1/masters/equipment 304 - - 24.736 ms[39m
[2026-07-23 01:24:47:2447] [[35mhttp[39m]: [35mGET /api/v1/masters/charger-manufacturer 304 - - 15.923 ms[39m
[2026-07-23 01:25:19:2519] [[35mhttp[39m]: [35mGET /api/v1/photos?surveyId=bfd268f1-26a7-494e-9483-c5118680b2e7 304 - - 7.059 ms[39m
[2026-07-23 01:25:19:2519] [[35mhttp[39m]: [35mGET /api/v1/photos?surveyId=bfd268f1-26a7-494e-9483-c5118680b2e7 304 - - 20.279 ms[39m
[2026-07-23 01:25:19:2519] [[35mhttp[39m]: [35mGET /api/v1/survey/bfd268f1-26a7-494e-9483-c5118680b2e7 304 - - 51.720 ms[39m
[2026-07-23 01:25:19:2519] [[35mhttp[39m]: [35mGET /api/v1/users 304 - - 64.179 ms[39m
[2026-07-23 01:25:19:2519] [[35mhttp[39m]: [35mGET /api/v1/survey/bfd268f1-26a7-494e-9483-c5118680b2e7 304 - - 71.130 ms[39m
[2026-07-23 01:25:19:2519] [[35mhttp[39m]: [35mGET /api/v1/users 304 - - 8.623 ms[39m
[2026-07-23 01:25:56:2556] [[35mhttp[39m]: [35mGET /api/v1/auth/me 304 - - 171.003 ms[39m
[2026-07-23 01:25:57:2557] [[35mhttp[39m]: [35mGET /api/v1/auth/me 304 - - 99.988 ms[39m
[2026-07-23 01:25:57:2557] [[35mhttp[39m]: [35mGET /api/v1/photos?surveyId=bfd268f1-26a7-494e-9483-c5118680b2e7 304 - - 71.762 ms[39m
[2026-07-23 01:25:57:2557] [[35mhttp[39m]: [35mGET /api/v1/survey/bfd268f1-26a7-494e-9483-c5118680b2e7 304 - - 191.870 ms[39m
[2026-07-23 01:25:58:2558] [[35mhttp[39m]: [35mGET /api/v1/photos?surveyId=bfd268f1-26a7-494e-9483-c5118680b2e7 304 - - 194.217 ms[39m
[2026-07-23 01:25:58:2558] [[35mhttp[39m]: [35mGET /api/v1/users 304 - - 141.167 ms[39m
[2026-07-23 01:25:58:2558] [[35mhttp[39m]: [35mGET /api/v1/survey/bfd268f1-26a7-494e-9483-c5118680b2e7 304 - - 315.135 ms[39m
[2026-07-23 01:25:58:2558] [[35mhttp[39m]: [35mGET /api/v1/users 304 - - 14.131 ms[39m
[2026-07-23 01:26:11:2611] [[35mhttp[39m]: [35mGET /api/v1/auth/me 304 - - 3.603 ms[39m
[2026-07-23 01:26:11:2611] [[35mhttp[39m]: [35mGET /api/v1/auth/me 304 - - 154.810 ms[39m
[2026-07-23 01:26:11:2611] [[35mhttp[39m]: [35mGET /api/v1/masters/photo-category 304 - - 25.791 ms[39m
[2026-07-23 01:26:11:2611] [[35mhttp[39m]: [35mGET /api/v1/masters/photo-category 304 - - 6.186 ms[39m
[2026-07-23 01:26:18:2618] [[35mhttp[39m]: [35mGET /api/v1/auth/me 200 228 - 6.414 ms[39m
[2026-07-23 01:26:18:2618] [[35mhttp[39m]: [35mGET /api/v1/auth/me 304 - - 4.066 ms[39m
[2026-07-23 01:26:19:2619] [[35mhttp[39m]: [35mGET /api/v1/survey-assignment 304 - - 33.030 ms[39m
[2026-07-23 01:26:19:2619] [[35mhttp[39m]: [35mGET /api/v1/survey-assignment 304 - - 29.974 ms[39m
[2026-07-23 01:26:19:2619] [[35mhttp[39m]: [35mGET /api/v1/survey/site/e2951ef4-a31d-467d-a209-c79df8a2d20d 304 - - 91.007 ms[39m
[2026-07-23 01:26:19:2619] [[35mhttp[39m]: [35mGET /api/v1/survey/site/e2951ef4-a31d-467d-a209-c79df8a2d20d 304 - - 69.358 ms[39m
[2026-07-23 01:27:39:2739] [[35mhttp[39m]: [35mGET /api/v1/survey-sites 304 - - 16.257 ms[39m
[2026-07-23 01:27:39:2739] [[35mhttp[39m]: [35mGET /api/v1/masters/connector 304 - - 57.031 ms[39m
[2026-07-23 01:27:39:2739] [[35mhttp[39m]: [35mGET /api/v1/survey 304 - - 66.189 ms[39m
[2026-07-23 01:27:39:2739] [[35mhttp[39m]: [35mGET /api/v1/masters/equipment 304 - - 64.787 ms[39m
[2026-07-23 01:27:39:2739] [[35mhttp[39m]: [35mGET /api/v1/masters/charger-manufacturer 304 - - 59.450 ms[39m
[2026-07-23 01:27:39:2739] [[35mhttp[39m]: [35mGET /api/v1/survey-sites 304 - - 29.920 ms[39m
[2026-07-23 01:27:39:2739] [[35mhttp[39m]: [35mGET /api/v1/masters/connector 304 - - 29.346 ms[39m
[2026-07-23 01:27:39:2739] [[35mhttp[39m]: [35mGET /api/v1/masters/charger-manufacturer 304 - - 24.619 ms[39m
[2026-07-23 01:27:39:2739] [[35mhttp[39m]: [35mGET /api/v1/masters/equipment 304 - - 28.439 ms[39m
[2026-07-23 01:27:39:2739] [[35mhttp[39m]: [35mGET /api/v1/survey 304 - - 50.104 ms[39m
[2026-07-23 01:27:41:2741] [[35mhttp[39m]: [35mGET /api/v1/photos?surveyId=38b1c2d1-40fe-4fd7-9cf5-f37c34471228 200 77 - 10.407 ms[39m
[2026-07-23 01:27:41:2741] [[35mhttp[39m]: [35mGET /api/v1/photos?surveyId=38b1c2d1-40fe-4fd7-9cf5-f37c34471228 304 - - 4.117 ms[39m
[2026-07-23 01:27:41:2741] [[35mhttp[39m]: [35mGET /api/v1/survey/38b1c2d1-40fe-4fd7-9cf5-f37c34471228 200 3486 - 39.019 ms[39m
[2026-07-23 01:27:41:2741] [[35mhttp[39m]: [35mGET /api/v1/users 304 - - 90.686 ms[39m
[2026-07-23 01:27:41:2741] [[35mhttp[39m]: [35mGET /api/v1/survey/38b1c2d1-40fe-4fd7-9cf5-f37c34471228 304 - - 96.577 ms[39m
[2026-07-23 01:27:41:2741] [[35mhttp[39m]: [35mGET /api/v1/users 304 - - 8.110 ms[39m
[2026-07-23 01:27:51:2751] [[35mhttp[39m]: [35mGET /api/v1/survey-sites 304 - - 9.153 ms[39m
[2026-07-23 01:27:51:2751] [[35mhttp[39m]: [35mGET /api/v1/survey 304 - - 47.456 ms[39m
[2026-07-23 01:27:51:2751] [[35mhttp[39m]: [35mGET /api/v1/masters/charger-manufacturer 304 - - 32.799 ms[39m
[2026-07-23 01:27:51:2751] [[35mhttp[39m]: [35mGET /api/v1/masters/connector 304 - - 31.758 ms[39m
[2026-07-23 01:27:51:2751] [[35mhttp[39m]: [35mGET /api/v1/masters/equipment 304 - - 29.781 ms[39m
[2026-07-23 01:27:51:2751] [[35mhttp[39m]: [35mGET /api/v1/survey-sites 304 - - 12.886 ms[39m
[2026-07-23 01:27:51:2751] [[35mhttp[39m]: [35mGET /api/v1/masters/charger-manufacturer 304 - - 17.337 ms[39m
[2026-07-23 01:27:51:2751] [[35mhttp[39m]: [35mGET /api/v1/survey 304 - - 22.671 ms[39m
[2026-07-23 01:27:51:2751] [[35mhttp[39m]: [35mGET /api/v1/masters/connector 304 - - 20.862 ms[39m
[2026-07-23 01:27:51:2751] [[35mhttp[39m]: [35mGET /api/v1/masters/equipment 304 - - 21.424 ms[39m
[2026-07-23 01:27:57:2757] [[35mhttp[39m]: [35mGET /api/v1/photos?surveyId=bfd268f1-26a7-494e-9483-c5118680b2e7 304 - - 8.159 ms[39m
[2026-07-23 01:27:57:2757] [[35mhttp[39m]: [35mGET /api/v1/photos?surveyId=bfd268f1-26a7-494e-9483-c5118680b2e7 304 - - 38.721 ms[39m
[2026-07-23 01:27:57:2757] [[35mhttp[39m]: [35mGET /api/v1/survey/bfd268f1-26a7-494e-9483-c5118680b2e7 304 - - 50.890 ms[39m
[2026-07-23 01:27:57:2757] [[35mhttp[39m]: [35mGET /api/v1/users 304 - - 33.739 ms[39m
[2026-07-23 01:27:57:2757] [[35mhttp[39m]: [35mGET /api/v1/survey/bfd268f1-26a7-494e-9483-c5118680b2e7 304 - - 40.983 ms[39m
[2026-07-23 01:27:57:2757] [[35mhttp[39m]: [35mGET /api/v1/users 304 - - 8.186 ms[39m
[2026-07-23 01:28:34:2834] [[35mhttp[39m]: [35mGET /api/v1/survey-sites 304 - - 15.334 ms[39m
[2026-07-23 01:28:34:2834] [[35mhttp[39m]: [35mGET /api/v1/masters/connector 304 - - 65.364 ms[39m
[2026-07-23 01:28:34:2834] [[35mhttp[39m]: [35mGET /api/v1/survey 304 - - 75.725 ms[39m
[2026-07-23 01:28:34:2834] [[35mhttp[39m]: [35mGET /api/v1/masters/equipment 304 - - 74.018 ms[39m
[2026-07-23 01:28:34:2834] [[35mhttp[39m]: [35mGET /api/v1/masters/charger-manufacturer 304 - - 80.789 ms[39m
[2026-07-23 01:28:34:2834] [[35mhttp[39m]: [35mGET /api/v1/survey-sites 304 - - 12.037 ms[39m
[2026-07-23 01:28:34:2834] [[35mhttp[39m]: [35mGET /api/v1/masters/connector 304 - - 27.133 ms[39m
[2026-07-23 01:28:34:2834] [[35mhttp[39m]: [35mGET /api/v1/masters/charger-manufacturer 304 - - 21.758 ms[39m
[2026-07-23 01:28:34:2834] [[35mhttp[39m]: [35mGET /api/v1/masters/equipment 304 - - 53.610 ms[39m
[2026-07-23 01:28:34:2834] [[35mhttp[39m]: [35mGET /api/v1/survey 304 - - 57.041 ms[39m
[2026-07-23 01:28:45:2845] [[35mhttp[39m]: [35mGET /api/v1/photos?surveyId=38b1c2d1-40fe-4fd7-9cf5-f37c34471228 304 - - 10.338 ms[39m
[2026-07-23 01:28:45:2845] [[35mhttp[39m]: [35mGET /api/v1/photos?surveyId=38b1c2d1-40fe-4fd7-9cf5-f37c34471228 304 - - 7.429 ms[39m
[2026-07-23 01:28:45:2845] [[35mhttp[39m]: [35mGET /api/v1/survey/38b1c2d1-40fe-4fd7-9cf5-f37c34471228 304 - - 34.165 ms[39m
[2026-07-23 01:28:45:2845] [[35mhttp[39m]: [35mGET /api/v1/users 304 - - 42.895 ms[39m
[2026-07-23 01:28:45:2845] [[35mhttp[39m]: [35mGET /api/v1/survey/38b1c2d1-40fe-4fd7-9cf5-f37c34471228 304 - - 52.002 ms[39m
[2026-07-23 01:28:45:2845] [[35mhttp[39m]: [35mGET /api/v1/users 304 - - 8.412 ms[39m
[2026-07-23 01:28:48:2848] [[35mhttp[39m]: [35mGET /api/v1/masters/connector 304 - - 14.707 ms[39m
[2026-07-23 01:28:48:2848] [[35mhttp[39m]: [35mGET /api/v1/masters/charger-manufacturer 304 - - 14.701 ms[39m
[2026-07-23 01:28:48:2848] [[35mhttp[39m]: [35mGET /api/v1/survey-sites 304 - - 13.674 ms[39m
[2026-07-23 01:28:48:2848] [[35mhttp[39m]: [35mGET /api/v1/survey 304 - - 36.877 ms[39m
[2026-07-23 01:28:48:2848] [[35mhttp[39m]: [35mGET /api/v1/masters/equipment 304 - - 38.497 ms[39m
[2026-07-23 01:28:48:2848] [[35mhttp[39m]: [35mGET /api/v1/masters/connector 304 - - 14.776 ms[39m
[2026-07-23 01:28:48:2848] [[35mhttp[39m]: [35mGET /api/v1/survey-sites 304 - - 14.134 ms[39m
[2026-07-23 01:28:48:2848] [[35mhttp[39m]: [35mGET /api/v1/masters/charger-manufacturer 304 - - 38.135 ms[39m
[2026-07-23 01:28:48:2848] [[35mhttp[39m]: [35mGET /api/v1/masters/equipment 304 - - 9.379 ms[39m
[2026-07-23 01:28:49:2849] [[35mhttp[39m]: [35mGET /api/v1/survey 304 - - 62.041 ms[39m
[2026-07-23 01:28:51:2851] [[35mhttp[39m]: [35mGET /api/v1/photos?surveyId=a86c2172-7451-4426-b561-895d69521ac2 200 77 - 8.767 ms[39m
[2026-07-23 01:28:51:2851] [[35mhttp[39m]: [35mGET /api/v1/photos?surveyId=a86c2172-7451-4426-b561-895d69521ac2 304 - - 79.719 ms[39m
[2026-07-23 01:28:51:2851] [[35mhttp[39m]: [35mGET /api/v1/survey/a86c2172-7451-4426-b561-895d69521ac2 200 3948 - 99.183 ms[39m
[2026-07-23 01:28:51:2851] [[35mhttp[39m]: [35mGET /api/v1/users 304 - - 33.320 ms[39m
[2026-07-23 01:28:51:2851] [[35mhttp[39m]: [35mGET /api/v1/survey/a86c2172-7451-4426-b561-895d69521ac2 304 - - 41.541 ms[39m
[2026-07-23 01:28:51:2851] [[35mhttp[39m]: [35mGET /api/v1/users 304 - - 7.534 ms[39m
[2026-07-23 01:28:53:2853] [[35mhttp[39m]: [35mGET /api/v1/reports/a86c2172-7451-4426-b561-895d69521ac2/excel?token=eyJhbGciOiJIUzI1NiIsInR5cCI6IkpXVCJ9.eyJpZCI6ImM1MzYxMDg2LTlhYTctNDJlYy04M2RmLWI4Y2U5ZmNmNTgyZiIsImVtYWlsIjoiYWRtaW5AYmx1c21hcnQuY29tIiwicm9sZSI6IkFETUlOIiwiaWF0IjoxNzg0NzgyMzg1LCJleHAiOjE3ODUzODcxODV9.GUpDO2__VdQzXqQa3UFRqRVDFukJzFDdEyjiDbUVs0g 200 - - 146.859 ms[39m
[2026-07-23 01:28:58:2858] [[35mhttp[39m]: [35mGET /api/v1/reports/a86c2172-7451-4426-b561-895d69521ac2/pdf?token=eyJhbGciOiJIUzI1NiIsInR5cCI6IkpXVCJ9.eyJpZCI6ImM1MzYxMDg2LTlhYTctNDJlYy04M2RmLWI4Y2U5ZmNmNTgyZiIsImVtYWlsIjoiYWRtaW5AYmx1c21hcnQuY29tIiwicm9sZSI6IkFETUlOIiwiaWF0IjoxNzg0NzgyMzg1LCJleHAiOjE3ODUzODcxODV9.GUpDO2__VdQzXqQa3UFRqRVDFukJzFDdEyjiDbUVs0g 200 - - 167.350 ms[39m
[2026-07-23 01:33:49:3349] [[35mhttp[39m]: [35mGET /api/v1/survey-sites 304 - - 107.886 ms[39m
[2026-07-23 01:33:49:3349] [[35mhttp[39m]: [35mGET /api/v1/survey-sites 304 - - 4.460 ms[39m
[2026-07-23 01:33:53:3353] [[35mhttp[39m]: [35mGET /api/v1/survey-sites/0c1841f6-7637-4adf-a249-5e88eb36d970 200 566 - 7.082 ms[39m
[2026-07-23 01:33:53:3353] [[35mhttp[39m]: [35mGET /api/v1/survey-sites/0c1841f6-7637-4adf-a249-5e88eb36d970 304 - - 5.050 ms[39m
[2026-07-23 01:33:56:3356] [[35mhttp[39m]: [35mGET /api/v1/survey-sites 304 - - 5.161 ms[39m
[2026-07-23 01:33:56:3356] [[35mhttp[39m]: [35mGET /api/v1/survey-sites 304 - - 11.217 ms[39m
[2026-07-23 01:33:58:3358] [[35mhttp[39m]: [35mGET /api/v1/survey-sites/0c1841f6-7637-4adf-a249-5e88eb36d970 304 - - 5.945 ms[39m
[2026-07-23 01:33:58:3358] [[35mhttp[39m]: [35mGET /api/v1/survey-sites/0c1841f6-7637-4adf-a249-5e88eb36d970 304 - - 6.219 ms[39m
[2026-07-23 01:34:06:346] [[35mhttp[39m]: [35mGET /api/v1/survey-sites 304 - - 5.790 ms[39m
[2026-07-23 01:34:06:346] [[35mhttp[39m]: [35mGET /api/v1/survey-sites 304 - - 9.983 ms[39m
[2026-07-23 01:34:38:3438] [[35mhttp[39m]: [35mGET /api/v1/photos?surveyId=a86c2172-7451-4426-b561-895d69521ac2 304 - - 11.193 ms[39m
[2026-07-23 01:34:38:3438] [[35mhttp[39m]: [35mGET /api/v1/photos?surveyId=a86c2172-7451-4426-b561-895d69521ac2 304 - - 8.835 ms[39m
[2026-07-23 01:34:38:3438] [[35mhttp[39m]: [35mGET /api/v1/survey/a86c2172-7451-4426-b561-895d69521ac2 304 - - 179.601 ms[39m
[2026-07-23 01:34:38:3438] [[35mhttp[39m]: [35mGET /api/v1/survey/a86c2172-7451-4426-b561-895d69521ac2 304 - - 30.719 ms[39m
[2026-07-23 01:34:38:3438] [[35mhttp[39m]: [35mGET /api/v1/users 304 - - 27.195 ms[39m
[2026-07-23 01:34:38:3438] [[35mhttp[39m]: [35mGET /api/v1/users 304 - - 7.008 ms[39m
[2026-07-23 01:34:40:3440] [[35mhttp[39m]: [35mGET /api/v1/survey-sites 304 - - 10.306 ms[39m
[2026-07-23 01:34:40:3440] [[35mhttp[39m]: [35mGET /api/v1/survey 304 - - 33.037 ms[39m
[2026-07-23 01:34:40:3440] [[35mhttp[39m]: [35mGET /api/v1/masters/connector 304 - - 32.672 ms[39m
[2026-07-23 01:34:40:3440] [[35mhttp[39m]: [35mGET /api/v1/survey-sites 304 - - 9.929 ms[39m
[2026-07-23 01:34:40:3440] [[35mhttp[39m]: [35mGET /api/v1/masters/equipment 304 - - 37.367 ms[39m
[2026-07-23 01:34:40:3440] [[35mhttp[39m]: [35mGET /api/v1/masters/connector 304 - - 5.429 ms[39m
[2026-07-23 01:34:40:3440] [[35mhttp[39m]: [35mGET /api/v1/masters/equipment 304 - - 13.486 ms[39m
[2026-07-23 01:34:40:3440] [[35mhttp[39m]: [35mGET /api/v1/masters/charger-manufacturer 304 - - 125.141 ms[39m
[2026-07-23 01:34:40:3440] [[35mhttp[39m]: [35mGET /api/v1/masters/charger-manufacturer 304 - - 5.275 ms[39m
[2026-07-23 01:34:40:3440] [[35mhttp[39m]: [35mGET /api/v1/survey 304 - - 164.674 ms[39m
[2026-07-23 01:34:46:3446] [[35mhttp[39m]: [35mGET /api/v1/photos?surveyId=bfd268f1-26a7-494e-9483-c5118680b2e7 304 - - 9.394 ms[39m
[2026-07-23 01:34:46:3446] [[35mhttp[39m]: [35mGET /api/v1/photos?surveyId=bfd268f1-26a7-494e-9483-c5118680b2e7 304 - - 10.423 ms[39m
[2026-07-23 01:34:46:3446] [[35mhttp[39m]: [35mGET /api/v1/survey/bfd268f1-26a7-494e-9483-c5118680b2e7 304 - - 48.926 ms[39m
[2026-07-23 01:34:46:3446] [[35mhttp[39m]: [35mGET /api/v1/survey/bfd268f1-26a7-494e-9483-c5118680b2e7 304 - - 51.191 ms[39m
[2026-07-23 01:34:46:3446] [[35mhttp[39m]: [35mGET /api/v1/users 304 - - 46.576 ms[39m
[2026-07-23 01:34:46:3446] [[35mhttp[39m]: [35mGET /api/v1/users 304 - - 8.800 ms[39m
[2026-07-23 01:35:01:351] [[35mhttp[39m]: [35mGET /api/v1/survey-sites 304 - - 20.532 ms[39m
[2026-07-23 01:35:01:351] [[35mhttp[39m]: [35mGET /api/v1/survey 304 - - 47.731 ms[39m
[2026-07-23 01:35:01:351] [[35mhttp[39m]: [35mGET /api/v1/masters/charger-manufacturer 304 - - 27.189 ms[39m
[2026-07-23 01:35:01:351] [[35mhttp[39m]: [35mGET /api/v1/masters/connector 304 - - 11.706 ms[39m
[2026-07-23 01:35:01:351] [[35mhttp[39m]: [35mGET /api/v1/survey-sites 304 - - 11.585 ms[39m
[2026-07-23 01:35:01:351] [[35mhttp[39m]: [35mGET /api/v1/masters/equipment 304 - - 30.615 ms[39m
[2026-07-23 01:35:01:351] [[35mhttp[39m]: [35mGET /api/v1/survey 304 - - 30.347 ms[39m
[2026-07-23 01:35:01:351] [[35mhttp[39m]: [35mGET /api/v1/masters/connector 304 - - 10.410 ms[39m
[2026-07-23 01:35:01:351] [[35mhttp[39m]: [35mGET /api/v1/masters/equipment 304 - - 14.709 ms[39m
[2026-07-23 01:35:01:351] [[35mhttp[39m]: [35mGET /api/v1/masters/charger-manufacturer 304 - - 36.465 ms[39m
[2026-07-23 01:35:02:352] [[35mhttp[39m]: [35mGET /api/v1/survey-sites 304 - - 7.085 ms[39m
[2026-07-23 01:35:02:352] [[35mhttp[39m]: [35mGET /api/v1/survey-sites 304 - - 8.696 ms[39m
[2026-07-23 01:35:13:3513] [[35mhttp[39m]: [35mGET /api/v1/survey 304 - - 13.446 ms[39m
[2026-07-23 01:35:13:3513] [[35mhttp[39m]: [35mGET /api/v1/survey 304 - - 11.401 ms[39m
[2026-07-23 01:35:16:3516] [[35mhttp[39m]: [35mGET /api/v1/survey-sites 304 - - 51.088 ms[39m
[2026-07-23 01:35:16:3516] [[35mhttp[39m]: [35mGET /api/v1/survey 304 - - 56.944 ms[39m
[2026-07-23 01:35:16:3516] [[35mhttp[39m]: [35mGET /api/v1/masters/charger-manufacturer 304 - - 53.246 ms[39m
[2026-07-23 01:35:16:3516] [[35mhttp[39m]: [35mGET /api/v1/masters/equipment 304 - - 48.746 ms[39m
[2026-07-23 01:35:16:3516] [[35mhttp[39m]: [35mGET /api/v1/survey-sites 304 - - 12.476 ms[39m
[2026-07-23 01:35:16:3516] [[35mhttp[39m]: [35mGET /api/v1/masters/charger-manufacturer 304 - - 33.909 ms[39m
[2026-07-23 01:35:16:3516] [[35mhttp[39m]: [35mGET /api/v1/masters/equipment 304 - - 34.957 ms[39m
[2026-07-23 01:35:16:3516] [[35mhttp[39m]: [35mGET /api/v1/survey 304 - - 41.214 ms[39m
[2026-07-23 01:35:16:3516] [[35mhttp[39m]: [35mGET /api/v1/masters/connector 304 - - 122.728 ms[39m
[2026-07-23 01:35:16:3516] [[35mhttp[39m]: [35mGET /api/v1/masters/connector 304 - - 10.303 ms[39m
[2026-07-23 01:35:20:3520] [[35mhttp[39m]: [35mGET /api/v1/dashboard 200 4158 - 25.528 ms[39m
[2026-07-23 01:35:20:3520] [[35mhttp[39m]: [35mGET /api/v1/dashboard 304 - - 20.878 ms[39m
[2026-07-23 01:35:22:3522] [[35mhttp[39m]: [35mGET /api/v1/masters/charger-manufacturer 304 - - 14.523 ms[39m
[2026-07-23 01:35:22:3522] [[35mhttp[39m]: [35mGET /api/v1/masters/connector 304 - - 32.127 ms[39m
[2026-07-23 01:35:22:3522] [[35mhttp[39m]: [35mGET /api/v1/survey-sites 304 - - 37.206 ms[39m
[2026-07-23 01:35:22:3522] [[35mhttp[39m]: [35mGET /api/v1/masters/equipment 304 - - 33.809 ms[39m
[2026-07-23 01:35:22:3522] [[35mhttp[39m]: [35mGET /api/v1/survey 304 - - 46.004 ms[39m
[2026-07-23 01:35:22:3522] [[35mhttp[39m]: [35mGET /api/v1/masters/connector 304 - - 20.618 ms[39m
[2026-07-23 01:35:22:3522] [[35mhttp[39m]: [35mGET /api/v1/survey-sites 304 - - 19.574 ms[39m
[2026-07-23 01:35:22:3522] [[35mhttp[39m]: [35mGET /api/v1/masters/charger-manufacturer 304 - - 25.822 ms[39m
[2026-07-23 01:35:22:3522] [[35mhttp[39m]: [35mGET /api/v1/masters/equipment 304 - - 24.943 ms[39m
[2026-07-23 01:35:22:3522] [[35mhttp[39m]: [35mGET /api/v1/survey 304 - - 23.310 ms[39m
[2026-07-23 01:35:27:3527] [[35mhttp[39m]: [35mGET /api/v1/photos?surveyId=bfd268f1-26a7-494e-9483-c5118680b2e7 304 - - 9.853 ms[39m
[2026-07-23 01:35:27:3527] [[35mhttp[39m]: [35mGET /api/v1/photos?surveyId=bfd268f1-26a7-494e-9483-c5118680b2e7 304 - - 64.141 ms[39m
[2026-07-23 01:35:27:3527] [[35mhttp[39m]: [35mGET /api/v1/survey/bfd268f1-26a7-494e-9483-c5118680b2e7 304 - - 85.889 ms[39m
[2026-07-23 01:35:27:3527] [[35mhttp[39m]: [35mGET /api/v1/users 304 - - 49.008 ms[39m
[2026-07-23 01:35:27:3527] [[35mhttp[39m]: [35mGET /api/v1/survey/bfd268f1-26a7-494e-9483-c5118680b2e7 304 - - 55.397 ms[39m
[2026-07-23 01:35:27:3527] [[35mhttp[39m]: [35mGET /api/v1/users 304 - - 9.221 ms[39m
[2026-07-23 01:35:31:3531] [[35mhttp[39m]: [35mGET /api/v1/survey-sites 304 - - 15.371 ms[39m
[2026-07-23 01:35:31:3531] [[35mhttp[39m]: [35mGET /api/v1/masters/charger-manufacturer 304 - - 15.413 ms[39m
[2026-07-23 01:35:31:3531] [[35mhttp[39m]: [35mGET /api/v1/survey 304 - - 49.705 ms[39m
[2026-07-23 01:35:31:3531] [[35mhttp[39m]: [35mGET /api/v1/masters/connector 304 - - 33.752 ms[39m
[2026-07-23 01:35:31:3531] [[35mhttp[39m]: [35mGET /api/v1/masters/equipment 304 - - 14.360 ms[39m
[2026-07-23 01:35:31:3531] [[35mhttp[39m]: [35mGET /api/v1/masters/charger-manufacturer 304 - - 12.471 ms[39m
[2026-07-23 01:35:31:3531] [[35mhttp[39m]: [35mGET /api/v1/survey-sites 304 - - 23.438 ms[39m
[2026-07-23 01:35:31:3531] [[35mhttp[39m]: [35mGET /api/v1/survey 304 - - 23.021 ms[39m
[2026-07-23 01:35:31:3531] [[35mhttp[39m]: [35mGET /api/v1/masters/connector 304 - - 5.927 ms[39m
[2026-07-23 01:35:31:3531] [[35mhttp[39m]: [35mGET /api/v1/masters/equipment 304 - - 71.544 ms[39m
[2026-07-23 01:35:44:3544] [[35mhttp[39m]: [35mGET /api/v1/survey-sites 304 - - 5.745 ms[39m
[2026-07-23 01:35:44:3544] [[35mhttp[39m]: [35mGET /api/v1/survey-sites 304 - - 6.449 ms[39m
[2026-07-23 01:35:56:3556] [[35mhttp[39m]: [35mGET /api/v1/users 304 - - 11.205 ms[39m
[2026-07-23 01:35:56:3556] [[35mhttp[39m]: [35mGET /api/v1/users 304 - - 8.084 ms[39m
[2026-07-23 01:35:58:3558] [[35mhttp[39m]: [35mGET /api/v1/survey-sites 304 - - 7.702 ms[39m
[2026-07-23 01:35:58:3558] [[35mhttp[39m]: [35mGET /api/v1/survey-sites 304 - - 4.889 ms[39m
[2026-07-23 01:36:06:366] [[35mhttp[39m]: [35mGET /api/v1/auth/me 304 - - 10.452 ms[39m
[2026-07-23 01:36:06:366] [[35mhttp[39m]: [35mGET /api/v1/auth/me 304 - - 10.704 ms[39m
[2026-07-23 01:36:06:366] [[35mhttp[39m]: [35mGET /api/v1/survey-sites 304 - - 111.573 ms[39m
[2026-07-23 01:36:07:367] [[35mhttp[39m]: [35mGET /api/v1/survey-sites 304 - - 5.117 ms[39m
[2026-07-23 01:36:13:3613] [[35mhttp[39m]: [35mPOST /api/v1/auth/login 200 727 - 226.168 ms[39m
[2026-07-23 01:36:13:3613] [[35mhttp[39m]: [35mGET /api/v1/dashboard 304 - - 20.292 ms[39m
[2026-07-23 01:36:13:3613] [[35mhttp[39m]: [35mGET /api/v1/dashboard 304 - - 131.258 ms[39m
[2026-07-23 01:36:17:3617] [[35mhttp[39m]: [35mGET /api/v1/masters/charger-manufacturer 304 - - 16.226 ms[39m
[2026-07-23 01:36:17:3617] [[35mhttp[39m]: [35mGET /api/v1/masters/connector 304 - - 14.262 ms[39m
[2026-07-23 01:36:17:3617] [[35mhttp[39m]: [35mGET /api/v1/survey-sites 200 1073 - 23.454 ms[39m
[2026-07-23 01:36:17:3617] [[35mhttp[39m]: [35mGET /api/v1/masters/equipment 304 - - 35.573 ms[39m
[2026-07-23 01:36:17:3617] [[35mhttp[39m]: [35mGET /api/v1/survey 200 2430 - 53.127 ms[39m
[2026-07-23 01:36:17:3617] [[35mhttp[39m]: [35mGET /api/v1/masters/connector 304 - - 24.348 ms[39m
[2026-07-23 01:36:17:3617] [[35mhttp[39m]: [35mGET /api/v1/masters/charger-manufacturer 304 - - 27.375 ms[39m
[2026-07-23 01:36:17:3617] [[35mhttp[39m]: [35mGET /api/v1/survey-sites 304 - - 28.571 ms[39m
[2026-07-23 01:36:17:3617] [[35mhttp[39m]: [35mGET /api/v1/masters/equipment 304 - - 30.021 ms[39m
[2026-07-23 01:36:17:3617] [[35mhttp[39m]: [35mGET /api/v1/survey 304 - - 57.584 ms[39m
[2026-07-23 01:36:20:3620] [[35mhttp[39m]: [35mGET /api/v1/users 200 3895 - 9.833 ms[39m
[2026-07-23 01:36:20:3620] [[35mhttp[39m]: [35mGET /api/v1/users 304 - - 11.142 ms[39m
[2026-07-23 01:36:34:3634] [[35mhttp[39m]: [35mGET /api/v1/users/1148c941-ef4c-421b-be74-2eed0a901025 200 2283 - 11.760 ms[39m
[2026-07-23 01:36:34:3634] [[35mhttp[39m]: [35mGET /api/v1/survey-sites 304 - - 11.530 ms[39m
[2026-07-23 01:36:34:3634] [[35mhttp[39m]: [35mGET /api/v1/users/1148c941-ef4c-421b-be74-2eed0a901025 304 - - 14.090 ms[39m
[2026-07-23 01:36:34:3634] [[35mhttp[39m]: [35mGET /api/v1/survey-sites 304 - - 17.718 ms[39m
[2026-07-23 01:36:40:3640] [[35mhttp[39m]: [35mGET /api/v1/users 304 - - 7.420 ms[39m
[2026-07-23 01:36:40:3640] [[35mhttp[39m]: [35mGET /api/v1/users 304 - - 10.450 ms[39m
[2026-07-23 01:36:45:3645] [[35mhttp[39m]: [35mGET /api/v1/users 304 - - 8.598 ms[39m
[2026-07-23 01:36:45:3645] [[35mhttp[39m]: [35mGET /api/v1/users 304 - - 10.761 ms[39m
[2026-07-23 01:36:48:3648] [[35mhttp[39m]: [35mGET /api/v1/survey-sites 304 - - 14.503 ms[39m
[2026-07-23 01:36:48:3648] [[35mhttp[39m]: [35mGET /api/v1/survey-sites 304 - - 8.569 ms[39m
[2026-07-23 01:36:50:3650] [[35mhttp[39m]: [35mGET /api/v1/masters/connector 304 - - 11.701 ms[39m
[2026-07-23 01:36:50:3650] [[35mhttp[39m]: [35mGET /api/v1/masters/charger-manufacturer 304 - - 23.359 ms[39m
[2026-07-23 01:36:50:3650] [[35mhttp[39m]: [35mGET /api/v1/survey-sites 304 - - 46.218 ms[39m
[2026-07-23 01:36:50:3650] [[35mhttp[39m]: [35mGET /api/v1/masters/equipment 304 - - 41.552 ms[39m
[2026-07-23 01:36:50:3650] [[35mhttp[39m]: [35mGET /api/v1/survey 304 - - 47.225 ms[39m
[2026-07-23 01:36:50:3650] [[35mhttp[39m]: [35mGET /api/v1/masters/connector 304 - - 8.262 ms[39m
[2026-07-23 01:36:50:3650] [[35mhttp[39m]: [35mGET /api/v1/masters/charger-manufacturer 304 - - 46.368 ms[39m
[2026-07-23 01:36:50:3650] [[35mhttp[39m]: [35mGET /api/v1/survey-sites 304 - - 50.472 ms[39m
[2026-07-23 01:36:50:3650] [[35mhttp[39m]: [35mGET /api/v1/masters/equipment 304 - - 15.774 ms[39m
[2026-07-23 01:36:50:3650] [[35mhttp[39m]: [35mGET /api/v1/survey 304 - - 49.712 ms[39m
[2026-07-23 01:36:52:3652] [[35mhttp[39m]: [35mGET /api/v1/dashboard 304 - - 21.091 ms[39m
[2026-07-23 01:36:52:3652] [[35mhttp[39m]: [35mGET /api/v1/dashboard 304 - - 23.691 ms[39m
[2026-07-23 01:36:54:3654] [[35mhttp[39m]: [35mGET /api/v1/users 304 - - 8.990 ms[39m
[2026-07-23 01:36:54:3654] [[35mhttp[39m]: [35mGET /api/v1/users 304 - - 8.423 ms[39m
[2026-07-23 01:37:02:372] [[35mhttp[39m]: [35mGET /api/v1/users/1148c941-ef4c-421b-be74-2eed0a901025 304 - - 12.887 ms[39m
[2026-07-23 01:37:02:372] [[35mhttp[39m]: [35mGET /api/v1/survey-sites 304 - - 11.109 ms[39m
[2026-07-23 01:37:02:372] [[35mhttp[39m]: [35mGET /api/v1/users/1148c941-ef4c-421b-be74-2eed0a901025 304 - - 13.838 ms[39m
[2026-07-23 01:37:02:372] [[35mhttp[39m]: [35mGET /api/v1/survey-sites 304 - - 14.578 ms[39m
[2026-07-23 01:37:06:376] [[35mhttp[39m]: [35mGET /api/v1/users 304 - - 9.571 ms[39m
[2026-07-23 01:37:06:376] [[35mhttp[39m]: [35mGET /api/v1/users 304 - - 10.328 ms[39m
[2026-07-23 01:37:07:377] [[35mhttp[39m]: [35mGET /api/v1/dashboard 304 - - 19.532 ms[39m
[2026-07-23 01:37:07:377] [[35mhttp[39m]: [35mGET /api/v1/dashboard 304 - - 26.062 ms[39m
[2026-07-23 01:37:09:379] [[35mhttp[39m]: [35mGET /api/v1/users 304 - - 10.545 ms[39m
[2026-07-23 01:37:09:379] [[35mhttp[39m]: [35mGET /api/v1/users 304 - - 8.744 ms[39m
[2026-07-23 01:37:16:3716] [[35mhttp[39m]: [35mGET /api/v1/users/1148c941-ef4c-421b-be74-2eed0a901025 304 - - 11.213 ms[39m
[2026-07-23 01:37:16:3716] [[35mhttp[39m]: [35mGET /api/v1/survey-sites 304 - - 10.375 ms[39m
[2026-07-23 01:37:16:3716] [[35mhttp[39m]: [35mGET /api/v1/users/1148c941-ef4c-421b-be74-2eed0a901025 304 - - 44.181 ms[39m
[2026-07-23 01:37:16:3716] [[35mhttp[39m]: [35mGET /api/v1/survey-sites 304 - - 45.619 ms[39m
[2026-07-23 01:37:23:3723] [[35mhttp[39m]: [35mGET /api/v1/users 304 - - 11.742 ms[39m
[2026-07-23 01:37:23:3723] [[35mhttp[39m]: [35mGET /api/v1/users 304 - - 10.530 ms[39m
[2026-07-23 01:38:36:3836] [[35mhttp[39m]: [35mGET /api/v1/users/1148c941-ef4c-421b-be74-2eed0a901025 304 - - 10.557 ms[39m
[2026-07-23 01:38:36:3836] [[35mhttp[39m]: [35mGET /api/v1/survey-sites 304 - - 9.804 ms[39m
[2026-07-23 01:38:36:3836] [[35mhttp[39m]: [35mGET /api/v1/users/1148c941-ef4c-421b-be74-2eed0a901025 304 - - 26.966 ms[39m
[2026-07-23 01:38:36:3836] [[35mhttp[39m]: [35mGET /api/v1/survey-sites 304 - - 30.593 ms[39m
[2026-07-23 01:39:10:3910] [[35mhttp[39m]: [35mGET /api/v1/users 304 - - 9.713 ms[39m
[2026-07-23 01:39:10:3910] [[35mhttp[39m]: [35mGET /api/v1/users 304 - - 22.127 ms[39m
[2026-07-23 01:39:30:3930] [[35mhttp[39m]: [35mGET /api/v1/users/1148c941-ef4c-421b-be74-2eed0a901025 304 - - 10.786 ms[39m
[2026-07-23 01:39:30:3930] [[35mhttp[39m]: [35mGET /api/v1/survey-sites 304 - - 10.237 ms[39m
[2026-07-23 01:39:30:3930] [[35mhttp[39m]: [35mGET /api/v1/users/1148c941-ef4c-421b-be74-2eed0a901025 304 - - 12.512 ms[39m
[2026-07-23 01:39:30:3930] [[35mhttp[39m]: [35mGET /api/v1/survey-sites 304 - - 19.150 ms[39m
[2026-07-23 01:41:32:4132] [[35mhttp[39m]: [35mGET /api/v1/users 304 - - 94.531 ms[39m
[2026-07-23 01:41:32:4132] [[35mhttp[39m]: [35mGET /api/v1/users 304 - - 8.851 ms[39m
[2026-07-23 01:44:17:4417] [[32minfo[39m]: [32mDatabase connection established successfully.[39m
[2026-07-23 01:44:17:4417] [[32minfo[39m]: [32mServer is running in development mode on port 5000[39m
[2026-07-23 01:44:27:4427] [[32minfo[39m]: [32mDatabase connection established successfully.[39m
[2026-07-23 01:44:27:4427] [[32minfo[39m]: [32mServer is running in development mode on port 5000[39m
[2026-07-23 01:44:34:4434] [[32minfo[39m]: [32mDatabase connection established successfully.[39m
[2026-07-23 01:44:34:4434] [[32minfo[39m]: [32mServer is running in development mode on port 5000[39m
[2026-07-23 01:48:32:4832] [[35mhttp[39m]: [35mGET /api/v1/users/1148c941-ef4c-421b-be74-2eed0a901025 304 - - 43.356 ms[39m
[2026-07-23 01:48:32:4832] [[35mhttp[39m]: [35mGET /api/v1/users/1148c941-ef4c-421b-be74-2eed0a901025 304 - - 9.588 ms[39m
[2026-07-23 01:48:32:4832] [[35mhttp[39m]: [35mGET /api/v1/survey-sites 304 - - 96.564 ms[39m
[2026-07-23 01:48:32:4832] [[35mhttp[39m]: [35mGET /api/v1/survey-sites 304 - - 9.524 ms[39m
[2026-07-23 01:48:38:4838] [[35mhttp[39m]: [35mGET /api/v1/users 304 - - 16.862 ms[39m
[2026-07-23 01:48:38:4838] [[35mhttp[39m]: [35mGET /api/v1/users 304 - - 7.482 ms[39m
[2026-07-23 01:48:42:4842] [[35mhttp[39m]: [35mGET /api/v1/users/1148c941-ef4c-421b-be74-2eed0a901025 304 - - 12.712 ms[39m
[2026-07-23 01:48:42:4842] [[35mhttp[39m]: [35mGET /api/v1/survey-sites 304 - - 10.134 ms[39m
[2026-07-23 01:48:42:4842] [[35mhttp[39m]: [35mGET /api/v1/users/1148c941-ef4c-421b-be74-2eed0a901025 304 - - 58.461 ms[39m
[2026-07-23 01:48:42:4842] [[35mhttp[39m]: [35mGET /api/v1/survey-sites 304 - - 58.363 ms[39m
[2026-07-23 01:49:10:4910] [[35mhttp[39m]: [35mPUT /api/v1/users/1148c941-ef4c-421b-be74-2eed0a901025 422 149 - 12.484 ms[39m
[2026-07-23 01:49:26:4926] [[35mhttp[39m]: [35mPUT /api/v1/users/1148c941-ef4c-421b-be74-2eed0a901025 200 2272 - 52.691 ms[39m
[2026-07-23 01:49:27:4927] [[35mhttp[39m]: [35mGET /api/v1/users 200 3889 - 8.512 ms[39m
[2026-07-23 01:49:27:4927] [[35mhttp[39m]: [35mGET /api/v1/users 304 - - 9.481 ms[39m
[2026-07-23 01:49:39:4939] [[35mhttp[39m]: [35mGET /api/v1/survey-sites 200 1070 - 10.635 ms[39m
[2026-07-23 01:49:39:4939] [[35mhttp[39m]: [35mGET /api/v1/survey-sites 304 - - 11.696 ms[39m
[2026-07-23 01:49:44:4944] [[35mhttp[39m]: [35mGET /api/v1/survey-sites 304 - - 16.740 ms[39m
[2026-07-23 01:49:44:4944] [[35mhttp[39m]: [35mGET /api/v1/survey-sites 304 - - 10.744 ms[39m
[2026-07-23 01:49:44:4944] [[35mhttp[39m]: [35mGET /api/v1/users 304 - - 117.269 ms[39m
[2026-07-23 01:49:44:4944] [[35mhttp[39m]: [35mGET /api/v1/users 304 - - 9.958 ms[39m
[2026-07-23 01:50:49:5049] [[35mhttp[39m]: [35mGET /api/v1/auth/me 304 - - 5.095 ms[39m
[2026-07-23 01:50:49:5049] [[35mhttp[39m]: [35mGET /api/v1/auth/me 304 - - 2.620 ms[39m
[2026-07-23 01:50:49:5049] [[35mhttp[39m]: [35mGET /api/v1/users 200 3889 - 26.047 ms[39m
[2026-07-23 01:50:49:5049] [[35mhttp[39m]: [35mGET /api/v1/users 304 - - 14.633 ms[39m
[2026-07-23 01:51:02:512] [[35mhttp[39m]: [35mGET /api/v1/auth/me 304 - - 2.761 ms[39m
[2026-07-23 01:51:02:512] [[35mhttp[39m]: [35mGET /api/v1/auth/me 304 - - 2.713 ms[39m
[2026-07-23 01:51:02:512] [[35mhttp[39m]: [35mGET /api/v1/users 304 - - 41.778 ms[39m
[2026-07-23 01:51:02:512] [[35mhttp[39m]: [35mGET /api/v1/users 304 - - 36.586 ms[39m
[2026-07-23 01:51:12:5112] [[35mhttp[39m]: [35mPOST /api/v1/auth/login 200 698 - 147.796 ms[39m
[2026-07-23 01:51:12:5112] [[31merror[39m]: [31m[39m
[31mInvalid `prisma.surveySite.count()` invocation in[39m
[31mD:\Code-SID\Blu_Smart_Charge_Survey\backend\src\modules\dashboard\dashboard.service.js:17:23[39m

[31m  14 ] = await Promise.all([[39m
[31m  15   prisma.user.count({ where: { isDeleted: false } }),[39m
[31m  16   prisma.surveySite.count({ where: { isDeleted: false } }),[39m
[31m→ 17   prisma.surveySite.count([39m
[31mCan't reach database server at `127.0.0.1:5432`[39m

[31mPlease make sure your database server is running at `127.0.0.1:5432`. - /api/v1/dashboard - GET - ::1[39m
[2026-07-23 01:51:12:5112] [[35mhttp[39m]: [35mGET /api/v1/dashboard 500 136 - 30.568 ms[39m
[2026-07-23 01:51:13:5113] [[35mhttp[39m]: [35mGET /api/v1/dashboard 200 4155 - 164.704 ms[39m
[2026-07-23 01:51:17:5117] [[35mhttp[39m]: [35mGET /api/v1/masters/connector 304 - - 13.145 ms[39m
[2026-07-23 01:51:17:5117] [[35mhttp[39m]: [35mGET /api/v1/survey-sites 200 2131 - 26.880 ms[39m
[2026-07-23 01:51:17:5117] [[35mhttp[39m]: [35mGET /api/v1/masters/equipment 304 - - 22.191 ms[39m
[2026-07-23 01:51:17:5117] [[35mhttp[39m]: [35mGET /api/v1/survey 200 5533 - 58.123 ms[39m
[2026-07-23 01:51:17:5117] [[35mhttp[39m]: [35mGET /api/v1/masters/charger-manufacturer 304 - - 54.003 ms[39m
[2026-07-23 01:51:17:5117] [[35mhttp[39m]: [35mGET /api/v1/masters/connector 304 - - 42.283 ms[39m
[2026-07-23 01:51:17:5117] [[35mhttp[39m]: [35mGET /api/v1/survey-sites 304 - - 15.044 ms[39m
[2026-07-23 01:51:17:5117] [[35mhttp[39m]: [35mGET /api/v1/masters/equipment 304 - - 30.595 ms[39m
[2026-07-23 01:51:17:5117] [[35mhttp[39m]: [35mGET /api/v1/survey 304 - - 33.489 ms[39m
[2026-07-23 01:51:17:5117] [[35mhttp[39m]: [35mGET /api/v1/masters/charger-manufacturer 304 - - 50.773 ms[39m
[2026-07-23 01:51:24:5124] [[35mhttp[39m]: [35mGET /api/v1/survey/site/0c1841f6-7637-4adf-a249-5e88eb36d970 200 3283 - 36.180 ms[39m
[2026-07-23 01:51:37:5137] [[35mhttp[39m]: [35mGET /api/v1/dashboard 304 - - 30.347 ms[39m
[2026-07-23 01:51:37:5137] [[35mhttp[39m]: [35mGET /api/v1/dashboard 304 - - 27.060 ms[39m
[2026-07-23 01:51:39:5139] [[35mhttp[39m]: [35mGET /api/v1/masters/connector 304 - - 14.091 ms[39m
[2026-07-23 01:51:39:5139] [[35mhttp[39m]: [35mGET /api/v1/survey-sites 304 - - 23.679 ms[39m
[2026-07-23 01:51:39:5139] [[35mhttp[39m]: [35mGET /api/v1/survey 304 - - 77.946 ms[39m
[2026-07-23 01:51:39:5139] [[35mhttp[39m]: [35mGET /api/v1/masters/charger-manufacturer 304 - - 70.677 ms[39m
[2026-07-23 01:51:39:5139] [[35mhttp[39m]: [35mGET /api/v1/masters/equipment 304 - - 66.342 ms[39m
[2026-07-23 01:51:39:5139] [[35mhttp[39m]: [35mGET /api/v1/masters/connector 304 - - 56.165 ms[39m
[2026-07-23 01:51:39:5139] [[35mhttp[39m]: [35mGET /api/v1/survey-sites 304 - - 54.182 ms[39m
[2026-07-23 01:51:39:5139] [[35mhttp[39m]: [35mGET /api/v1/survey 304 - - 44.268 ms[39m
[2026-07-23 01:51:39:5139] [[35mhttp[39m]: [35mGET /api/v1/masters/charger-manufacturer 304 - - 42.377 ms[39m
[2026-07-23 01:51:39:5139] [[35mhttp[39m]: [35mGET /api/v1/masters/equipment 304 - - 46.023 ms[39m
[2026-07-23 01:51:40:5140] [[35mhttp[39m]: [35mGET /api/v1/users 200 4867 - 35.247 ms[39m
[2026-07-23 01:51:40:5140] [[35mhttp[39m]: [35mGET /api/v1/users 304 - - 11.091 ms[39m
[2026-07-23 01:51:49:5149] [[35mhttp[39m]: [35mGET /api/v1/survey-sites 304 - - 9.416 ms[39m
[2026-07-23 01:51:49:5149] [[35mhttp[39m]: [35mGET /api/v1/survey-sites 304 - - 7.248 ms[39m
[2026-07-23 01:51:56:5156] [[35mhttp[39m]: [35mGET /api/v1/survey-sites 304 - - 7.938 ms[39m
[2026-07-23 01:51:56:5156] [[35mhttp[39m]: [35mGET /api/v1/survey-sites 304 - - 9.907 ms[39m
[2026-07-23 01:52:05:525] [[35mhttp[39m]: [35mGET /api/v1/users 304 - - 11.142 ms[39m
[2026-07-23 01:52:05:525] [[35mhttp[39m]: [35mGET /api/v1/users 304 - - 8.664 ms[39m
[2026-07-23 01:52:10:5210] [[35mhttp[39m]: [35mGET /api/v1/users 304 - - 9.750 ms[39m
[2026-07-23 01:52:10:5210] [[35mhttp[39m]: [35mGET /api/v1/users 304 - - 8.824 ms[39m
[2026-07-23 01:52:16:5216] [[35mhttp[39m]: [35mGET /api/v1/survey-sites 304 - - 8.624 ms[39m
[2026-07-23 01:52:16:5216] [[35mhttp[39m]: [35mGET /api/v1/survey-sites 304 - - 5.593 ms[39m
[2026-07-23 01:52:20:5220] [[35mhttp[39m]: [35mGET /api/v1/users 304 - - 8.004 ms[39m
[2026-07-23 01:52:20:5220] [[35mhttp[39m]: [35mGET /api/v1/users 304 - - 8.009 ms[39m
[2026-07-23 01:53:44:5344] [[35mhttp[39m]: [35mGET /api/v1/survey-sites 304 - - 16.067 ms[39m
[2026-07-23 01:53:44:5344] [[35mhttp[39m]: [35mGET /api/v1/masters/connector 304 - - 55.512 ms[39m
[2026-07-23 01:53:44:5344] [[35mhttp[39m]: [35mGET /api/v1/survey 304 - - 64.515 ms[39m
[2026-07-23 01:53:44:5344] [[35mhttp[39m]: [35mGET /api/v1/masters/equipment 304 - - 55.987 ms[39m
[2026-07-23 01:53:44:5344] [[35mhttp[39m]: [35mGET /api/v1/survey-sites 304 - - 16.123 ms[39m
[2026-07-23 01:53:44:5344] [[35mhttp[39m]: [35mGET /api/v1/masters/connector 304 - - 9.733 ms[39m
[2026-07-23 01:53:44:5344] [[35mhttp[39m]: [35mGET /api/v1/masters/equipment 304 - - 14.322 ms[39m
[2026-07-23 01:53:44:5344] [[35mhttp[39m]: [35mGET /api/v1/survey 304 - - 37.845 ms[39m
[2026-07-23 01:53:44:5344] [[35mhttp[39m]: [35mGET /api/v1/masters/charger-manufacturer 304 - - 145.115 ms[39m
[2026-07-23 01:53:44:5344] [[35mhttp[39m]: [35mGET /api/v1/masters/charger-manufacturer 304 - - 18.389 ms[39m
[2026-07-23 01:53:51:5351] [[35mhttp[39m]: [35mGET /api/v1/users 304 - - 18.413 ms[39m
[2026-07-23 01:53:51:5351] [[35mhttp[39m]: [35mGET /api/v1/users 304 - - 10.028 ms[39m
[2026-07-23 01:53:54:5354] [[35mhttp[39m]: [35mGET /api/v1/survey-sites 304 - - 22.586 ms[39m
[2026-07-23 01:53:54:5354] [[35mhttp[39m]: [35mGET /api/v1/masters/connector 304 - - 21.711 ms[39m
[2026-07-23 01:53:54:5354] [[35mhttp[39m]: [35mGET /api/v1/masters/equipment 304 - - 41.385 ms[39m
[2026-07-23 01:53:54:5354] [[35mhttp[39m]: [35mGET /api/v1/masters/charger-manufacturer 304 - - 48.131 ms[39m
[2026-07-23 01:53:54:5354] [[35mhttp[39m]: [35mGET /api/v1/survey 304 - - 53.806 ms[39m
[2026-07-23 01:53:54:5354] [[35mhttp[39m]: [35mGET /api/v1/survey-sites 304 - - 33.859 ms[39m
[2026-07-23 01:53:54:5354] [[35mhttp[39m]: [35mGET /api/v1/masters/connector 304 - - 25.690 ms[39m
[2026-07-23 01:53:54:5354] [[35mhttp[39m]: [35mGET /api/v1/masters/charger-manufacturer 304 - - 16.898 ms[39m
[2026-07-23 01:53:54:5354] [[35mhttp[39m]: [35mGET /api/v1/masters/equipment 304 - - 77.878 ms[39m
[2026-07-23 01:53:54:5354] [[35mhttp[39m]: [35mGET /api/v1/survey 304 - - 70.690 ms[39m
[2026-07-23 01:54:07:547] [[35mhttp[39m]: [35mPOST /api/v1/auth/login 200 743 - 112.895 ms[39m
[2026-07-23 01:54:10:5410] [[35mhttp[39m]: [35mGET /api/v1/survey-assignment 200 1065 - 11.508 ms[39m
[2026-07-23 01:54:10:5410] [[35mhttp[39m]: [35mGET /api/v1/survey-assignment 304 - - 13.480 ms[39m
[2026-07-23 01:54:12:5412] [[35mhttp[39m]: [35mGET /api/v1/survey-assignment 304 - - 8.412 ms[39m
[2026-07-23 01:54:12:5412] [[35mhttp[39m]: [35mGET /api/v1/survey-assignment 304 - - 10.204 ms[39m
[2026-07-23 01:54:12:5412] [[35mhttp[39m]: [35mGET /api/v1/survey/site/e2951ef4-a31d-467d-a209-c79df8a2d20d 200 10364 - 49.009 ms[39m
[2026-07-23 01:54:12:5412] [[35mhttp[39m]: [35mGET /api/v1/survey/site/e2951ef4-a31d-467d-a209-c79df8a2d20d 304 - - 33.692 ms[39m
[2026-07-23 01:54:19:5419] [[35mhttp[39m]: [35mPOST /api/v1/survey/step1 201 11502 - 69.438 ms[39m
[2026-07-23 01:54:19:5419] [[35mhttp[39m]: [35mGET /api/v1/survey/bfd268f1-26a7-494e-9483-c5118680b2e7 200 11482 - 42.539 ms[39m
[2026-07-23 01:54:19:5419] [[35mhttp[39m]: [35mGET /api/v1/survey/bfd268f1-26a7-494e-9483-c5118680b2e7 304 - - 64.471 ms[39m
[2026-07-23 01:54:23:5423] [[35mhttp[39m]: [35mGET /api/v1/survey-assignment 200 1068 - 11.569 ms[39m
[2026-07-23 01:54:23:5423] [[35mhttp[39m]: [35mGET /api/v1/survey-assignment 304 - - 6.561 ms[39m
[2026-07-23 01:54:23:5423] [[35mhttp[39m]: [35mGET /api/v1/survey/site/e2951ef4-a31d-467d-a209-c79df8a2d20d 200 10367 - 30.690 ms[39m
[2026-07-23 01:54:23:5423] [[35mhttp[39m]: [35mGET /api/v1/survey/site/e2951ef4-a31d-467d-a209-c79df8a2d20d 304 - - 25.480 ms[39m
[2026-07-23 02:07:52:752] [[32minfo[39m]: [32mDatabase connection established successfully.[39m
[2026-07-23 02:07:52:752] [[32minfo[39m]: [32mServer is running in development mode on port 5000[39m
[2026-07-23 02:08:40:840] [[35mhttp[39m]: [35mGET /api/v1/auth/me 200 228 - 157.477 ms[39m
[2026-07-23 02:08:40:840] [[35mhttp[39m]: [35mGET /api/v1/auth/me 304 - - 6.671 ms[39m
[2026-07-23 02:08:41:841] [[35mhttp[39m]: [35mGET /api/v1/auth/me 304 - - 7.867 ms[39m
[2026-07-23 02:08:41:841] [[35mhttp[39m]: [35mGET /api/v1/auth/me 304 - - 5.484 ms[39m
[2026-07-23 02:08:47:847] [[35mhttp[39m]: [35mGET /api/v1/auth/me 304 - - 93.548 ms[39m
[2026-07-23 02:08:47:847] [[35mhttp[39m]: [35mGET /api/v1/auth/me 304 - - 59.574 ms[39m
[2026-07-23 02:08:47:847] [[35mhttp[39m]: [35mGET /api/v1/users 200 3895 - 284.923 ms[39m
[2026-07-23 02:08:47:847] [[35mhttp[39m]: [35mGET /api/v1/users 304 - - 21.973 ms[39m
[2026-07-23 02:08:50:850] [[35mhttp[39m]: [35mGET /api/v1/auth/me 304 - - 55.846 ms[39m
[2026-07-23 02:08:50:850] [[35mhttp[39m]: [35mGET /api/v1/auth/me 304 - - 34.598 ms[39m
[2026-07-23 02:08:52:852] [[35mhttp[39m]: [35mGET /api/v1/dashboard 200 4158 - 201.306 ms[39m
[2026-07-23 02:08:52:852] [[35mhttp[39m]: [35mGET /api/v1/dashboard 304 - - 51.493 ms[39m
[2026-07-23 02:08:56:856] [[35mhttp[39m]: [35mGET /api/v1/dashboard 304 - - 31.076 ms[39m
[2026-07-23 02:08:56:856] [[35mhttp[39m]: [35mGET /api/v1/dashboard 304 - - 41.493 ms[39m
[2026-07-23 02:09:11:911] [[35mhttp[39m]: [35mPOST /api/v1/auth/login 200 743 - 117.673 ms[39m
[2026-07-23 02:09:13:913] [[35mhttp[39m]: [35mGET /api/v1/survey-assignment 200 1068 - 23.051 ms[39m
[2026-07-23 02:09:13:913] [[35mhttp[39m]: [35mGET /api/v1/survey-assignment 304 - - 14.509 ms[39m
[2026-07-23 02:09:15:915] [[35mhttp[39m]: [35mGET /api/v1/survey-assignment 304 - - 17.284 ms[39m
[2026-07-23 02:09:15:915] [[35mhttp[39m]: [35mGET /api/v1/survey-assignment 304 - - 16.966 ms[39m
[2026-07-23 02:09:15:915] [[35mhttp[39m]: [35mGET /api/v1/survey/site/e2951ef4-a31d-467d-a209-c79df8a2d20d 200 10367 - 71.682 ms[39m
[2026-07-23 02:09:15:915] [[35mhttp[39m]: [35mGET /api/v1/survey/site/e2951ef4-a31d-467d-a209-c79df8a2d20d 304 - - 24.981 ms[39m
[2026-07-23 02:10:32:1032] [[35mhttp[39m]: [35mPOST /api/v1/auth/login 200 698 - 103.668 ms[39m
[2026-07-23 02:10:32:1032] [[35mhttp[39m]: [35mGET /api/v1/dashboard 304 - - 24.940 ms[39m
[2026-07-23 02:10:32:1032] [[35mhttp[39m]: [35mGET /api/v1/dashboard 304 - - 31.774 ms[39m
[2026-07-23 02:10:34:1034] [[35mhttp[39m]: [35mGET /api/v1/users 200 4873 - 16.925 ms[39m
[2026-07-23 02:10:34:1034] [[35mhttp[39m]: [35mGET /api/v1/users 304 - - 16.024 ms[39m
[2026-07-23 02:10:36:1036] [[35mhttp[39m]: [35mGET /api/v1/survey-sites 200 2134 - 42.698 ms[39m
[2026-07-23 02:10:36:1036] [[35mhttp[39m]: [35mGET /api/v1/survey 200 5536 - 46.955 ms[39m
[2026-07-23 02:10:36:1036] [[35mhttp[39m]: [35mGET /api/v1/masters/charger-manufacturer 200 2510 - 45.646 ms[39m
[2026-07-23 02:10:36:1036] [[35mhttp[39m]: [35mGET /api/v1/masters/connector 200 870 - 40.262 ms[39m
[2026-07-23 02:10:36:1036] [[35mhttp[39m]: [35mGET /api/v1/masters/equipment 200 18926 - 63.413 ms[39m
[2026-07-23 02:10:36:1036] [[35mhttp[39m]: [35mGET /api/v1/survey-sites 304 - - 42.270 ms[39m
[2026-07-23 02:10:36:1036] [[35mhttp[39m]: [35mGET /api/v1/masters/charger-manufacturer 304 - - 40.493 ms[39m
[2026-07-23 02:10:36:1036] [[35mhttp[39m]: [35mGET /api/v1/masters/connector 304 - - 42.720 ms[39m
[2026-07-23 02:10:36:1036] [[35mhttp[39m]: [35mGET /api/v1/survey 304 - - 49.747 ms[39m
[2026-07-23 02:10:36:1036] [[35mhttp[39m]: [35mGET /api/v1/masters/equipment 304 - - 12.876 ms[39m
[2026-07-23 02:10:38:1038] [[35mhttp[39m]: [35mGET /api/v1/users 304 - - 15.325 ms[39m
[2026-07-23 02:10:38:1038] [[35mhttp[39m]: [35mGET /api/v1/users 304 - - 18.078 ms[39m
[2026-07-23 02:10:40:1040] [[35mhttp[39m]: [35mGET /api/v1/survey-sites 304 - - 6.759 ms[39m
[2026-07-23 02:10:40:1040] [[35mhttp[39m]: [35mGET /api/v1/survey-sites 304 - - 9.448 ms[39m
[2026-07-23 02:10:46:1046] [[35mhttp[39m]: [35mGET /api/v1/survey 304 - - 23.874 ms[39m
[2026-07-23 02:10:46:1046] [[35mhttp[39m]: [35mGET /api/v1/survey 304 - - 16.632 ms[39m
[2026-07-23 02:10:56:1056] [[35mhttp[39m]: [35mGET /api/v1/auth/me 200 219 - 8.523 ms[39m
[2026-07-23 02:10:56:1056] [[35mhttp[39m]: [35mGET /api/v1/auth/me 304 - - 4.019 ms[39m
[2026-07-23 02:10:56:1056] [[35mhttp[39m]: [35mGET /api/v1/survey 304 - - 22.806 ms[39m
[2026-07-23 02:10:56:1056] [[35mhttp[39m]: [35mGET /api/v1/survey 304 - - 39.253 ms[39m
[2026-07-23 02:10:58:1058] [[35mhttp[39m]: [35mGET /api/v1/auth/me 304 - - 10.777 ms[39m
[2026-07-23 02:10:58:1058] [[35mhttp[39m]: [35mGET /api/v1/auth/me 304 - - 26.332 ms[39m
[2026-07-23 02:10:58:1058] [[35mhttp[39m]: [35mGET /api/v1/survey 304 - - 39.059 ms[39m
[2026-07-23 02:10:59:1059] [[35mhttp[39m]: [35mGET /api/v1/survey 304 - - 51.011 ms[39m
[2026-07-23 02:11:39:1139] [[35mhttp[39m]: [35mGET /api/v1/survey-sites 304 - - 14.085 ms[39m
[2026-07-23 02:11:39:1139] [[35mhttp[39m]: [35mGET /api/v1/survey-sites 304 - - 5.909 ms[39m
[2026-07-23 02:11:45:1145] [[35mhttp[39m]: [35mGET /api/v1/users 304 - - 16.939 ms[39m
[2026-07-23 02:11:45:1145] [[35mhttp[39m]: [35mGET /api/v1/users 304 - - 14.086 ms[39m
[2026-07-23 02:11:54:1154] [[35mhttp[39m]: [35mPOST /api/v1/survey/step1 201 11502 - 97.429 ms[39m
[2026-07-23 02:11:54:1154] [[35mhttp[39m]: [35mGET /api/v1/survey/bfd268f1-26a7-494e-9483-c5118680b2e7 200 11482 - 33.512 ms[39m
[2026-07-23 02:11:54:1154] [[35mhttp[39m]: [35mGET /api/v1/survey/bfd268f1-26a7-494e-9483-c5118680b2e7 304 - - 190.920 ms[39m
[2026-07-23 02:12:04:124] [[35mhttp[39m]: [35mGET /api/v1/auth/me 304 - - 31.995 ms[39m
[2026-07-23 02:12:04:124] [[35mhttp[39m]: [35mGET /api/v1/auth/me 304 - - 56.931 ms[39m
[2026-07-23 02:12:04:124] [[35mhttp[39m]: [35mGET /api/v1/survey/bfd268f1-26a7-494e-9483-c5118680b2e7 304 - - 295.172 ms[39m
[2026-07-23 02:12:04:124] [[35mhttp[39m]: [35mGET /api/v1/survey/bfd268f1-26a7-494e-9483-c5118680b2e7 304 - - 64.940 ms[39m
[2026-07-23 02:12:34:1234] [[35mhttp[39m]: [35mPOST /api/v1/auth/login 200 743 - 101.732 ms[39m
[2026-07-23 02:12:35:1235] [[35mhttp[39m]: [35mGET /api/v1/survey-assignment 200 1068 - 16.006 ms[39m
[2026-07-23 02:12:35:1235] [[35mhttp[39m]: [35mGET /api/v1/survey-assignment 304 - - 14.190 ms[39m
[2026-07-23 02:12:38:1238] [[35mhttp[39m]: [35mGET /api/v1/survey-assignment 304 - - 14.590 ms[39m
[2026-07-23 02:12:38:1238] [[35mhttp[39m]: [35mGET /api/v1/survey-assignment 304 - - 16.186 ms[39m
[2026-07-23 02:12:38:1238] [[35mhttp[39m]: [35mGET /api/v1/survey/site/e2951ef4-a31d-467d-a209-c79df8a2d20d 200 10367 - 46.054 ms[39m
[2026-07-23 02:12:38:1238] [[35mhttp[39m]: [35mGET /api/v1/survey/site/e2951ef4-a31d-467d-a209-c79df8a2d20d 304 - - 40.676 ms[39m
[2026-07-23 02:13:03:133] [[35mhttp[39m]: [35mPOST /api/v1/survey/step1 201 11502 - 72.666 ms[39m
[2026-07-23 02:13:03:133] [[35mhttp[39m]: [35mGET /api/v1/survey/bfd268f1-26a7-494e-9483-c5118680b2e7 200 11482 - 40.554 ms[39m
[2026-07-23 02:13:03:133] [[35mhttp[39m]: [35mGET /api/v1/survey/bfd268f1-26a7-494e-9483-c5118680b2e7 304 - - 41.455 ms[39m
[2026-07-23 02:13:09:139] [[35mhttp[39m]: [35mPOST /api/v1/survey/lock-asset 200 788 - 21.384 ms[39m
[2026-07-23 02:13:09:139] [[35mhttp[39m]: [35mGET /api/v1/masters/charger-manufacturer 304 - - 61.473 ms[39m
[2026-07-23 02:13:09:139] [[35mhttp[39m]: [35mGET /api/v1/survey/bfd268f1-26a7-494e-9483-c5118680b2e7 200 11482 - 62.790 ms[39m
[2026-07-23 02:13:09:139] [[35mhttp[39m]: [35mGET /api/v1/masters/equipment 304 - - 65.003 ms[39m
[2026-07-23 02:13:09:139] [[35mhttp[39m]: [35mGET /api/v1/masters/charger-manufacturer 304 - - 46.911 ms[39m
[2026-07-23 02:13:09:139] [[35mhttp[39m]: [35mGET /api/v1/survey/bfd268f1-26a7-494e-9483-c5118680b2e7 304 - - 42.143 ms[39m
[2026-07-23 02:13:09:139] [[35mhttp[39m]: [35mGET /api/v1/masters/equipment 304 - - 46.852 ms[39m
[2026-07-23 02:13:09:139] [[35mhttp[39m]: [35mGET /api/v1/masters/connector 304 - - 127.466 ms[39m
[2026-07-23 02:13:09:139] [[35mhttp[39m]: [35mGET /api/v1/masters/connector 304 - - 8.255 ms[39m
[2026-07-23 02:13:13:1313] [[35mhttp[39m]: [35mGET /api/v1/survey/bfd268f1-26a7-494e-9483-c5118680b2e7 304 - - 60.905 ms[39m
[2026-07-23 02:13:13:1313] [[35mhttp[39m]: [35mGET /api/v1/survey/bfd268f1-26a7-494e-9483-c5118680b2e7 304 - - 45.229 ms[39m
[2026-07-23 02:13:35:1335] [[35mhttp[39m]: [35mPOST /api/v1/survey/lock-asset 200 788 - 27.124 ms[39m
[2026-07-23 02:13:35:1335] [[35mhttp[39m]: [35mGET /api/v1/survey/bfd268f1-26a7-494e-9483-c5118680b2e7 200 11482 - 43.129 ms[39m
[2026-07-23 02:13:35:1335] [[35mhttp[39m]: [35mGET /api/v1/masters/connector 304 - - 42.267 ms[39m
[2026-07-23 02:13:35:1335] [[35mhttp[39m]: [35mGET /api/v1/masters/charger-manufacturer 304 - - 49.490 ms[39m
[2026-07-23 02:13:35:1335] [[35mhttp[39m]: [35mGET /api/v1/masters/equipment 304 - - 46.440 ms[39m
[2026-07-23 02:13:35:1335] [[35mhttp[39m]: [35mGET /api/v1/masters/connector 304 - - 46.661 ms[39m
[2026-07-23 02:13:35:1335] [[35mhttp[39m]: [35mGET /api/v1/masters/charger-manufacturer 304 - - 47.944 ms[39m
[2026-07-23 02:13:35:1335] [[35mhttp[39m]: [35mGET /api/v1/survey/bfd268f1-26a7-494e-9483-c5118680b2e7 304 - - 58.407 ms[39m
[2026-07-23 02:13:35:1335] [[35mhttp[39m]: [35mGET /api/v1/masters/equipment 304 - - 52.481 ms[39m
[2026-07-23 02:14:44:1444] [[35mhttp[39m]: [35mGET /api/v1/auth/me 200 234 - 131.255 ms[39m
[2026-07-23 02:14:44:1444] [[35mhttp[39m]: [35mGET /api/v1/auth/me 304 - - 9.527 ms[39m
[2026-07-23 02:14:44:1444] [[35mhttp[39m]: [35mGET /api/v1/masters/connector 200 870 - 146.203 ms[39m
[2026-07-23 02:14:44:1444] [[35mhttp[39m]: [35mGET /api/v1/masters/equipment 200 18926 - 168.445 ms[39m
[2026-07-23 02:14:44:1444] [[35mhttp[39m]: [35mGET /api/v1/masters/connector 304 - - 203.048 ms[39m
[2026-07-23 02:14:45:1445] [[35mhttp[39m]: [35mGET /api/v1/survey/bfd268f1-26a7-494e-9483-c5118680b2e7 200 11482 - 407.613 ms[39m
[2026-07-23 02:14:45:1445] [[35mhttp[39m]: [35mGET /api/v1/masters/charger-manufacturer 200 2510 - 441.028 ms[39m
[2026-07-23 02:14:45:1445] [[35mhttp[39m]: [35mGET /api/v1/masters/equipment 304 - - 60.651 ms[39m
[2026-07-23 02:14:45:1445] [[35mhttp[39m]: [35mGET /api/v1/survey/bfd268f1-26a7-494e-9483-c5118680b2e7 304 - - 65.371 ms[39m
[2026-07-23 02:14:45:1445] [[35mhttp[39m]: [35mGET /api/v1/masters/charger-manufacturer 304 - - 47.653 ms[39m
[2026-07-23 02:14:58:1458] [[35mhttp[39m]: [35mGET /api/v1/auth/me 304 - - 24.137 ms[39m
[2026-07-23 02:14:58:1458] [[35mhttp[39m]: [35mGET /api/v1/auth/me 304 - - 18.971 ms[39m
[2026-07-23 02:14:59:1459] [[35mhttp[39m]: [35mGET /api/v1/masters/charger-manufacturer 304 - - 227.613 ms[39m
[2026-07-23 02:14:59:1459] [[35mhttp[39m]: [35mGET /api/v1/masters/equipment 304 - - 234.846 ms[39m
[2026-07-23 02:14:59:1459] [[35mhttp[39m]: [35mGET /api/v1/survey/bfd268f1-26a7-494e-9483-c5118680b2e7 304 - - 251.136 ms[39m
[2026-07-23 02:14:59:1459] [[35mhttp[39m]: [35mGET /api/v1/masters/connector 304 - - 256.998 ms[39m
[2026-07-23 02:14:59:1459] [[35mhttp[39m]: [35mGET /api/v1/masters/charger-manufacturer 304 - - 160.179 ms[39m
[2026-07-23 02:14:59:1459] [[35mhttp[39m]: [35mGET /api/v1/masters/equipment 304 - - 161.319 ms[39m
[2026-07-23 02:14:59:1459] [[35mhttp[39m]: [35mGET /api/v1/masters/connector 304 - - 162.963 ms[39m
[2026-07-23 02:14:59:1459] [[35mhttp[39m]: [35mGET /api/v1/survey/bfd268f1-26a7-494e-9483-c5118680b2e7 304 - - 171.772 ms[39m
[2026-07-23 02:15:00:150] [[35mhttp[39m]: [35mGET /api/v1/survey/bfd268f1-26a7-494e-9483-c5118680b2e7 304 - - 78.801 ms[39m
[2026-07-23 02:15:00:150] [[35mhttp[39m]: [35mGET /api/v1/survey/bfd268f1-26a7-494e-9483-c5118680b2e7 304 - - 37.909 ms[39m
[2026-07-23 02:15:08:158] [[35mhttp[39m]: [35mPOST /api/v1/survey/lock-asset 200 788 - 37.542 ms[39m
[2026-07-23 02:15:08:158] [[35mhttp[39m]: [35mGET /api/v1/survey/bfd268f1-26a7-494e-9483-c5118680b2e7 200 11639 - 79.251 ms[39m
[2026-07-23 02:15:08:158] [[35mhttp[39m]: [35mGET /api/v1/masters/connector 304 - - 38.403 ms[39m
[2026-07-23 02:15:08:158] [[35mhttp[39m]: [35mGET /api/v1/masters/equipment 304 - - 48.486 ms[39m
[2026-07-23 02:15:08:158] [[35mhttp[39m]: [35mGET /api/v1/masters/charger-manufacturer 304 - - 65.694 ms[39m
[2026-07-23 02:15:08:158] [[35mhttp[39m]: [35mGET /api/v1/survey/bfd268f1-26a7-494e-9483-c5118680b2e7 304 - - 92.983 ms[39m
[2026-07-23 02:15:08:158] [[35mhttp[39m]: [35mGET /api/v1/masters/connector 304 - - 60.626 ms[39m
[2026-07-23 02:15:08:158] [[35mhttp[39m]: [35mGET /api/v1/masters/charger-manufacturer 304 - - 25.526 ms[39m
[2026-07-23 02:15:08:158] [[35mhttp[39m]: [35mGET /api/v1/masters/equipment 304 - - 38.554 ms[39m
[2026-07-23 02:17:17:1717] [[35mhttp[39m]: [35mGET /api/v1/survey/bfd268f1-26a7-494e-9483-c5118680b2e7 200 11639 - 32.372 ms[39m
[2026-07-23 02:17:17:1717] [[35mhttp[39m]: [35mGET /api/v1/survey/bfd268f1-26a7-494e-9483-c5118680b2e7 304 - - 37.680 ms[39m
[2026-07-23 02:17:22:1722] [[35mhttp[39m]: [35mGET /api/v1/survey/bfd268f1-26a7-494e-9483-c5118680b2e7 304 - - 34.150 ms[39m
[2026-07-23 02:17:24:1724] [[35mhttp[39m]: [35mGET /api/v1/survey/bfd268f1-26a7-494e-9483-c5118680b2e7 304 - - 54.949 ms[39m
[2026-07-23 02:17:24:1724] [[35mhttp[39m]: [35mGET /api/v1/masters/connector 304 - - 44.382 ms[39m
[2026-07-23 02:17:24:1724] [[35mhttp[39m]: [35mGET /api/v1/masters/charger-manufacturer 304 - - 44.385 ms[39m
[2026-07-23 02:17:24:1724] [[35mhttp[39m]: [35mGET /api/v1/masters/equipment 304 - - 22.202 ms[39m
[2026-07-23 02:17:24:1724] [[35mhttp[39m]: [35mGET /api/v1/masters/connector 304 - - 16.335 ms[39m
[2026-07-23 02:17:24:1724] [[35mhttp[39m]: [35mGET /api/v1/masters/charger-manufacturer 304 - - 43.634 ms[39m
[2026-07-23 02:17:24:1724] [[35mhttp[39m]: [35mGET /api/v1/survey/bfd268f1-26a7-494e-9483-c5118680b2e7 304 - - 53.491 ms[39m
[2026-07-23 02:17:24:1724] [[35mhttp[39m]: [35mGET /api/v1/masters/equipment 304 - - 45.145 ms[39m
[2026-07-23 02:17:29:1729] [[35mhttp[39m]: [35mGET /api/v1/survey/bfd268f1-26a7-494e-9483-c5118680b2e7 304 - - 36.685 ms[39m
[2026-07-23 02:17:29:1729] [[35mhttp[39m]: [35mGET /api/v1/survey/bfd268f1-26a7-494e-9483-c5118680b2e7 304 - - 38.297 ms[39m
[2026-07-23 02:17:30:1730] [[35mhttp[39m]: [35mGET /api/v1/survey-assignment 200 1068 - 21.854 ms[39m
[2026-07-23 02:17:30:1730] [[35mhttp[39m]: [35mGET /api/v1/survey-assignment 304 - - 12.886 ms[39m
[2026-07-23 02:17:30:1730] [[35mhttp[39m]: [35mGET /api/v1/survey/site/e2951ef4-a31d-467d-a209-c79df8a2d20d 200 10524 - 26.713 ms[39m
[2026-07-23 02:17:30:1730] [[35mhttp[39m]: [35mGET /api/v1/survey/site/e2951ef4-a31d-467d-a209-c79df8a2d20d 304 - - 27.259 ms[39m
[2026-07-23 02:17:38:1738] [[35mhttp[39m]: [35mPOST /api/v1/survey/step1 201 13379 - 120.299 ms[39m
[2026-07-23 02:17:38:1738] [[35mhttp[39m]: [35mGET /api/v1/survey/bfd268f1-26a7-494e-9483-c5118680b2e7 200 13359 - 39.506 ms[39m
[2026-07-23 02:17:38:1738] [[35mhttp[39m]: [35mGET /api/v1/survey/bfd268f1-26a7-494e-9483-c5118680b2e7 304 - - 40.717 ms[39m
[2026-07-23 02:17:41:1741] [[35mhttp[39m]: [35mPOST /api/v1/survey/lock-asset 200 554 - 17.001 ms[39m
[2026-07-23 02:17:41:1741] [[35mhttp[39m]: [35mGET /api/v1/masters/equipment 304 - - 36.512 ms[39m
[2026-07-23 02:17:41:1741] [[35mhttp[39m]: [35mGET /api/v1/survey/bfd268f1-26a7-494e-9483-c5118680b2e7 200 13516 - 39.948 ms[39m
[2026-07-23 02:17:41:1741] [[35mhttp[39m]: [35mGET /api/v1/masters/equipment 304 - - 39.710 ms[39m
[2026-07-23 02:17:41:1741] [[35mhttp[39m]: [35mGET /api/v1/survey/bfd268f1-26a7-494e-9483-c5118680b2e7 304 - - 40.107 ms[39m
[2026-07-23 02:17:41:1741] [[35mhttp[39m]: [35mGET /api/v1/photos?surveyId=bfd268f1-26a7-494e-9483-c5118680b2e7 200 77 - 11.313 ms[39m
[2026-07-23 02:17:41:1741] [[35mhttp[39m]: [35mGET /api/v1/photos?surveyId=bfd268f1-26a7-494e-9483-c5118680b2e7 304 - - 7.507 ms[39m
[2026-07-23 02:17:53:1753] [[35mhttp[39m]: [35mGET /api/v1/survey/bfd268f1-26a7-494e-9483-c5118680b2e7 200 13516 - 37.735 ms[39m
[2026-07-23 02:17:53:1753] [[35mhttp[39m]: [35mGET /api/v1/survey/bfd268f1-26a7-494e-9483-c5118680b2e7 304 - - 48.387 ms[39m
[2026-07-23 02:18:01:181] [[35mhttp[39m]: [35mPOST /api/v1/survey/lock-asset 200 554 - 16.809 ms[39m
[2026-07-23 02:18:01:181] [[35mhttp[39m]: [35mGET /api/v1/masters/equipment 304 - - 35.686 ms[39m
[2026-07-23 02:18:01:181] [[35mhttp[39m]: [35mGET /api/v1/survey/bfd268f1-26a7-494e-9483-c5118680b2e7 200 13516 - 42.975 ms[39m
[2026-07-23 02:18:01:181] [[35mhttp[39m]: [35mGET /api/v1/masters/equipment 304 - - 14.375 ms[39m
[2026-07-23 02:18:01:181] [[35mhttp[39m]: [35mGET /api/v1/survey/bfd268f1-26a7-494e-9483-c5118680b2e7 304 - - 35.391 ms[39m
[2026-07-23 02:18:01:181] [[35mhttp[39m]: [35mGET /api/v1/photos?surveyId=bfd268f1-26a7-494e-9483-c5118680b2e7 200 77 - 6.153 ms[39m
[2026-07-23 02:18:01:181] [[35mhttp[39m]: [35mGET /api/v1/photos?surveyId=bfd268f1-26a7-494e-9483-c5118680b2e7 304 - - 8.638 ms[39m
[2026-07-23 02:18:19:1819] [[35mhttp[39m]: [35mGET /api/v1/survey/bfd268f1-26a7-494e-9483-c5118680b2e7 304 - - 37.516 ms[39m
[2026-07-23 02:18:19:1819] [[35mhttp[39m]: [35mGET /api/v1/survey/bfd268f1-26a7-494e-9483-c5118680b2e7 304 - - 40.901 ms[39m
[2026-07-23 02:18:22:1822] [[35mhttp[39m]: [35mGET /api/v1/survey/bfd268f1-26a7-494e-9483-c5118680b2e7 304 - - 43.625 ms[39m
[2026-07-23 02:18:22:1822] [[35mhttp[39m]: [35mGET /api/v1/survey/bfd268f1-26a7-494e-9483-c5118680b2e7 304 - - 59.318 ms[39m
[2026-07-23 02:18:22:1822] [[35mhttp[39m]: [35mGET /api/v1/photos?surveyId=bfd268f1-26a7-494e-9483-c5118680b2e7 304 - - 57.313 ms[39m
[2026-07-23 02:18:22:1822] [[35mhttp[39m]: [35mGET /api/v1/photos?surveyId=bfd268f1-26a7-494e-9483-c5118680b2e7 304 - - 4.891 ms[39m
[2026-07-23 02:18:46:1846] [[35mhttp[39m]: [35mGET /api/v1/survey/bfd268f1-26a7-494e-9483-c5118680b2e7 304 - - 42.105 ms[39m
[2026-07-23 02:18:47:1847] [[35mhttp[39m]: [35mGET /api/v1/survey/bfd268f1-26a7-494e-9483-c5118680b2e7 304 - - 46.556 ms[39m
[2026-07-23 02:18:51:1851] [[35mhttp[39m]: [35mPOST /api/v1/survey/lock-asset 200 541 - 21.413 ms[39m
[2026-07-23 02:18:51:1851] [[35mhttp[39m]: [35mGET /api/v1/survey/bfd268f1-26a7-494e-9483-c5118680b2e7 200 13673 - 36.468 ms[39m
[2026-07-23 02:18:51:1851] [[35mhttp[39m]: [35mGET /api/v1/survey/bfd268f1-26a7-494e-9483-c5118680b2e7 304 - - 53.765 ms[39m
[2026-07-23 02:18:51:1851] [[35mhttp[39m]: [35mGET /api/v1/photos?surveyId=bfd268f1-26a7-494e-9483-c5118680b2e7 304 - - 46.651 ms[39m
[2026-07-23 02:18:51:1851] [[35mhttp[39m]: [35mGET /api/v1/photos?surveyId=bfd268f1-26a7-494e-9483-c5118680b2e7 304 - - 5.211 ms[39m
[2026-07-23 02:26:24:2624] [[32minfo[39m]: [32mDatabase connection established successfully.[39m
[2026-07-23 02:26:24:2624] [[32minfo[39m]: [32mServer is running in development mode on port 5000[39m
[2026-07-23 02:26:33:2633] [[32minfo[39m]: [32mDatabase connection established successfully.[39m
[2026-07-23 02:26:33:2633] [[32minfo[39m]: [32mServer is running in development mode on port 5000[39m
[2026-07-23 02:27:01:271] [[35mhttp[39m]: [35mGET /api/v1/survey/bfd268f1-26a7-494e-9483-c5118680b2e7 200 14168 - 284.338 ms[39m
[2026-07-23 02:27:01:271] [[35mhttp[39m]: [35mGET /api/v1/masters/equipment 304 - - 312.110 ms[39m
[2026-07-23 02:27:01:271] [[35mhttp[39m]: [35mGET /api/v1/survey/bfd268f1-26a7-494e-9483-c5118680b2e7 304 - - 80.992 ms[39m
[2026-07-23 02:27:01:271] [[35mhttp[39m]: [35mGET /api/v1/masters/equipment 304 - - 73.411 ms[39m
[2026-07-23 02:27:01:271] [[35mhttp[39m]: [35mGET /api/v1/photos?surveyId=bfd268f1-26a7-494e-9483-c5118680b2e7 304 - - 18.443 ms[39m
[2026-07-23 02:27:01:271] [[35mhttp[39m]: [35mGET /api/v1/photos?surveyId=bfd268f1-26a7-494e-9483-c5118680b2e7 304 - - 6.919 ms[39m
[2026-07-23 02:27:17:2717] [[35mhttp[39m]: [35mGET /api/v1/survey/bfd268f1-26a7-494e-9483-c5118680b2e7 200 14168 - 38.705 ms[39m
[2026-07-23 02:27:17:2717] [[35mhttp[39m]: [35mGET /api/v1/survey/bfd268f1-26a7-494e-9483-c5118680b2e7 304 - - 36.477 ms[39m
[2026-07-23 02:27:17:2717] [[35mhttp[39m]: [35mGET /api/v1/photos?surveyId=bfd268f1-26a7-494e-9483-c5118680b2e7 304 - - 6.219 ms[39m
[2026-07-23 02:27:17:2717] [[35mhttp[39m]: [35mGET /api/v1/photos?surveyId=bfd268f1-26a7-494e-9483-c5118680b2e7 304 - - 5.690 ms[39m
[2026-07-23 02:29:37:2937] [[35mhttp[39m]: [35mGET /api/v1/masters/connector 304 - - 33.861 ms[39m
[2026-07-23 02:29:37:2937] [[35mhttp[39m]: [35mGET /api/v1/masters/charger-manufacturer 304 - - 35.677 ms[39m
[2026-07-23 02:29:37:2937] [[35mhttp[39m]: [35mGET /api/v1/survey-sites 200 592 - 58.377 ms[39m
[2026-07-23 02:29:37:2937] [[35mhttp[39m]: [35mGET /api/v1/survey 200 2428 - 60.896 ms[39m
[2026-07-23 02:29:37:2937] [[35mhttp[39m]: [35mGET /api/v1/masters/connector 304 - - 51.255 ms[39m
[2026-07-23 02:29:37:2937] [[35mhttp[39m]: [35mGET /api/v1/masters/charger-manufacturer 304 - - 32.625 ms[39m
[2026-07-23 02:29:37:2937] [[35mhttp[39m]: [35mGET /api/v1/survey-sites 304 - - 48.791 ms[39m
[2026-07-23 02:29:37:2937] [[35mhttp[39m]: [35mGET /api/v1/survey 304 - - 40.106 ms[39m
[2026-07-23 02:29:37:2937] [[35mhttp[39m]: [35mGET /api/v1/masters/equipment 304 - - 127.289 ms[39m
[2026-07-23 02:29:37:2937] [[35mhttp[39m]: [35mGET /api/v1/masters/equipment 304 - - 12.703 ms[39m
[2026-07-23 02:29:43:2943] [[35mhttp[39m]: [35mGET /api/v1/survey/site/e2951ef4-a31d-467d-a209-c79df8a2d20d 200 13053 - 61.185 ms[39m
[2026-07-23 02:29:43:2943] [[35mhttp[39m]: [35mGET /api/v1/masters/charger-model?manufacturerId=a8a2553d-6eb9-49a8-a464-e065ff42952d 200 1320 - 9.423 ms[39m
[2026-07-23 02:30:32:3032] [[35mhttp[39m]: [35mGET /api/v1/survey-assignment 200 1068 - 27.652 ms[39m
[2026-07-23 02:30:32:3032] [[35mhttp[39m]: [35mGET /api/v1/survey-assignment 304 - - 12.965 ms[39m
[2026-07-23 02:30:35:3035] [[35mhttp[39m]: [35mGET /api/v1/survey-assignment 304 - - 17.014 ms[39m
[2026-07-23 02:30:35:3035] [[35mhttp[39m]: [35mGET /api/v1/survey-assignment 304 - - 15.380 ms[39m
[2026-07-23 02:30:35:3035] [[35mhttp[39m]: [35mGET /api/v1/survey/site/e2951ef4-a31d-467d-a209-c79df8a2d20d 304 - - 37.474 ms[39m
[2026-07-23 02:30:35:3035] [[35mhttp[39m]: [35mGET /api/v1/survey/site/e2951ef4-a31d-467d-a209-c79df8a2d20d 304 - - 52.662 ms[39m
[2026-07-23 02:30:39:3039] [[35mhttp[39m]: [35mPOST /api/v1/survey/step1 201 14188 - 72.016 ms[39m
[2026-07-23 02:30:39:3039] [[35mhttp[39m]: [35mGET /api/v1/survey/bfd268f1-26a7-494e-9483-c5118680b2e7 200 14168 - 35.520 ms[39m
[2026-07-23 02:30:39:3039] [[35mhttp[39m]: [35mGET /api/v1/survey/bfd268f1-26a7-494e-9483-c5118680b2e7 304 - - 35.558 ms[39m
[2026-07-23 02:30:49:3049] [[35mhttp[39m]: [35mPOST /api/v1/survey/lock-asset 200 821 - 21.539 ms[39m
[2026-07-23 02:30:49:3049] [[35mhttp[39m]: [35mGET /api/v1/masters/connector 304 - - 43.319 ms[39m
[2026-07-23 02:30:49:3049] [[35mhttp[39m]: [35mGET /api/v1/masters/charger-manufacturer 304 - - 45.824 ms[39m
[2026-07-23 02:30:49:3049] [[35mhttp[39m]: [35mGET /api/v1/masters/equipment 304 - - 46.793 ms[39m
[2026-07-23 02:30:49:3049] [[35mhttp[39m]: [35mGET /api/v1/survey/bfd268f1-26a7-494e-9483-c5118680b2e7 200 14168 - 51.920 ms[39m
[2026-07-23 02:30:50:3050] [[35mhttp[39m]: [35mGET /api/v1/masters/connector 304 - - 53.275 ms[39m
[2026-07-23 02:30:50:3050] [[35mhttp[39m]: [35mGET /api/v1/masters/charger-manufacturer 304 - - 59.190 ms[39m
[2026-07-23 02:30:50:3050] [[35mhttp[39m]: [35mGET /api/v1/masters/equipment 304 - - 62.026 ms[39m
[2026-07-23 02:30:50:3050] [[35mhttp[39m]: [35mGET /api/v1/survey/bfd268f1-26a7-494e-9483-c5118680b2e7 304 - - 61.348 ms[39m
[2026-07-23 02:30:50:3050] [[35mhttp[39m]: [35mGET /api/v1/photos?surveyId=bfd268f1-26a7-494e-9483-c5118680b2e7 304 - - 17.721 ms[39m
[2026-07-23 02:30:50:3050] [[35mhttp[39m]: [35mGET /api/v1/photos?surveyId=bfd268f1-26a7-494e-9483-c5118680b2e7 304 - - 5.443 ms[39m
[2026-07-23 02:31:02:312] [[35mhttp[39m]: [35mGET /api/v1/survey/bfd268f1-26a7-494e-9483-c5118680b2e7 304 - - 45.090 ms[39m
[2026-07-23 02:31:02:312] [[35mhttp[39m]: [35mGET /api/v1/survey/bfd268f1-26a7-494e-9483-c5118680b2e7 304 - - 49.428 ms[39m
[2026-07-23 02:31:09:319] [[35mhttp[39m]: [35mPOST /api/v1/survey/lock-asset 200 574 - 24.331 ms[39m
[2026-07-23 02:31:09:319] [[35mhttp[39m]: [35mGET /api/v1/survey/bfd268f1-26a7-494e-9483-c5118680b2e7 200 14168 - 34.821 ms[39m
[2026-07-23 02:31:09:319] [[35mhttp[39m]: [35mGET /api/v1/photos?surveyId=bfd268f1-26a7-494e-9483-c5118680b2e7 304 - - 41.280 ms[39m
[2026-07-23 02:31:09:319] [[35mhttp[39m]: [35mGET /api/v1/survey/bfd268f1-26a7-494e-9483-c5118680b2e7 304 - - 50.123 ms[39m
[2026-07-23 02:31:09:319] [[35mhttp[39m]: [35mGET /api/v1/photos?surveyId=bfd268f1-26a7-494e-9483-c5118680b2e7 304 - - 5.429 ms[39m
[2026-07-23 02:31:29:3129] [[35mhttp[39m]: [35mGET /api/v1/survey/bfd268f1-26a7-494e-9483-c5118680b2e7 304 - - 35.957 ms[39m
[2026-07-23 02:31:29:3129] [[35mhttp[39m]: [35mGET /api/v1/survey/bfd268f1-26a7-494e-9483-c5118680b2e7 304 - - 42.104 ms[39m
[2026-07-23 02:32:05:325] [[35mhttp[39m]: [35mPOST /api/v1/survey/lock-asset 200 574 - 22.671 ms[39m
[2026-07-23 02:32:05:325] [[35mhttp[39m]: [35mGET /api/v1/survey/bfd268f1-26a7-494e-9483-c5118680b2e7 200 14325 - 38.795 ms[39m
[2026-07-23 02:32:05:325] [[35mhttp[39m]: [35mGET /api/v1/survey/bfd268f1-26a7-494e-9483-c5118680b2e7 304 - - 56.156 ms[39m
[2026-07-23 02:32:06:326] [[35mhttp[39m]: [35mGET /api/v1/photos?surveyId=bfd268f1-26a7-494e-9483-c5118680b2e7 304 - - 99.242 ms[39m
[2026-07-23 02:32:06:326] [[35mhttp[39m]: [35mGET /api/v1/photos?surveyId=bfd268f1-26a7-494e-9483-c5118680b2e7 304 - - 5.711 ms[39m
[2026-07-23 02:33:46:3346] [[35mhttp[39m]: [35mGET /api/v1/survey/bfd268f1-26a7-494e-9483-c5118680b2e7 304 - - 55.165 ms[39m
[2026-07-23 02:33:46:3346] [[35mhttp[39m]: [35mGET /api/v1/survey/bfd268f1-26a7-494e-9483-c5118680b2e7 304 - - 41.614 ms[39m
[2026-07-23 02:33:51:3351] [[35mhttp[39m]: [35mPOST /api/v1/survey/lock-asset 200 821 - 20.320 ms[39m
[2026-07-23 02:33:51:3351] [[35mhttp[39m]: [35mGET /api/v1/survey/bfd268f1-26a7-494e-9483-c5118680b2e7 200 14325 - 82.988 ms[39m
[2026-07-23 02:33:51:3351] [[35mhttp[39m]: [35mGET /api/v1/masters/equipment 304 - - 89.772 ms[39m
[2026-07-23 02:33:51:3351] [[35mhttp[39m]: [35mGET /api/v1/masters/charger-manufacturer 304 - - 113.182 ms[39m
[2026-07-23 02:33:51:3351] [[35mhttp[39m]: [35mGET /api/v1/masters/connector 304 - - 115.482 ms[39m
[2026-07-23 02:33:51:3351] [[35mhttp[39m]: [35mGET /api/v1/masters/equipment 304 - - 80.167 ms[39m
[2026-07-23 02:33:51:3351] [[35mhttp[39m]: [35mGET /api/v1/survey/bfd268f1-26a7-494e-9483-c5118680b2e7 304 - - 86.599 ms[39m
[2026-07-23 02:33:51:3351] [[35mhttp[39m]: [35mGET /api/v1/masters/charger-manufacturer 304 - - 69.185 ms[39m
[2026-07-23 02:33:51:3351] [[35mhttp[39m]: [35mGET /api/v1/masters/connector 304 - - 18.007 ms[39m
[2026-07-23 02:33:51:3351] [[35mhttp[39m]: [35mGET /api/v1/photos?surveyId=bfd268f1-26a7-494e-9483-c5118680b2e7 304 - - 13.196 ms[39m
[2026-07-23 02:33:51:3351] [[35mhttp[39m]: [35mGET /api/v1/photos?surveyId=bfd268f1-26a7-494e-9483-c5118680b2e7 304 - - 7.071 ms[39m
[2026-07-23 02:33:55:3355] [[35mhttp[39m]: [35mGET /api/v1/masters/charger-model?manufacturerId=a8a2553d-6eb9-49a8-a464-e065ff42952d 304 - - 8.146 ms[39m
[2026-07-23 02:36:07:367] [[31merror[39m]: [31mError compressing image: Input file contains unsupported image format[39m
[2026-07-23 02:36:07:367] [[35mhttp[39m]: [35mPOST /api/v1/photos 201 896 - 95.386 ms[39m
[2026-07-23 02:36:07:367] [[35mhttp[39m]: [35mGET /api/v1/photos?surveyId=bfd268f1-26a7-494e-9483-c5118680b2e7 200 885 - 8.637 ms[39m
[2026-07-23 02:36:07:367] [[35mhttp[39m]: [35mGET /uploads/charger%20 404 134 - 6.088 ms[39m
[2026-07-23 02:36:13:3613] [[31merror[39m]: [31mError compressing image: Input file contains unsupported image format[39m
[2026-07-23 02:36:13:3613] [[35mhttp[39m]: [35mPOST /api/v1/photos 201 891 - 66.519 ms[39m
[2026-07-23 02:36:13:3613] [[35mhttp[39m]: [35mGET /api/v1/photos?surveyId=bfd268f1-26a7-494e-9483-c5118680b2e7 200 1689 - 8.906 ms[39m
[2026-07-23 02:36:13:3613] [[35mhttp[39m]: [35mGET /uploads/charger%20 404 134 - 0.757 ms[39m
[2026-07-23 02:36:19:3619] [[31merror[39m]: [31mError compressing image: Input file contains unsupported image format[39m
[2026-07-23 02:36:19:3619] [[35mhttp[39m]: [35mPOST /api/v1/photos 201 896 - 57.391 ms[39m
[2026-07-23 02:36:19:3619] [[35mhttp[39m]: [35mGET /api/v1/photos?surveyId=bfd268f1-26a7-494e-9483-c5118680b2e7 200 2498 - 7.456 ms[39m
[2026-07-23 02:36:19:3619] [[35mhttp[39m]: [35mGET /uploads/charger%20 404 134 - 1.051 ms[39m
[2026-07-23 02:36:34:3634] [[35mhttp[39m]: [35mPOST /api/v1/survey/save-asset 200 1098 - 109.503 ms[39m
[2026-07-23 02:36:34:3634] [[35mhttp[39m]: [35mGET /api/v1/survey/bfd268f1-26a7-494e-9483-c5118680b2e7 200 17230 - 39.629 ms[39m
[2026-07-23 02:36:34:3634] [[35mhttp[39m]: [35mGET /api/v1/survey/bfd268f1-26a7-494e-9483-c5118680b2e7 304 - - 49.413 ms[39m
[2026-07-23 02:36:48:3648] [[35mhttp[39m]: [35mPOST /api/v1/survey/lock-asset 200 821 - 18.248 ms[39m
[2026-07-23 02:36:48:3648] [[35mhttp[39m]: [35mGET /api/v1/masters/charger-manufacturer 304 - - 24.607 ms[39m
[2026-07-23 02:36:48:3648] [[35mhttp[39m]: [35mGET /api/v1/masters/connector 304 - - 24.517 ms[39m
[2026-07-23 02:36:48:3648] [[35mhttp[39m]: [35mGET /api/v1/masters/equipment 304 - - 29.475 ms[39m
[2026-07-23 02:36:48:3648] [[35mhttp[39m]: [35mGET /api/v1/masters/connector 304 - - 21.667 ms[39m
[2026-07-23 02:36:48:3648] [[35mhttp[39m]: [35mGET /api/v1/masters/charger-manufacturer 304 - - 27.237 ms[39m
[2026-07-23 02:36:48:3648] [[35mhttp[39m]: [35mGET /api/v1/masters/equipment 304 - - 28.902 ms[39m
[2026-07-23 02:36:48:3648] [[35mhttp[39m]: [35mGET /api/v1/survey/bfd268f1-26a7-494e-9483-c5118680b2e7 200 17387 - 142.021 ms[39m
[2026-07-23 02:36:48:3648] [[35mhttp[39m]: [35mGET /api/v1/photos?surveyId=bfd268f1-26a7-494e-9483-c5118680b2e7 304 - - 52.539 ms[39m
[2026-07-23 02:36:48:3648] [[35mhttp[39m]: [35mGET /api/v1/survey/bfd268f1-26a7-494e-9483-c5118680b2e7 304 - - 62.127 ms[39m
[2026-07-23 02:36:48:3648] [[35mhttp[39m]: [35mGET /api/v1/photos?surveyId=bfd268f1-26a7-494e-9483-c5118680b2e7 304 - - 7.968 ms[39m
[2026-07-23 02:36:53:3653] [[35mhttp[39m]: [35mGET /api/v1/survey/bfd268f1-26a7-494e-9483-c5118680b2e7 304 - - 54.016 ms[39m
[2026-07-23 02:36:53:3653] [[35mhttp[39m]: [35mGET /api/v1/survey/bfd268f1-26a7-494e-9483-c5118680b2e7 304 - - 55.050 ms[39m
[2026-07-23 02:36:58:3658] [[35mhttp[39m]: [35mPOST /api/v1/survey/lock-asset 200 587 - 23.378 ms[39m
[2026-07-23 02:36:58:3658] [[35mhttp[39m]: [35mGET /api/v1/masters/equipment 304 - - 29.517 ms[39m
[2026-07-23 02:36:58:3658] [[35mhttp[39m]: [35mGET /api/v1/survey/bfd268f1-26a7-494e-9483-c5118680b2e7 200 17544 - 56.496 ms[39m
[2026-07-23 02:36:58:3658] [[35mhttp[39m]: [35mGET /api/v1/masters/equipment 304 - - 17.635 ms[39m
[2026-07-23 02:36:58:3658] [[35mhttp[39m]: [35mGET /api/v1/photos?surveyId=bfd268f1-26a7-494e-9483-c5118680b2e7 304 - - 42.358 ms[39m
[2026-07-23 02:36:58:3658] [[35mhttp[39m]: [35mGET /api/v1/survey/bfd268f1-26a7-494e-9483-c5118680b2e7 304 - - 54.558 ms[39m
[2026-07-23 02:36:58:3658] [[35mhttp[39m]: [35mGET /api/v1/photos?surveyId=bfd268f1-26a7-494e-9483-c5118680b2e7 304 - - 6.529 ms[39m
[2026-07-23 02:37:37:3737] [[35mhttp[39m]: [35mGET /api/v1/survey/bfd268f1-26a7-494e-9483-c5118680b2e7 304 - - 50.975 ms[39m
[2026-07-23 02:37:37:3737] [[35mhttp[39m]: [35mGET /api/v1/survey/bfd268f1-26a7-494e-9483-c5118680b2e7 304 - - 62.637 ms[39m
[2026-07-23 02:37:56:3756] [[35mhttp[39m]: [35mPOST /api/v1/auth/login 200 743 - 119.785 ms[39m
[2026-07-23 02:37:58:3758] [[35mhttp[39m]: [35mGET /api/v1/survey-assignment 200 1068 - 17.089 ms[39m
[2026-07-23 02:37:58:3758] [[35mhttp[39m]: [35mGET /api/v1/survey-assignment 304 - - 13.695 ms[39m
[2026-07-23 02:38:00:380] [[35mhttp[39m]: [35mGET /api/v1/survey-assignment 304 - - 13.182 ms[39m
[2026-07-23 02:38:00:380] [[35mhttp[39m]: [35mGET /api/v1/survey-assignment 304 - - 11.939 ms[39m
[2026-07-23 02:38:00:380] [[35mhttp[39m]: [35mGET /api/v1/survey/site/e2951ef4-a31d-467d-a209-c79df8a2d20d 200 14232 - 36.507 ms[39m
[2026-07-23 02:38:00:380] [[35mhttp[39m]: [35mGET /api/v1/survey/site/e2951ef4-a31d-467d-a209-c79df8a2d20d 304 - - 54.255 ms[39m
[2026-07-23 02:38:03:383] [[35mhttp[39m]: [35mPOST /api/v1/survey/step1 201 17564 - 70.619 ms[39m
[2026-07-23 02:38:03:383] [[35mhttp[39m]: [35mGET /api/v1/survey/bfd268f1-26a7-494e-9483-c5118680b2e7 200 17544 - 39.879 ms[39m
[2026-07-23 02:38:03:383] [[35mhttp[39m]: [35mGET /api/v1/survey/bfd268f1-26a7-494e-9483-c5118680b2e7 304 - - 39.750 ms[39m
[2026-07-23 02:38:05:385] [[35mhttp[39m]: [35mGET /api/v1/survey-assignment 200 1068 - 14.389 ms[39m
[2026-07-23 02:38:05:385] [[35mhttp[39m]: [35mGET /api/v1/survey-assignment 304 - - 13.631 ms[39m
[2026-07-23 02:38:05:385] [[35mhttp[39m]: [35mGET /api/v1/survey/site/e2951ef4-a31d-467d-a209-c79df8a2d20d 200 14232 - 45.237 ms[39m
[2026-07-23 02:38:05:385] [[35mhttp[39m]: [35mGET /api/v1/survey/site/e2951ef4-a31d-467d-a209-c79df8a2d20d 304 - - 43.573 ms[39m
[2026-07-23 02:38:17:3817] [[35mhttp[39m]: [35mPOST /api/v1/survey/step1 201 9333 - 168.849 ms[39m
[2026-07-23 02:38:17:3817] [[35mhttp[39m]: [35mGET /api/v1/survey/bfd268f1-26a7-494e-9483-c5118680b2e7 200 9313 - 47.892 ms[39m
[2026-07-23 02:38:17:3817] [[35mhttp[39m]: [35mGET /api/v1/survey/bfd268f1-26a7-494e-9483-c5118680b2e7 304 - - 34.428 ms[39m
[2026-07-23 02:45:05:455] [[35mhttp[39m]: [35mGET /api/v1/auth/me 200 234 - 339.982 ms[39m
[2026-07-23 02:45:05:455] [[35mhttp[39m]: [35mGET /api/v1/auth/me 304 - - 3.616 ms[39m
[2026-07-23 02:45:07:457] [[35mhttp[39m]: [35mGET /api/v1/auth/me 304 - - 4.141 ms[39m
[2026-07-23 02:45:07:457] [[35mhttp[39m]: [35mGET /api/v1/auth/me 304 - - 3.650 ms[39m
[2026-07-23 02:45:07:457] [[35mhttp[39m]: [35mGET /api/v1/survey/bfd268f1-26a7-494e-9483-c5118680b2e7 304 - - 85.391 ms[39m
[2026-07-23 02:45:07:457] [[35mhttp[39m]: [35mGET /api/v1/survey/bfd268f1-26a7-494e-9483-c5118680b2e7 304 - - 100.004 ms[39m
[2026-07-23 02:45:10:4510] [[35mhttp[39m]: [35mGET /api/v1/auth/me 304 - - 15.319 ms[39m
[2026-07-23 02:45:10:4510] [[35mhttp[39m]: [35mGET /api/v1/auth/me 304 - - 16.366 ms[39m
[2026-07-23 02:45:16:4516] [[35mhttp[39m]: [35mGET /api/v1/survey-assignment 200 1068 - 17.715 ms[39m
[2026-07-23 02:45:16:4516] [[35mhttp[39m]: [35mGET /api/v1/survey-assignment 304 - - 12.530 ms[39m
[2026-07-23 02:45:18:4518] [[35mhttp[39m]: [35mGET /api/v1/survey-assignment 304 - - 17.803 ms[39m
[2026-07-23 02:45:18:4518] [[35mhttp[39m]: [35mGET /api/v1/survey-assignment 304 - - 10.490 ms[39m
[2026-07-23 02:45:18:4518] [[35mhttp[39m]: [35mGET /api/v1/survey/site/e2951ef4-a31d-467d-a209-c79df8a2d20d 200 6001 - 27.054 ms[39m
[2026-07-23 02:45:18:4518] [[35mhttp[39m]: [35mGET /api/v1/survey/site/e2951ef4-a31d-467d-a209-c79df8a2d20d 304 - - 30.473 ms[39m
[2026-07-23 02:45:39:4539] [[35mhttp[39m]: [35mPOST /api/v1/auth/login 200 727 - 104.990 ms[39m
[2026-07-23 02:45:39:4539] [[35mhttp[39m]: [35mGET /api/v1/dashboard 200 4157 - 203.805 ms[39m
[2026-07-23 02:45:39:4539] [[35mhttp[39m]: [35mGET /api/v1/dashboard 304 - - 40.179 ms[39m
[2026-07-23 02:45:42:4542] [[35mhttp[39m]: [35mGET /api/v1/dashboard 304 - - 41.498 ms[39m
[2026-07-23 02:45:42:4542] [[35mhttp[39m]: [35mGET /api/v1/dashboard 304 - - 32.006 ms[39m
[2026-07-23 02:45:46:4546] [[35mhttp[39m]: [35mGET /api/v1/survey-sites 200 1073 - 22.323 ms[39m
[2026-07-23 02:45:46:4546] [[35mhttp[39m]: [35mGET /api/v1/survey-sites 304 - - 15.975 ms[39m
[2026-07-23 02:45:48:4548] [[35mhttp[39m]: [35mGET /api/v1/survey-sites/0c1841f6-7637-4adf-a249-5e88eb36d970 200 566 - 11.422 ms[39m
[2026-07-23 02:45:48:4548] [[35mhttp[39m]: [35mGET /api/v1/survey-sites/0c1841f6-7637-4adf-a249-5e88eb36d970 304 - - 6.765 ms[39m
[2026-07-23 02:45:54:4554] [[35mhttp[39m]: [35mGET /api/v1/survey-sites 304 - - 11.622 ms[39m
[2026-07-23 02:45:54:4554] [[35mhttp[39m]: [35mGET /api/v1/survey-sites 304 - - 12.624 ms[39m
[2026-07-23 02:45:59:4559] [[35mhttp[39m]: [35mGET /api/v1/dashboard 304 - - 37.608 ms[39m
[2026-07-23 02:45:59:4559] [[35mhttp[39m]: [35mGET /api/v1/dashboard 304 - - 42.785 ms[39m
[2026-07-23 02:46:02:462] [[35mhttp[39m]: [35mGET /api/v1/users 200 3895 - 22.678 ms[39m
[2026-07-23 02:46:02:462] [[35mhttp[39m]: [35mGET /api/v1/users 304 - - 16.507 ms[39m
[2026-07-23 02:46:03:463] [[35mhttp[39m]: [35mGET /api/v1/survey-sites 304 - - 16.688 ms[39m
[2026-07-23 02:46:03:463] [[35mhttp[39m]: [35mGET /api/v1/survey-sites 304 - - 14.544 ms[39m
[2026-07-23 02:46:14:4614] [[35mhttp[39m]: [35mGET /api/v1/dashboard 304 - - 32.867 ms[39m
[2026-07-23 02:46:14:4614] [[35mhttp[39m]: [35mGET /api/v1/dashboard 304 - - 40.131 ms[39m
[2026-07-23 02:46:17:4617] [[35mhttp[39m]: [35mGET /api/v1/survey-sites 304 - - 54.345 ms[39m
[2026-07-23 02:46:17:4617] [[35mhttp[39m]: [35mGET /api/v1/masters/charger-manufacturer 304 - - 42.802 ms[39m
[2026-07-23 02:46:17:4617] [[35mhttp[39m]: [35mGET /api/v1/masters/equipment 304 - - 41.078 ms[39m
[2026-07-23 02:46:17:4617] [[35mhttp[39m]: [35mGET /api/v1/survey 200 2427 - 62.229 ms[39m
[2026-07-23 02:46:17:4617] [[35mhttp[39m]: [35mGET /api/v1/masters/connector 304 - - 46.415 ms[39m
[2026-07-23 02:46:17:4617] [[35mhttp[39m]: [35mGET /api/v1/masters/equipment 304 - - 24.931 ms[39m
[2026-07-23 02:46:17:4617] [[35mhttp[39m]: [35mGET /api/v1/masters/connector 304 - - 27.994 ms[39m
[2026-07-23 02:46:17:4617] [[35mhttp[39m]: [35mGET /api/v1/masters/charger-manufacturer 304 - - 33.897 ms[39m
[2026-07-23 02:46:17:4617] [[35mhttp[39m]: [35mGET /api/v1/survey-sites 304 - - 49.327 ms[39m
[2026-07-23 02:46:17:4617] [[35mhttp[39m]: [35mGET /api/v1/survey 304 - - 46.485 ms[39m
[2026-07-23 02:46:21:4621] [[35mhttp[39m]: [35mGET /api/v1/users 304 - - 25.726 ms[39m
[2026-07-23 02:46:21:4621] [[35mhttp[39m]: [35mGET /api/v1/users 304 - - 15.118 ms[39m
[2026-07-23 02:47:21:4721] [[35mhttp[39m]: [35mPOST /api/v1/auth/login 200 698 - 106.620 ms[39m
[2026-07-23 02:47:22:4722] [[35mhttp[39m]: [35mGET /api/v1/dashboard 304 - - 38.802 ms[39m
[2026-07-23 02:47:22:4722] [[35mhttp[39m]: [35mGET /api/v1/dashboard 304 - - 44.236 ms[39m
[2026-07-23 02:47:33:4733] [[35mhttp[39m]: [35mGET /api/v1/survey-assignment 200 3005 - 19.375 ms[39m
[2026-07-23 02:47:33:4733] [[35mhttp[39m]: [35mGET /api/v1/survey-assignment 304 - - 17.545 ms[39m
[2026-07-23 02:47:52:4752] [[35mhttp[39m]: [35mGET /api/v1/survey-assignment 304 - - 23.871 ms[39m
[2026-07-23 02:47:52:4752] [[35mhttp[39m]: [35mGET /api/v1/survey-assignment 304 - - 24.735 ms[39m
[2026-07-23 02:47:52:4752] [[35mhttp[39m]: [35mGET /api/v1/survey/site/e2951ef4-a31d-467d-a209-c79df8a2d20d 304 - - 52.330 ms[39m
[2026-07-23 02:47:52:4752] [[35mhttp[39m]: [35mGET /api/v1/survey/site/e2951ef4-a31d-467d-a209-c79df8a2d20d 304 - - 50.237 ms[39m
[2026-07-23 02:47:58:4758] [[35mhttp[39m]: [35mGET /api/v1/survey-assignment 304 - - 21.245 ms[39m
[2026-07-23 02:47:58:4758] [[35mhttp[39m]: [35mGET /api/v1/survey-assignment 304 - - 13.991 ms[39m
[2026-07-23 02:48:00:480] [[35mhttp[39m]: [35mGET /api/v1/survey-assignment 304 - - 12.848 ms[39m
[2026-07-23 02:48:00:480] [[35mhttp[39m]: [35mGET /api/v1/survey-assignment 304 - - 9.098 ms[39m
[2026-07-23 02:48:00:480] [[35mhttp[39m]: [35mGET /api/v1/survey/site/e2951ef4-a31d-467d-a209-c79df8a2d20d 304 - - 35.364 ms[39m
[2026-07-23 02:48:00:480] [[35mhttp[39m]: [35mGET /api/v1/survey/site/e2951ef4-a31d-467d-a209-c79df8a2d20d 304 - - 42.360 ms[39m
[2026-07-23 02:50:02:502] [[35mhttp[39m]: [35mPOST /api/v1/survey/step1 201 13496 - 237.109 ms[39m
[2026-07-23 02:50:02:502] [[35mhttp[39m]: [35mGET /api/v1/survey/bfd268f1-26a7-494e-9483-c5118680b2e7 200 13476 - 54.245 ms[39m
[2026-07-23 02:50:02:502] [[35mhttp[39m]: [35mGET /api/v1/survey/bfd268f1-26a7-494e-9483-c5118680b2e7 304 - - 41.317 ms[39m
[2026-07-23 02:50:39:5039] [[35mhttp[39m]: [35mGET /api/v1/survey-assignment 200 3005 - 35.296 ms[39m
[2026-07-23 02:50:39:5039] [[35mhttp[39m]: [35mGET /api/v1/survey-assignment 304 - - 33.087 ms[39m
[2026-07-23 02:50:39:5039] [[35mhttp[39m]: [35mGET /api/v1/survey/site/e2951ef4-a31d-467d-a209-c79df8a2d20d 200 10164 - 173.319 ms[39m
[2026-07-23 02:50:40:5040] [[35mhttp[39m]: [35mGET /api/v1/survey/site/e2951ef4-a31d-467d-a209-c79df8a2d20d 304 - - 28.607 ms[39m
[2026-07-23 02:50:44:5044] [[35mhttp[39m]: [35mPOST /api/v1/survey/step1 201 13496 - 173.924 ms[39m
[2026-07-23 02:50:44:5044] [[35mhttp[39m]: [35mGET /api/v1/survey/bfd268f1-26a7-494e-9483-c5118680b2e7 200 13476 - 39.155 ms[39m
[2026-07-23 02:50:44:5044] [[35mhttp[39m]: [35mGET /api/v1/survey/bfd268f1-26a7-494e-9483-c5118680b2e7 304 - - 52.896 ms[39m
[2026-07-23 02:50:55:5055] [[35mhttp[39m]: [35mGET /api/v1/masters/equipment 304 - - 27.831 ms[39m
[2026-07-23 02:50:55:5055] [[35mhttp[39m]: [35mGET /api/v1/masters/equipment 304 - - 26.752 ms[39m
[2026-07-23 02:50:56:5056] [[35mhttp[39m]: [35mGET /api/v1/masters/connector 304 - - 418.663 ms[39m
[2026-07-23 02:50:56:5056] [[35mhttp[39m]: [35mGET /api/v1/survey/bfd268f1-26a7-494e-9483-c5118680b2e7 304 - - 414.819 ms[39m
[2026-07-23 02:50:56:5056] [[35mhttp[39m]: [35mGET /api/v1/masters/charger-manufacturer 304 - - 429.204 ms[39m
[2026-07-23 02:50:56:5056] [[35mhttp[39m]: [35mGET /api/v1/masters/connector 304 - - 16.073 ms[39m
[2026-07-23 02:50:56:5056] [[35mhttp[39m]: [35mGET /api/v1/masters/charger-manufacturer 304 - - 15.534 ms[39m
[2026-07-23 02:50:56:5056] [[35mhttp[39m]: [35mGET /api/v1/masters/charger-model?manufacturerId=a8a2553d-6eb9-49a8-a464-e065ff42952d 304 - - 31.063 ms[39m
[2026-07-23 02:50:56:5056] [[35mhttp[39m]: [35mGET /api/v1/survey/bfd268f1-26a7-494e-9483-c5118680b2e7 304 - - 63.857 ms[39m
[2026-07-23 02:50:56:5056] [[35mhttp[39m]: [35mGET /api/v1/photos?surveyId=bfd268f1-26a7-494e-9483-c5118680b2e7 304 - - 11.249 ms[39m
[2026-07-23 02:50:56:5056] [[35mhttp[39m]: [35mGET /api/v1/masters/charger-model?manufacturerId=a8a2553d-6eb9-49a8-a464-e065ff42952d 304 - - 7.931 ms[39m
[2026-07-23 02:50:56:5056] [[35mhttp[39m]: [35mGET /uploads/charger%20 404 134 - 1.495 ms[39m
[2026-07-23 02:50:56:5056] [[35mhttp[39m]: [35mGET /api/v1/photos?surveyId=bfd268f1-26a7-494e-9483-c5118680b2e7 304 - - 19.398 ms[39m
[2026-07-23 02:52:15:5215] [[35mhttp[39m]: [35mGET /api/v1/survey/bfd268f1-26a7-494e-9483-c5118680b2e7 304 - - 50.252 ms[39m
[2026-07-23 02:52:15:5215] [[35mhttp[39m]: [35mGET /api/v1/survey/bfd268f1-26a7-494e-9483-c5118680b2e7 304 - - 38.983 ms[39m
[2026-07-23 02:52:23:5223] [[35mhttp[39m]: [35mGET /api/v1/survey/bfd268f1-26a7-494e-9483-c5118680b2e7 304 - - 46.546 ms[39m
[2026-07-23 02:52:24:5224] [[35mhttp[39m]: [35mGET /api/v1/survey/bfd268f1-26a7-494e-9483-c5118680b2e7 304 - - 40.632 ms[39m
[2026-07-23 02:52:24:5224] [[35mhttp[39m]: [35mGET /api/v1/survey/bfd268f1-26a7-494e-9483-c5118680b2e7 304 - - 28.291 ms[39m
[2026-07-23 02:52:25:5225] [[35mhttp[39m]: [35mGET /api/v1/survey/bfd268f1-26a7-494e-9483-c5118680b2e7 304 - - 41.490 ms[39m
[2026-07-23 02:52:25:5225] [[35mhttp[39m]: [35mGET /api/v1/survey/bfd268f1-26a7-494e-9483-c5118680b2e7 304 - - 26.801 ms[39m
[2026-07-23 02:52:25:5225] [[35mhttp[39m]: [35mGET /api/v1/survey/bfd268f1-26a7-494e-9483-c5118680b2e7 304 - - 43.034 ms[39m
[2026-07-23 02:52:25:5225] [[35mhttp[39m]: [35mGET /api/v1/survey/bfd268f1-26a7-494e-9483-c5118680b2e7 304 - - 27.843 ms[39m
[2026-07-23 02:52:25:5225] [[35mhttp[39m]: [35mGET /api/v1/survey/bfd268f1-26a7-494e-9483-c5118680b2e7 304 - - 40.970 ms[39m
[2026-07-23 02:52:25:5225] [[35mhttp[39m]: [35mGET /api/v1/survey/bfd268f1-26a7-494e-9483-c5118680b2e7 304 - - 26.664 ms[39m
[2026-07-23 02:52:25:5225] [[35mhttp[39m]: [35mGET /api/v1/survey/bfd268f1-26a7-494e-9483-c5118680b2e7 304 - - 43.558 ms[39m
[2026-07-23 02:52:25:5225] [[35mhttp[39m]: [35mGET /api/v1/survey/bfd268f1-26a7-494e-9483-c5118680b2e7 304 - - 26.863 ms[39m
[2026-07-23 02:52:28:5228] [[35mhttp[39m]: [35mGET /api/v1/auth/me 200 219 - 7.795 ms[39m
[2026-07-23 02:52:28:5228] [[35mhttp[39m]: [35mGET /api/v1/auth/me 304 - - 8.113 ms[39m
[2026-07-23 02:52:28:5228] [[35mhttp[39m]: [35mGET /api/v1/survey/bfd268f1-26a7-494e-9483-c5118680b2e7 304 - - 157.108 ms[39m
[2026-07-23 02:52:28:5228] [[35mhttp[39m]: [35mGET /api/v1/survey/bfd268f1-26a7-494e-9483-c5118680b2e7 304 - - 120.580 ms[39m
[2026-07-23 02:53:06:536] [[35mhttp[39m]: [35mPOST /api/v1/auth/login 200 743 - 109.743 ms[39m
[2026-07-23 02:53:08:538] [[35mhttp[39m]: [35mGET /api/v1/survey 200 2427 - 53.736 ms[39m
[2026-07-23 02:53:08:538] [[35mhttp[39m]: [35mGET /api/v1/survey-sites 200 592 - 57.945 ms[39m
[2026-07-23 02:53:08:538] [[35mhttp[39m]: [35mGET /api/v1/masters/connector 304 - - 58.505 ms[39m
[2026-07-23 02:53:08:538] [[35mhttp[39m]: [35mGET /api/v1/masters/charger-manufacturer 304 - - 63.219 ms[39m
[2026-07-23 02:53:08:538] [[35mhttp[39m]: [35mGET /api/v1/masters/equipment 304 - - 65.863 ms[39m
[2026-07-23 02:53:08:538] [[35mhttp[39m]: [35mGET /api/v1/survey-sites 304 - - 62.958 ms[39m
[2026-07-23 02:53:08:538] [[35mhttp[39m]: [35mGET /api/v1/masters/connector 304 - - 62.971 ms[39m
[2026-07-23 02:53:08:538] [[35mhttp[39m]: [35mGET /api/v1/survey 304 - - 78.163 ms[39m
[2026-07-23 02:53:08:538] [[35mhttp[39m]: [35mGET /api/v1/masters/equipment 304 - - 82.221 ms[39m
[2026-07-23 02:53:09:539] [[35mhttp[39m]: [35mGET /api/v1/masters/charger-manufacturer 304 - - 200.368 ms[39m
[2026-07-23 02:53:13:5313] [[35mhttp[39m]: [35mGET /api/v1/survey-assignment 200 1068 - 23.227 ms[39m
[2026-07-23 02:53:13:5313] [[35mhttp[39m]: [35mGET /api/v1/survey-assignment 304 - - 19.546 ms[39m
[2026-07-23 02:53:15:5315] [[35mhttp[39m]: [35mGET /api/v1/survey-assignment 304 - - 17.981 ms[39m
[2026-07-23 02:53:15:5315] [[35mhttp[39m]: [35mGET /api/v1/survey-assignment 304 - - 18.390 ms[39m
[2026-07-23 02:53:15:5315] [[35mhttp[39m]: [35mGET /api/v1/survey/site/e2951ef4-a31d-467d-a209-c79df8a2d20d 200 10164 - 48.241 ms[39m
[2026-07-23 02:53:15:5315] [[35mhttp[39m]: [35mGET /api/v1/survey/site/e2951ef4-a31d-467d-a209-c79df8a2d20d 304 - - 41.822 ms[39m
[2026-07-23 02:53:24:5324] [[35mhttp[39m]: [35mPOST /api/v1/survey/step1 201 18776 - 178.912 ms[39m
[2026-07-23 02:53:24:5324] [[35mhttp[39m]: [35mGET /api/v1/survey/bfd268f1-26a7-494e-9483-c5118680b2e7 200 18756 - 186.497 ms[39m
[2026-07-23 02:53:24:5324] [[35mhttp[39m]: [35mGET /api/v1/survey/bfd268f1-26a7-494e-9483-c5118680b2e7 304 - - 46.353 ms[39m
[2026-07-23 02:53:32:5332] [[35mhttp[39m]: [35mGET /api/v1/survey-assignment 200 1068 - 22.280 ms[39m
[2026-07-23 02:53:32:5332] [[35mhttp[39m]: [35mGET /api/v1/survey-assignment 304 - - 18.745 ms[39m
[2026-07-23 02:53:32:5332] [[35mhttp[39m]: [35mGET /api/v1/survey/site/e2951ef4-a31d-467d-a209-c79df8a2d20d 200 15444 - 33.144 ms[39m
[2026-07-23 02:53:32:5332] [[35mhttp[39m]: [35mGET /api/v1/survey/site/e2951ef4-a31d-467d-a209-c79df8a2d20d 304 - - 35.401 ms[39m
[2026-07-23 02:53:37:5337] [[35mhttp[39m]: [35mPOST /api/v1/survey/step1 201 16492 - 142.302 ms[39m
[2026-07-23 02:53:37:5337] [[35mhttp[39m]: [35mGET /api/v1/survey/bfd268f1-26a7-494e-9483-c5118680b2e7 200 16472 - 47.065 ms[39m
[2026-07-23 02:53:37:5337] [[35mhttp[39m]: [35mGET /api/v1/survey/bfd268f1-26a7-494e-9483-c5118680b2e7 304 - - 34.025 ms[39m
[2026-07-23 02:53:41:5341] [[35mhttp[39m]: [35mGET /api/v1/survey-assignment 200 1068 - 29.375 ms[39m
[2026-07-23 02:53:41:5341] [[35mhttp[39m]: [35mGET /api/v1/survey-assignment 304 - - 17.640 ms[39m
[2026-07-23 02:53:41:5341] [[35mhttp[39m]: [35mGET /api/v1/survey/site/e2951ef4-a31d-467d-a209-c79df8a2d20d 200 13160 - 44.289 ms[39m
[2026-07-23 02:53:41:5341] [[35mhttp[39m]: [35mGET /api/v1/survey/site/e2951ef4-a31d-467d-a209-c79df8a2d20d 304 - - 41.788 ms[39m
[2026-07-23 02:53:50:5350] [[35mhttp[39m]: [35mPOST /api/v1/survey/step1 201 21196 - 114.680 ms[39m
[2026-07-23 02:53:50:5350] [[35mhttp[39m]: [35mGET /api/v1/survey/bfd268f1-26a7-494e-9483-c5118680b2e7 200 21176 - 42.259 ms[39m
[2026-07-23 02:53:50:5350] [[35mhttp[39m]: [35mGET /api/v1/survey/bfd268f1-26a7-494e-9483-c5118680b2e7 304 - - 65.320 ms[39m
[2026-07-23 02:54:00:540] [[35mhttp[39m]: [35mGET /api/v1/auth/me 200 234 - 5.766 ms[39m
[2026-07-23 02:54:00:540] [[35mhttp[39m]: [35mGET /api/v1/auth/me 304 - - 5.608 ms[39m
[2026-07-23 02:54:00:540] [[35mhttp[39m]: [35mGET /api/v1/survey/bfd268f1-26a7-494e-9483-c5118680b2e7 304 - - 106.093 ms[39m
[2026-07-23 02:54:00:540] [[35mhttp[39m]: [35mGET /api/v1/survey/bfd268f1-26a7-494e-9483-c5118680b2e7 304 - - 121.406 ms[39m
[2026-07-23 02:54:24:5424] [[35mhttp[39m]: [35mGET /api/v1/survey/bfd268f1-26a7-494e-9483-c5118680b2e7 304 - - 44.925 ms[39m
[2026-07-23 02:57:12:5712] [[32minfo[39m]: [32mDatabase connection established successfully.[39m
[2026-07-23 02:57:12:5712] [[32minfo[39m]: [32mServer is running in development mode on port 5000[39m
[2026-07-23 02:57:28:5728] [[32minfo[39m]: [32mDatabase connection established successfully.[39m
[2026-07-23 02:57:28:5728] [[32minfo[39m]: [32mServer is running in development mode on port 5000[39m
[2026-07-23 02:57:36:5736] [[35mhttp[39m]: [35mGET /api/v1/survey/bfd268f1-26a7-494e-9483-c5118680b2e7 200 21195 - 94.088 ms[39m
[2026-07-23 02:57:36:5736] [[35mhttp[39m]: [35mGET /api/v1/survey/bfd268f1-26a7-494e-9483-c5118680b2e7 304 - - 38.208 ms[39m
[2026-07-23 02:57:37:5737] [[35mhttp[39m]: [35mGET /api/v1/survey/bfd268f1-26a7-494e-9483-c5118680b2e7 200 21195 - 84.831 ms[39m
[2026-07-23 02:57:37:5737] [[35mhttp[39m]: [35mGET /api/v1/photos?surveyId=bfd268f1-26a7-494e-9483-c5118680b2e7 200 2498 - 8.084 ms[39m
[2026-07-23 02:57:44:5744] [[35mhttp[39m]: [35mGET /api/v1/survey/bfd268f1-26a7-494e-9483-c5118680b2e7 304 - - 38.288 ms[39m
[2026-07-23 02:57:44:5744] [[35mhttp[39m]: [35mGET /api/v1/survey/bfd268f1-26a7-494e-9483-c5118680b2e7 304 - - 36.003 ms[39m
[2026-07-23 02:58:17:5817] [[35mhttp[39m]: [35mGET /api/v1/survey-assignment 200 1068 - 31.571 ms[39m
[2026-07-23 02:58:17:5817] [[35mhttp[39m]: [35mGET /api/v1/survey-assignment 304 - - 20.175 ms[39m
[2026-07-23 02:58:17:5817] [[35mhttp[39m]: [35mGET /api/v1/survey/site/e2951ef4-a31d-467d-a209-c79df8a2d20d 200 17883 - 164.846 ms[39m
[2026-07-23 02:58:17:5817] [[35mhttp[39m]: [35mGET /api/v1/survey/site/e2951ef4-a31d-467d-a209-c79df8a2d20d 304 - - 89.763 ms[39m
[2026-07-23 03:00:43:043] [[35mhttp[39m]: [35mPOST /api/v1/survey/step1 201 11231 - 195.481 ms[39m
[2026-07-23 03:00:43:043] [[35mhttp[39m]: [35mGET /api/v1/survey/bfd268f1-26a7-494e-9483-c5118680b2e7 200 11211 - 34.124 ms[39m
[2026-07-23 03:00:43:043] [[35mhttp[39m]: [35mGET /api/v1/survey/bfd268f1-26a7-494e-9483-c5118680b2e7 304 - - 34.740 ms[39m
[2026-07-23 03:00:52:052] [[35mhttp[39m]: [35mGET /api/v1/survey-assignment 200 1068 - 22.573 ms[39m
[2026-07-23 03:00:52:052] [[35mhttp[39m]: [35mGET /api/v1/survey-assignment 304 - - 15.817 ms[39m
[2026-07-23 03:00:52:052] [[35mhttp[39m]: [35mGET /api/v1/survey/site/e2951ef4-a31d-467d-a209-c79df8a2d20d 200 7899 - 46.276 ms[39m
[2026-07-23 03:00:52:052] [[35mhttp[39m]: [35mGET /api/v1/survey/site/e2951ef4-a31d-467d-a209-c79df8a2d20d 304 - - 56.194 ms[39m
[2026-07-23 03:01:01:11] [[35mhttp[39m]: [35mPOST /api/v1/survey/step1 201 9352 - 131.383 ms[39m
[2026-07-23 03:01:01:11] [[35mhttp[39m]: [35mGET /api/v1/survey/bfd268f1-26a7-494e-9483-c5118680b2e7 200 9332 - 40.509 ms[39m
[2026-07-23 03:01:01:11] [[35mhttp[39m]: [35mGET /api/v1/survey/bfd268f1-26a7-494e-9483-c5118680b2e7 304 - - 52.660 ms[39m
[2026-07-23 03:01:04:14] [[35mhttp[39m]: [35mGET /api/v1/survey/bfd268f1-26a7-494e-9483-c5118680b2e7 304 - - 39.871 ms[39m
[2026-07-23 03:01:04:14] [[35mhttp[39m]: [35mGET /api/v1/survey/bfd268f1-26a7-494e-9483-c5118680b2e7 304 - - 58.318 ms[39m
[2026-07-23 03:01:30:130] [[35mhttp[39m]: [35mGET /api/v1/survey-assignment 200 1068 - 23.781 ms[39m
[2026-07-23 03:01:30:130] [[35mhttp[39m]: [35mGET /api/v1/survey-assignment 304 - - 14.765 ms[39m
[2026-07-23 03:01:31:131] [[35mhttp[39m]: [35mGET /api/v1/survey-assignment 304 - - 14.152 ms[39m
[2026-07-23 03:01:31:131] [[35mhttp[39m]: [35mGET /api/v1/survey-assignment 304 - - 12.786 ms[39m
[2026-07-23 03:01:31:131] [[35mhttp[39m]: [35mGET /api/v1/survey/site/e2951ef4-a31d-467d-a209-c79df8a2d20d 200 6020 - 32.132 ms[39m
[2026-07-23 03:01:31:131] [[35mhttp[39m]: [35mGET /api/v1/survey/site/e2951ef4-a31d-467d-a209-c79df8a2d20d 304 - - 37.345 ms[39m
[2026-07-23 03:01:34:134] [[35mhttp[39m]: [35mPOST /api/v1/survey/step1 201 9352 - 72.032 ms[39m
[2026-07-23 03:01:34:134] [[35mhttp[39m]: [35mGET /api/v1/survey/bfd268f1-26a7-494e-9483-c5118680b2e7 200 9332 - 33.509 ms[39m
[2026-07-23 03:01:34:134] [[35mhttp[39m]: [35mGET /api/v1/survey/bfd268f1-26a7-494e-9483-c5118680b2e7 304 - - 40.466 ms[39m
[2026-07-23 03:01:37:137] [[35mhttp[39m]: [35mGET /api/v1/survey/bfd268f1-26a7-494e-9483-c5118680b2e7 304 - - 55.622 ms[39m
[2026-07-23 03:01:37:137] [[35mhttp[39m]: [35mGET /api/v1/survey/bfd268f1-26a7-494e-9483-c5118680b2e7 304 - - 39.742 ms[39m
[2026-07-23 03:02:49:249] [[35mhttp[39m]: [35mGET /api/v1/auth/me 304 - - 221.486 ms[39m
[2026-07-23 03:02:49:249] [[35mhttp[39m]: [35mGET /api/v1/auth/me 304 - - 46.098 ms[39m
[2026-07-23 03:02:49:249] [[35mhttp[39m]: [35mGET /api/v1/survey/bfd268f1-26a7-494e-9483-c5118680b2e7 304 - - 270.649 ms[39m
[2026-07-23 03:02:49:249] [[35mhttp[39m]: [35mGET /api/v1/survey/bfd268f1-26a7-494e-9483-c5118680b2e7 304 - - 80.990 ms[39m
[2026-07-23 03:03:06:36] [[35mhttp[39m]: [35mGET /api/v1/survey/bfd268f1-26a7-494e-9483-c5118680b2e7 304 - - 43.371 ms[39m
[2026-07-23 03:03:07:37] [[35mhttp[39m]: [35mGET /api/v1/survey/bfd268f1-26a7-494e-9483-c5118680b2e7 304 - - 40.627 ms[39m
[2026-07-23 03:03:14:314] [[35mhttp[39m]: [35mGET /api/v1/survey-assignment 200 1068 - 17.453 ms[39m
[2026-07-23 03:03:14:314] [[35mhttp[39m]: [35mGET /api/v1/survey-assignment 304 - - 13.889 ms[39m
[2026-07-23 03:03:14:314] [[35mhttp[39m]: [35mGET /api/v1/survey/site/e2951ef4-a31d-467d-a209-c79df8a2d20d 200 6020 - 32.068 ms[39m
[2026-07-23 03:03:14:314] [[35mhttp[39m]: [35mGET /api/v1/survey/site/e2951ef4-a31d-467d-a209-c79df8a2d20d 304 - - 35.552 ms[39m
[2026-07-23 03:10:23:1023] [[32minfo[39m]: [32mDatabase connection established successfully.[39m
[2026-07-23 03:10:23:1023] [[32minfo[39m]: [32mServer is running in development mode on port 5000[39m
[2026-07-23 03:10:32:1032] [[35mhttp[39m]: [35mGET /api/v1/survey-assignment 304 - - 35.737 ms[39m
[2026-07-23 03:10:32:1032] [[35mhttp[39m]: [35mGET /api/v1/survey-assignment 304 - - 14.917 ms[39m
[2026-07-23 03:10:32:1032] [[35mhttp[39m]: [35mGET /api/v1/survey/site/e2951ef4-a31d-467d-a209-c79df8a2d20d 304 - - 111.113 ms[39m
[2026-07-23 03:10:32:1032] [[35mhttp[39m]: [35mGET /api/v1/survey/site/e2951ef4-a31d-467d-a209-c79df8a2d20d 304 - - 34.621 ms[39m
[2026-07-23 03:11:07:117] [[35mhttp[39m]: [35mGET /api/v1/auth/me 304 - - 133.898 ms[39m
[2026-07-23 03:11:07:117] [[35mhttp[39m]: [35mGET /api/v1/auth/me 304 - - 60.424 ms[39m
[2026-07-23 03:11:08:118] [[35mhttp[39m]: [35mGET /api/v1/survey-assignment 304 - - 167.110 ms[39m
[2026-07-23 03:11:08:118] [[35mhttp[39m]: [35mGET /api/v1/survey-assignment 304 - - 27.981 ms[39m
[2026-07-23 03:11:08:118] [[35mhttp[39m]: [35mGET /api/v1/survey/site/e2951ef4-a31d-467d-a209-c79df8a2d20d 304 - - 65.860 ms[39m
[2026-07-23 03:11:08:118] [[35mhttp[39m]: [35mGET /api/v1/survey/site/e2951ef4-a31d-467d-a209-c79df8a2d20d 304 - - 49.963 ms[39m
[2026-07-23 03:26:03:263] [[35mhttp[39m]: [35mGET /api/v1/survey-assignment 304 - - 105.209 ms[39m
[2026-07-23 03:26:03:263] [[35mhttp[39m]: [35mGET /api/v1/survey-assignment 304 - - 11.794 ms[39m
[2026-07-23 03:26:03:263] [[35mhttp[39m]: [35mGET /api/v1/survey/site/e2951ef4-a31d-467d-a209-c79df8a2d20d 304 - - 34.959 ms[39m
[2026-07-23 03:26:03:263] [[35mhttp[39m]: [35mGET /api/v1/survey/site/e2951ef4-a31d-467d-a209-c79df8a2d20d 304 - - 26.361 ms[39m
[2026-07-23 03:26:45:2645] [[32minfo[39m]: [32mReceived shutdown signal. Closing server...[39m
[2026-07-23 04:03:20:320] [[32minfo[39m]: [32mDatabase connection established successfully.[39m
[2026-07-23 04:03:20:320] [[32minfo[39m]: [32mServer is running in development mode on port 5000[39m
[2026-07-23 04:03:43:343] [[35mhttp[39m]: [35mGET /login 404 108 - 9.090 ms[39m
[2026-07-23 04:03:43:343] [[35mhttp[39m]: [35mGET /favicon.ico 404 120 - 0.482 ms[39m
[2026-07-23 04:04:33:433] [[35mhttp[39m]: [35mGET / 404 98 - 0.499 ms[39m
[2026-07-23 04:05:07:57] [[35mhttp[39m]: [35mPOST /api/v1/auth/login 200 743 - 153.538 ms[39m
[2026-07-23 04:05:11:511] [[35mhttp[39m]: [35mGET /api/v1/survey 200 79 - 38.216 ms[39m
[2026-07-23 04:05:11:511] [[35mhttp[39m]: [35mGET /api/v1/survey 304 - - 35.351 ms[39m
[2026-07-23 04:05:11:511] [[35mhttp[39m]: [35mGET /api/v1/masters/charger-manufacturer 200 2108 - 185.460 ms[39m
[2026-07-23 04:05:11:511] [[35mhttp[39m]: [35mGET /api/v1/survey-sites 200 82 - 193.248 ms[39m
[2026-07-23 04:05:11:511] [[35mhttp[39m]: [35mGET /api/v1/masters/equipment 200 18735 - 221.613 ms[39m
[2026-07-23 04:05:11:511] [[35mhttp[39m]: [35mGET /api/v1/survey-sites 304 - - 29.583 ms[39m
[2026-07-23 04:05:11:511] [[35mhttp[39m]: [35mGET /api/v1/masters/charger-manufacturer 304 - - 40.817 ms[39m
[2026-07-23 04:05:11:511] [[35mhttp[39m]: [35mGET /api/v1/masters/connector 200 870 - 235.436 ms[39m
[2026-07-23 04:05:11:511] [[35mhttp[39m]: [35mGET /api/v1/masters/equipment 304 - - 26.752 ms[39m
[2026-07-23 04:05:11:511] [[35mhttp[39m]: [35mGET /api/v1/masters/connector 304 - - 26.497 ms[39m
[2026-07-23 04:05:18:518] [[35mhttp[39m]: [35mGET /api/v1/survey-sites 304 - - 39.622 ms[39m
[2026-07-23 04:05:18:518] [[35mhttp[39m]: [35mGET /api/v1/masters/equipment 304 - - 36.194 ms[39m
[2026-07-23 04:05:18:518] [[35mhttp[39m]: [35mGET /api/v1/survey 304 - - 48.150 ms[39m
[2026-07-23 04:05:18:518] [[35mhttp[39m]: [35mGET /api/v1/masters/connector 304 - - 41.046 ms[39m
[2026-07-23 04:05:18:518] [[35mhttp[39m]: [35mGET /api/v1/masters/charger-manufacturer 304 - - 47.304 ms[39m
[2026-07-23 04:05:18:518] [[35mhttp[39m]: [35mGET /api/v1/survey-sites 304 - - 44.456 ms[39m
[2026-07-23 04:05:18:518] [[35mhttp[39m]: [35mGET /api/v1/survey 304 - - 46.517 ms[39m
[2026-07-23 04:05:18:518] [[35mhttp[39m]: [35mGET /api/v1/masters/charger-manufacturer 304 - - 49.152 ms[39m
[2026-07-23 04:05:18:518] [[35mhttp[39m]: [35mGET /api/v1/masters/equipment 304 - - 58.251 ms[39m
[2026-07-23 04:05:18:518] [[35mhttp[39m]: [35mGET /api/v1/masters/connector 304 - - 63.786 ms[39m
[2026-07-23 04:05:21:521] [[35mhttp[39m]: [35mGET /api/v1/survey-assignment 200 87 - 18.351 ms[39m
[2026-07-23 04:05:21:521] [[35mhttp[39m]: [35mGET /api/v1/survey-assignment 304 - - 10.078 ms[39m
[2026-07-23 04:08:46:846] [[35mhttp[39m]: [35mGET /api/v1/auth/me 200 234 - 9.609 ms[39m
[2026-07-23 04:08:46:846] [[35mhttp[39m]: [35mGET /api/v1/auth/me 304 - - 3.687 ms[39m
[2026-07-23 04:08:47:847] [[35mhttp[39m]: [35mGET /api/v1/survey-assignment 304 - - 11.517 ms[39m
[2026-07-23 04:08:47:847] [[35mhttp[39m]: [35mGET /api/v1/survey-assignment 304 - - 16.168 ms[39m
[2026-07-23 04:08:53:853] [[35mhttp[39m]: [35mGET /api/v1/survey-assignment 304 - - 8.751 ms[39m
[2026-07-23 04:08:53:853] [[35mhttp[39m]: [35mGET /api/v1/survey-assignment 304 - - 14.737 ms[39m
[2026-07-23 04:08:56:856] [[35mhttp[39m]: [35mGET /api/v1/survey 304 - - 17.049 ms[39m
[2026-07-23 04:08:56:856] [[35mhttp[39m]: [35mGET /api/v1/survey 304 - - 11.707 ms[39m
[2026-07-23 04:10:27:1027] [[35mhttp[39m]: [35mGET /api/v1/survey-assignment 304 - - 86.778 ms[39m
[2026-07-23 04:10:27:1027] [[35mhttp[39m]: [35mGET /api/v1/survey-assignment 304 - - 9.313 ms[39m
[2026-07-23 04:10:34:1034] [[35mhttp[39m]: [35mGET /api/v1/survey-assignment 304 - - 15.207 ms[39m
[2026-07-23 04:10:34:1034] [[35mhttp[39m]: [35mGET /api/v1/survey-assignment 304 - - 14.464 ms[39m
[2026-07-23 04:10:39:1039] [[35mhttp[39m]: [35mGET /api/v1/survey 304 - - 20.368 ms[39m
[2026-07-23 04:10:39:1039] [[35mhttp[39m]: [35mGET /api/v1/survey 304 - - 22.852 ms[39m
[2026-07-23 04:10:45:1045] [[35mhttp[39m]: [35mGET /api/v1/survey 304 - - 47.272 ms[39m
[2026-07-23 04:10:45:1045] [[35mhttp[39m]: [35mGET /api/v1/masters/equipment 304 - - 110.634 ms[39m
[2026-07-23 04:10:45:1045] [[35mhttp[39m]: [35mGET /api/v1/survey-sites 304 - - 241.351 ms[39m
[2026-07-23 04:10:45:1045] [[35mhttp[39m]: [35mGET /api/v1/masters/charger-manufacturer 304 - - 235.035 ms[39m
[2026-07-23 04:10:45:1045] [[35mhttp[39m]: [35mGET /api/v1/survey 304 - - 93.659 ms[39m
[2026-07-23 04:10:45:1045] [[35mhttp[39m]: [35mGET /api/v1/masters/connector 304 - - 403.604 ms[39m
[2026-07-23 04:10:45:1045] [[35mhttp[39m]: [35mGET /api/v1/masters/equipment 304 - - 282.280 ms[39m
[2026-07-23 04:10:45:1045] [[35mhttp[39m]: [35mGET /api/v1/masters/connector 304 - - 117.977 ms[39m
[2026-07-23 04:10:45:1045] [[35mhttp[39m]: [35mGET /api/v1/survey-sites 304 - - 206.582 ms[39m
[2026-07-23 04:10:45:1045] [[35mhttp[39m]: [35mGET /api/v1/masters/charger-manufacturer 304 - - 204.512 ms[39m
[2026-07-23 04:10:53:1053] [[35mhttp[39m]: [35mGET /api/v1/auth/me 304 - - 5.957 ms[39m
[2026-07-23 04:10:53:1053] [[35mhttp[39m]: [35mGET /api/v1/auth/me 304 - - 4.492 ms[39m
[2026-07-23 04:10:56:1056] [[35mhttp[39m]: [35mPOST /api/v1/auth/login 200 698 - 185.848 ms[39m
[2026-07-23 04:10:57:1057] [[35mhttp[39m]: [35mGET /api/v1/dashboard 200 249 - 156.263 ms[39m
[2026-07-23 04:10:57:1057] [[35mhttp[39m]: [35mGET /api/v1/dashboard 304 - - 65.327 ms[39m
[2026-07-23 04:11:03:113] [[35mhttp[39m]: [35mGET /api/v1/survey-sites 200 1647 - 9.479 ms[39m
[2026-07-23 04:11:03:113] [[35mhttp[39m]: [35mGET /api/v1/survey-sites 304 - - 17.072 ms[39m
[2026-07-23 04:11:08:118] [[35mhttp[39m]: [35mGET /api/v1/users 200 1410 - 15.553 ms[39m
[2026-07-23 04:11:08:118] [[35mhttp[39m]: [35mGET /api/v1/users 304 - - 15.381 ms[39m
[2026-07-23 04:11:10:1110] [[35mhttp[39m]: [35mGET /api/v1/survey-sites 304 - - 66.508 ms[39m
[2026-07-23 04:11:10:1110] [[35mhttp[39m]: [35mGET /api/v1/survey 304 - - 65.255 ms[39m
[2026-07-23 04:11:10:1110] [[35mhttp[39m]: [35mGET /api/v1/masters/equipment 304 - - 69.520 ms[39m
[2026-07-23 04:11:10:1110] [[35mhttp[39m]: [35mGET /api/v1/masters/connector 304 - - 73.674 ms[39m
[2026-07-23 04:11:10:1110] [[35mhttp[39m]: [35mGET /api/v1/masters/charger-manufacturer 304 - - 83.398 ms[39m
[2026-07-23 04:11:10:1110] [[35mhttp[39m]: [35mGET /api/v1/masters/connector 304 - - 53.632 ms[39m
[2026-07-23 04:11:10:1110] [[35mhttp[39m]: [35mGET /api/v1/survey-sites 304 - - 71.165 ms[39m
[2026-07-23 04:11:10:1110] [[35mhttp[39m]: [35mGET /api/v1/survey 304 - - 89.575 ms[39m
[2026-07-23 04:11:10:1110] [[35mhttp[39m]: [35mGET /api/v1/masters/equipment 304 - - 92.406 ms[39m
[2026-07-23 04:11:10:1110] [[35mhttp[39m]: [35mGET /api/v1/masters/charger-manufacturer 304 - - 99.239 ms[39m
[2026-07-23 04:11:41:1141] [[35mhttp[39m]: [35mGET /api/v1/users 304 - - 16.850 ms[39m
[2026-07-23 04:11:41:1141] [[35mhttp[39m]: [35mGET /api/v1/users 304 - - 19.007 ms[39m
[2026-07-23 04:11:43:1143] [[35mhttp[39m]: [35mGET /api/v1/survey-sites 304 - - 11.929 ms[39m
[2026-07-23 04:11:43:1143] [[35mhttp[39m]: [35mGET /api/v1/survey-sites 304 - - 16.794 ms[39m
[2026-07-23 04:11:47:1147] [[35mhttp[39m]: [35mGET /api/v1/survey-sites/41152c88-9d3d-4d46-b17f-ac24a617c211 200 596 - 9.230 ms[39m
[2026-07-23 04:11:47:1147] [[35mhttp[39m]: [35mGET /api/v1/survey-sites/41152c88-9d3d-4d46-b17f-ac24a617c211 304 - - 15.582 ms[39m
[2026-07-23 04:11:57:1157] [[35mhttp[39m]: [35mPUT /api/v1/survey-sites/41152c88-9d3d-4d46-b17f-ac24a617c211 200 590 - 33.264 ms[39m
[2026-07-23 04:11:57:1157] [[35mhttp[39m]: [35mGET /api/v1/survey-sites 200 1649 - 14.389 ms[39m
[2026-07-23 04:11:57:1157] [[35mhttp[39m]: [35mGET /api/v1/survey-sites 304 - - 26.739 ms[39m
[2026-07-23 04:12:01:121] [[35mhttp[39m]: [35mGET /api/v1/users 304 - - 14.278 ms[39m
[2026-07-23 04:12:01:121] [[35mhttp[39m]: [35mGET /api/v1/users 304 - - 19.325 ms[39m
[2026-07-23 04:12:06:126] [[35mhttp[39m]: [35mGET /api/v1/survey-sites 304 - - 18.247 ms[39m
[2026-07-23 04:12:06:126] [[35mhttp[39m]: [35mGET /api/v1/users/71d282d4-a391-42fc-8145-53387860bd25 200 418 - 23.549 ms[39m
[2026-07-23 04:12:06:126] [[35mhttp[39m]: [35mGET /api/v1/users/71d282d4-a391-42fc-8145-53387860bd25 304 - - 21.121 ms[39m
[2026-07-23 04:12:06:126] [[35mhttp[39m]: [35mGET /api/v1/survey-sites 304 - - 24.582 ms[39m
[2026-07-23 04:12:09:129] [[35mhttp[39m]: [35mPUT /api/v1/users/71d282d4-a391-42fc-8145-53387860bd25 422 149 - 8.254 ms[39m
[2026-07-23 04:12:16:1216] [[35mhttp[39m]: [35mGET /api/v1/users 304 - - 17.528 ms[39m
[2026-07-23 04:12:16:1216] [[35mhttp[39m]: [35mGET /api/v1/users 304 - - 17.098 ms[39m
[2026-07-23 04:12:23:1223] [[35mhttp[39m]: [35mGET /api/v1/survey-sites 304 - - 9.811 ms[39m
[2026-07-23 04:12:23:1223] [[35mhttp[39m]: [35mGET /api/v1/survey-sites 304 - - 12.728 ms[39m
[2026-07-23 04:21:31:2131] [[32minfo[39m]: [32mDatabase connection established successfully.[39m
[2026-07-23 04:29:31:2931] [[32minfo[39m]: [32mDatabase connection established successfully.[39m
[2026-07-23 04:29:31:2931] [[32minfo[39m]: [32mServer is running in development mode on port 5000[39m
[2026-07-23 04:29:57:2957] [[35mhttp[39m]: [35mGET /auth/login 404 118 - 7.418 ms[39m
[2026-07-23 04:29:57:2957] [[35mhttp[39m]: [35mGET /favicon.ico 404 120 - 0.560 ms[39m
[2026-07-23 04:31:53:3153] [[35mhttp[39m]: [35mGET /api/v1/auth/me 200 234 - 25.985 ms[39m
[2026-07-23 04:31:53:3153] [[35mhttp[39m]: [35mGET /api/v1/auth/me 304 - - 6.358 ms[39m
[2026-07-23 04:31:53:3153] [[35mhttp[39m]: [35mGET /api/v1/survey-assignment 200 4121 - 26.280 ms[39m
[2026-07-23 04:31:53:3153] [[35mhttp[39m]: [35mGET /api/v1/survey-assignment 304 - - 14.125 ms[39m
[2026-07-23 04:32:01:321] [[35mhttp[39m]: [35mGET /api/v1/survey 304 - - 27.683 ms[39m
[2026-07-23 04:32:01:321] [[35mhttp[39m]: [35mGET /api/v1/survey 304 - - 6.118 ms[39m
[2026-07-23 04:32:01:321] [[35mhttp[39m]: [35mGET /api/v1/survey-sites 200 2243 - 188.698 ms[39m
[2026-07-23 04:32:01:321] [[35mhttp[39m]: [35mGET /api/v1/masters/equipment 200 18735 - 187.152 ms[39m
[2026-07-23 04:32:01:321] [[35mhttp[39m]: [35mGET /api/v1/masters/charger-manufacturer 200 2108 - 198.369 ms[39m
[2026-07-23 04:32:01:321] [[35mhttp[39m]: [35mGET /api/v1/masters/connector 304 - - 206.711 ms[39m
[2026-07-23 04:32:01:321] [[35mhttp[39m]: [35mGET /api/v1/masters/equipment 304 - - 17.546 ms[39m
[2026-07-23 04:32:01:321] [[35mhttp[39m]: [35mGET /api/v1/survey-sites 304 - - 20.678 ms[39m
[2026-07-23 04:32:01:321] [[35mhttp[39m]: [35mGET /api/v1/masters/charger-manufacturer 304 - - 19.853 ms[39m
[2026-07-23 04:32:01:321] [[35mhttp[39m]: [35mGET /api/v1/masters/connector 304 - - 11.279 ms[39m
[2026-07-23 04:32:03:323] [[35mhttp[39m]: [35mGET /api/v1/survey-assignment 304 - - 19.921 ms[39m
[2026-07-23 04:32:03:323] [[35mhttp[39m]: [35mGET /api/v1/survey-assignment 304 - - 10.647 ms[39m
[2026-07-23 04:32:11:3211] [[35mhttp[39m]: [35mGET /api/v1/auth/me 304 - - 2.843 ms[39m
[2026-07-23 04:32:11:3211] [[35mhttp[39m]: [35mGET /api/v1/auth/me 304 - - 2.622 ms[39m
[2026-07-23 04:32:12:3212] [[35mhttp[39m]: [35mGET /api/v1/masters/connector 304 - - 21.764 ms[39m
[2026-07-23 04:32:12:3212] [[35mhttp[39m]: [35mGET /api/v1/survey-sites 304 - - 31.310 ms[39m
[2026-07-23 04:32:12:3212] [[35mhttp[39m]: [35mGET /api/v1/masters/charger-manufacturer 304 - - 31.195 ms[39m
[2026-07-23 04:32:12:3212] [[35mhttp[39m]: [35mGET /api/v1/survey 304 - - 56.559 ms[39m
[2026-07-23 04:32:12:3212] [[35mhttp[39m]: [35mGET /api/v1/masters/equipment 304 - - 48.554 ms[39m
[2026-07-23 04:32:12:3212] [[35mhttp[39m]: [35mGET /api/v1/masters/connector 304 - - 18.139 ms[39m
[2026-07-23 04:32:12:3212] [[35mhttp[39m]: [35mGET /api/v1/survey-sites 304 - - 18.105 ms[39m
[2026-07-23 04:32:12:3212] [[35mhttp[39m]: [35mGET /api/v1/masters/charger-manufacturer 304 - - 17.099 ms[39m
[2026-07-23 04:32:12:3212] [[35mhttp[39m]: [35mGET /api/v1/survey 304 - - 15.897 ms[39m
[2026-07-23 04:32:12:3212] [[35mhttp[39m]: [35mGET /api/v1/masters/equipment 304 - - 18.599 ms[39m
[2026-07-23 04:32:28:3228] [[35mhttp[39m]: [35mGET /api/v1/survey-assignment 401 130 - 1.750 ms[39m
[2026-07-23 04:32:28:3228] [[35mhttp[39m]: [35mGET /api/v1/survey-assignment 401 130 - 1.123 ms[39m
[2026-07-23 04:32:35:3235] [[35mhttp[39m]: [35mPOST /api/v1/auth/login 200 743 - 227.607 ms[39m
[2026-07-23 04:32:37:3237] [[35mhttp[39m]: [35mGET /api/v1/survey-assignment 304 - - 11.768 ms[39m
[2026-07-23 04:32:37:3237] [[35mhttp[39m]: [35mGET /api/v1/survey-assignment 304 - - 9.355 ms[39m
[2026-07-23 04:32:38:3238] [[35mhttp[39m]: [35mGET /api/v1/survey-assignment 304 - - 10.172 ms[39m
[2026-07-23 04:32:38:3238] [[35mhttp[39m]: [35mGET /api/v1/survey-assignment 304 - - 7.795 ms[39m
[2026-07-23 04:32:38:3238] [[35mhttp[39m]: [35mGET /api/v1/survey/site/e711f20e-ef58-479a-8e43-2464c348668b 200 87 - 13.460 ms[39m
[2026-07-23 04:32:38:3238] [[35mhttp[39m]: [35mGET /api/v1/survey/site/e711f20e-ef58-479a-8e43-2464c348668b 304 - - 11.149 ms[39m
[2026-07-23 04:32:54:3254] [[35mhttp[39m]: [35mPOST /api/v1/survey/step1 201 4689 - 151.115 ms[39m
[2026-07-23 04:32:54:3254] [[35mhttp[39m]: [35mGET /api/v1/survey/4e319db4-c301-4c48-bd89-db3cb827d491 200 4669 - 26.701 ms[39m
[2026-07-23 04:32:54:3254] [[35mhttp[39m]: [35mGET /api/v1/survey/4e319db4-c301-4c48-bd89-db3cb827d491 304 - - 20.936 ms[39m
[2026-07-23 04:33:02:332] [[35mhttp[39m]: [35mGET /api/v1/survey-assignment 200 4127 - 9.517 ms[39m
[2026-07-23 04:33:02:332] [[35mhttp[39m]: [35mGET /api/v1/survey-assignment 304 - - 9.052 ms[39m
[2026-07-23 04:33:02:332] [[35mhttp[39m]: [35mGET /api/v1/survey/site/e711f20e-ef58-479a-8e43-2464c348668b 200 4020 - 31.412 ms[39m
[2026-07-23 04:33:02:332] [[35mhttp[39m]: [35mGET /api/v1/survey/site/e711f20e-ef58-479a-8e43-2464c348668b 304 - - 17.537 ms[39m
[2026-07-23 04:33:06:336] [[35mhttp[39m]: [35mPOST /api/v1/survey/step1 201 4689 - 72.687 ms[39m
[2026-07-23 04:33:06:336] [[35mhttp[39m]: [35mGET /api/v1/survey/4e319db4-c301-4c48-bd89-db3cb827d491 200 4669 - 23.588 ms[39m
[2026-07-23 04:33:06:336] [[35mhttp[39m]: [35mGET /api/v1/survey/4e319db4-c301-4c48-bd89-db3cb827d491 304 - - 21.334 ms[39m
[2026-07-23 04:33:12:3312] [[35mhttp[39m]: [35mGET /api/v1/survey-assignment 200 4127 - 12.306 ms[39m
[2026-07-23 04:33:12:3312] [[35mhttp[39m]: [35mGET /api/v1/survey-assignment 304 - - 15.644 ms[39m
[2026-07-23 04:33:12:3312] [[35mhttp[39m]: [35mGET /api/v1/survey/site/e711f20e-ef58-479a-8e43-2464c348668b 200 4020 - 18.792 ms[39m
[2026-07-23 04:33:12:3312] [[35mhttp[39m]: [35mGET /api/v1/survey/site/e711f20e-ef58-479a-8e43-2464c348668b 304 - - 14.466 ms[39m
[2026-07-23 04:35:26:3526] [[35mhttp[39m]: [35mPOST /api/v1/survey/step1 201 4689 - 57.662 ms[39m
[2026-07-23 04:35:26:3526] [[35mhttp[39m]: [35mGET /api/v1/survey/4e319db4-c301-4c48-bd89-db3cb827d491 200 4669 - 24.724 ms[39m
[2026-07-23 04:35:26:3526] [[35mhttp[39m]: [35mGET /api/v1/survey/4e319db4-c301-4c48-bd89-db3cb827d491 304 - - 19.103 ms[39m
[2026-07-23 04:35:29:3529] [[35mhttp[39m]: [35mGET /api/v1/survey-assignment 200 4127 - 13.372 ms[39m
[2026-07-23 04:35:29:3529] [[35mhttp[39m]: [35mGET /api/v1/survey-assignment 304 - - 10.745 ms[39m
[2026-07-23 04:35:29:3529] [[35mhttp[39m]: [35mGET /api/v1/survey/site/e711f20e-ef58-479a-8e43-2464c348668b 200 4020 - 16.919 ms[39m
[2026-07-23 04:35:29:3529] [[35mhttp[39m]: [35mGET /api/v1/survey/site/e711f20e-ef58-479a-8e43-2464c348668b 304 - - 17.617 ms[39m
[2026-07-23 04:37:36:3736] [[35mhttp[39m]: [35mGET /api/v1/survey-assignment 304 - - 105.653 ms[39m
[2026-07-23 04:37:36:3736] [[35mhttp[39m]: [35mGET /api/v1/survey/site/e711f20e-ef58-479a-8e43-2464c348668b 304 - - 27.841 ms[39m
[2026-07-23 04:39:29:3929] [[35mhttp[39m]: [35mPOST /api/v1/survey/step1 201 4689 - 61.772 ms[39m
[2026-07-23 04:39:29:3929] [[35mhttp[39m]: [35mGET /api/v1/survey/4e319db4-c301-4c48-bd89-db3cb827d491 200 4669 - 23.993 ms[39m
[2026-07-23 04:39:29:3929] [[35mhttp[39m]: [35mGET /api/v1/survey/4e319db4-c301-4c48-bd89-db3cb827d491 304 - - 19.191 ms[39m
[2026-07-23 04:39:39:3939] [[35mhttp[39m]: [35mGET /api/v1/survey-assignment 200 4127 - 11.177 ms[39m
[2026-07-23 04:39:39:3939] [[35mhttp[39m]: [35mGET /api/v1/survey-assignment 304 - - 9.686 ms[39m
[2026-07-23 04:39:39:3939] [[35mhttp[39m]: [35mGET /api/v1/survey/site/e711f20e-ef58-479a-8e43-2464c348668b 200 4020 - 17.525 ms[39m
[2026-07-23 04:39:39:3939] [[35mhttp[39m]: [35mGET /api/v1/survey/site/e711f20e-ef58-479a-8e43-2464c348668b 304 - - 15.607 ms[39m
[2026-07-23 04:39:50:3950] [[35mhttp[39m]: [35mPOST /api/v1/survey/step1 201 4689 - 80.382 ms[39m
[2026-07-23 04:39:50:3950] [[35mhttp[39m]: [35mGET /api/v1/survey/4e319db4-c301-4c48-bd89-db3cb827d491 200 4669 - 24.132 ms[39m
[2026-07-23 04:39:50:3950] [[35mhttp[39m]: [35mGET /api/v1/survey/4e319db4-c301-4c48-bd89-db3cb827d491 304 - - 18.787 ms[39m
[2026-07-23 04:39:53:3953] [[35mhttp[39m]: [35mPOST /api/v1/survey/lock-asset 200 821 - 18.131 ms[39m
[2026-07-23 04:39:53:3953] [[35mhttp[39m]: [35mGET /api/v1/masters/charger-manufacturer 304 - - 18.586 ms[39m
[2026-07-23 04:39:53:3953] [[35mhttp[39m]: [35mGET /api/v1/masters/charger-manufacturer 304 - - 5.620 ms[39m
[2026-07-23 04:39:53:3953] [[35mhttp[39m]: [35mGET /api/v1/masters/equipment 304 - - 125.187 ms[39m
[2026-07-23 04:39:53:3953] [[35mhttp[39m]: [35mGET /api/v1/masters/connector 304 - - 142.219 ms[39m
[2026-07-23 04:39:53:3953] [[35mhttp[39m]: [35mGET /api/v1/survey/4e319db4-c301-4c48-bd89-db3cb827d491 200 4826 - 156.869 ms[39m
[2026-07-23 04:39:53:3953] [[35mhttp[39m]: [35mGET /api/v1/masters/equipment 304 - - 15.659 ms[39m
[2026-07-23 04:39:53:3953] [[35mhttp[39m]: [35mGET /api/v1/masters/connector 304 - - 13.557 ms[39m
[2026-07-23 04:39:53:3953] [[35mhttp[39m]: [35mGET /api/v1/survey/4e319db4-c301-4c48-bd89-db3cb827d491 304 - - 22.283 ms[39m
[2026-07-23 04:39:53:3953] [[35mhttp[39m]: [35mGET /api/v1/photos?surveyId=4e319db4-c301-4c48-bd89-db3cb827d491 200 77 - 5.044 ms[39m
[2026-07-23 04:39:53:3953] [[35mhttp[39m]: [35mGET /api/v1/photos?surveyId=4e319db4-c301-4c48-bd89-db3cb827d491 304 - - 5.404 ms[39m
[2026-07-23 04:44:12:4412] [[35mhttp[39m]: [35mPOST /api/v1/auth/login 200 698 - 166.302 ms[39m
[2026-07-23 04:44:12:4412] [[35mhttp[39m]: [35mGET /api/v1/dashboard 200 1641 - 166.101 ms[39m
[2026-07-23 04:44:12:4412] [[35mhttp[39m]: [35mGET /api/v1/dashboard 304 - - 38.191 ms[39m
[2026-07-23 04:44:29:4429] [[32minfo[39m]: [32mDatabase connection established successfully.[39m
[2026-07-23 04:44:29:4429] [[32minfo[39m]: [32mServer is running in development mode on port 5000[39m
[2026-07-23 04:44:29:4429] [[35mhttp[39m]: [35mGET /api/v1/survey-sites 200 5281 - 51.790 ms[39m
[2026-07-23 04:44:29:4429] [[35mhttp[39m]: [35mGET /api/v1/survey-sites 304 - - 7.325 ms[39m
[2026-07-23 04:44:35:4435] [[32minfo[39m]: [32mDatabase connection established successfully.[39m
[2026-07-23 04:44:35:4435] [[32minfo[39m]: [32mServer is running in development mode on port 5000[39m
[2026-07-23 04:44:40:4440] [[35mhttp[39m]: [35mGET /api/v1/users 200 6261 - 47.064 ms[39m
[2026-07-23 04:44:40:4440] [[35mhttp[39m]: [35mGET /api/v1/users 304 - - 11.779 ms[39m
[2026-07-23 04:44:46:4446] [[35mhttp[39m]: [35mGET /api/v1/users/71d282d4-a391-42fc-8145-53387860bd25 200 1370 - 17.922 ms[39m
[2026-07-23 04:44:46:4446] [[35mhttp[39m]: [35mGET /api/v1/users/71d282d4-a391-42fc-8145-53387860bd25 304 - - 9.691 ms[39m
[2026-07-23 04:44:46:4446] [[35mhttp[39m]: [35mGET /api/v1/survey-sites 304 - - 89.721 ms[39m
[2026-07-23 04:44:46:4446] [[35mhttp[39m]: [35mGET /api/v1/survey-sites 304 - - 9.707 ms[39m
[2026-07-23 04:45:02:452] [[35mhttp[39m]: [35mPUT /api/v1/users/71d282d4-a391-42fc-8145-53387860bd25 422 149 - 11.819 ms[39m
[2026-07-23 04:45:08:458] [[35mhttp[39m]: [35mPUT /api/v1/users/71d282d4-a391-42fc-8145-53387860bd25 200 1368 - 51.821 ms[39m
[2026-07-23 04:45:09:459] [[35mhttp[39m]: [35mGET /api/v1/users 200 6267 - 18.361 ms[39m
[2026-07-23 04:45:09:459] [[35mhttp[39m]: [35mGET /api/v1/users 304 - - 11.460 ms[39m
[2026-07-23 04:45:12:4512] [[35mhttp[39m]: [35mGET /api/v1/survey/4e319db4-c301-4c48-bd89-db3cb827d491 304 - - 37.450 ms[39m
[2026-07-23 04:45:12:4512] [[35mhttp[39m]: [35mGET /api/v1/masters/charger-manufacturer 304 - - 12.188 ms[39m
[2026-07-23 04:45:12:4512] [[35mhttp[39m]: [35mGET /api/v1/masters/connector 304 - - 10.318 ms[39m
[2026-07-23 04:45:12:4512] [[35mhttp[39m]: [35mGET /api/v1/masters/equipment 304 - - 11.886 ms[39m
[2026-07-23 04:45:12:4512] [[35mhttp[39m]: [35mGET /api/v1/masters/charger-manufacturer 304 - - 14.223 ms[39m
[2026-07-23 04:45:12:4512] [[35mhttp[39m]: [35mGET /api/v1/survey/4e319db4-c301-4c48-bd89-db3cb827d491 304 - - 19.051 ms[39m
[2026-07-23 04:45:12:4512] [[35mhttp[39m]: [35mGET /api/v1/masters/connector 304 - - 3.940 ms[39m
[2026-07-23 04:45:12:4512] [[35mhttp[39m]: [35mGET /api/v1/masters/equipment 304 - - 8.394 ms[39m
[2026-07-23 04:45:12:4512] [[35mhttp[39m]: [35mGET /api/v1/photos?surveyId=4e319db4-c301-4c48-bd89-db3cb827d491 304 - - 5.005 ms[39m
[2026-07-23 04:45:12:4512] [[35mhttp[39m]: [35mGET /api/v1/photos?surveyId=4e319db4-c301-4c48-bd89-db3cb827d491 304 - - 4.248 ms[39m
[2026-07-23 04:45:42:4542] [[35mhttp[39m]: [35mGET /api/v1/masters/charger-manufacturer 200 2108 - 48.589 ms[39m
[2026-07-23 04:45:42:4542] [[35mhttp[39m]: [35mGET /api/v1/survey 200 1983 - 140.137 ms[39m
[2026-07-23 04:45:42:4542] [[35mhttp[39m]: [35mGET /api/v1/masters/charger-manufacturer 304 - - 10.086 ms[39m
[2026-07-23 04:45:42:4542] [[35mhttp[39m]: [35mGET /api/v1/survey 304 - - 13.769 ms[39m
[2026-07-23 04:45:42:4542] [[35mhttp[39m]: [35mGET /api/v1/masters/equipment 200 18735 - 179.065 ms[39m
[2026-07-23 04:45:42:4542] [[35mhttp[39m]: [35mGET /api/v1/masters/connector 200 870 - 182.126 ms[39m
[2026-07-23 04:45:42:4542] [[35mhttp[39m]: [35mGET /api/v1/masters/connector 304 - - 4.372 ms[39m
[2026-07-23 04:45:42:4542] [[35mhttp[39m]: [35mGET /api/v1/masters/equipment 304 - - 10.986 ms[39m
[2026-07-23 04:45:43:4543] [[35mhttp[39m]: [35mGET /api/v1/survey-sites 200 5281 - 298.439 ms[39m
[2026-07-23 04:45:43:4543] [[35mhttp[39m]: [35mGET /api/v1/survey-sites 304 - - 11.194 ms[39m
[2026-07-23 04:46:41:4641] [[35mhttp[39m]: [35mGET /api/v1/masters/charger-model?manufacturerId=bb6413ee-4ed1-4c5f-8154-6ee3bcea4f2a 200 914 - 15.395 ms[39m
[2026-07-23 04:47:49:4749] [[31merror[39m]: [31mError compressing image: Input file contains unsupported image format[39m
[2026-07-23 04:47:49:4749] [[35mhttp[39m]: [35mPOST /api/v1/photos 201 896 - 88.840 ms[39m
[2026-07-23 04:47:49:4749] [[35mhttp[39m]: [35mGET /api/v1/photos?surveyId=4e319db4-c301-4c48-bd89-db3cb827d491 200 885 - 5.155 ms[39m
[2026-07-23 04:47:49:4749] [[35mhttp[39m]: [35mGET /uploads/charger%20 404 134 - 5.098 ms[39m
[2026-07-23 04:47:53:4753] [[31merror[39m]: [31mError compressing image: Input file contains unsupported image format[39m
[2026-07-23 04:47:53:4753] [[35mhttp[39m]: [35mPOST /api/v1/photos 201 891 - 24.314 ms[39m
[2026-07-23 04:47:54:4754] [[35mhttp[39m]: [35mGET /api/v1/photos?surveyId=4e319db4-c301-4c48-bd89-db3cb827d491 200 1689 - 7.259 ms[39m
[2026-07-23 04:47:54:4754] [[35mhttp[39m]: [35mGET /uploads/charger%20 404 134 - 1.696 ms[39m
[2026-07-23 04:47:58:4758] [[31merror[39m]: [31mError compressing image: Input file contains unsupported image format[39m
[2026-07-23 04:47:58:4758] [[35mhttp[39m]: [35mPOST /api/v1/photos 201 896 - 26.227 ms[39m
[2026-07-23 04:47:58:4758] [[35mhttp[39m]: [35mGET /api/v1/photos?surveyId=4e319db4-c301-4c48-bd89-db3cb827d491 200 2498 - 8.564 ms[39m
[2026-07-23 04:47:58:4758] [[35mhttp[39m]: [35mGET /uploads/charger%20 404 134 - 1.791 ms[39m
[2026-07-23 04:48:01:481] [[35mhttp[39m]: [35mPOST /api/v1/survey/save-asset 200 1236 - 75.633 ms[39m
[2026-07-23 04:48:01:481] [[35mhttp[39m]: [35mGET /api/v1/survey/4e319db4-c301-4c48-bd89-db3cb827d491 200 7875 - 27.973 ms[39m
[2026-07-23 04:48:01:481] [[35mhttp[39m]: [35mGET /api/v1/survey/4e319db4-c301-4c48-bd89-db3cb827d491 304 - - 23.107 ms[39m
[2026-07-23 04:48:07:487] [[35mhttp[39m]: [35mGET /api/v1/masters/charger-manufacturer 304 - - 22.569 ms[39m
[2026-07-23 04:48:07:487] [[35mhttp[39m]: [35mGET /api/v1/survey/4e319db4-c301-4c48-bd89-db3cb827d491 304 - - 32.822 ms[39m
[2026-07-23 04:48:07:487] [[35mhttp[39m]: [35mGET /api/v1/masters/connector 304 - - 8.632 ms[39m
[2026-07-23 04:48:07:487] [[35mhttp[39m]: [35mGET /api/v1/masters/equipment 304 - - 13.127 ms[39m
[2026-07-23 04:48:07:487] [[35mhttp[39m]: [35mGET /api/v1/masters/charger-manufacturer 304 - - 6.145 ms[39m
[2026-07-23 04:48:07:487] [[35mhttp[39m]: [35mGET /api/v1/masters/connector 304 - - 6.149 ms[39m
[2026-07-23 04:48:07:487] [[35mhttp[39m]: [35mGET /api/v1/masters/equipment 304 - - 12.291 ms[39m
[2026-07-23 04:48:07:487] [[35mhttp[39m]: [35mGET /api/v1/masters/charger-model?manufacturerId=bb6413ee-4ed1-4c5f-8154-6ee3bcea4f2a 304 - - 7.545 ms[39m
[2026-07-23 04:48:07:487] [[35mhttp[39m]: [35mGET /api/v1/survey/4e319db4-c301-4c48-bd89-db3cb827d491 304 - - 54.284 ms[39m
[2026-07-23 04:48:07:487] [[35mhttp[39m]: [35mGET /api/v1/photos?surveyId=4e319db4-c301-4c48-bd89-db3cb827d491 304 - - 5.829 ms[39m
[2026-07-23 04:48:07:487] [[35mhttp[39m]: [35mGET /api/v1/masters/charger-model?manufacturerId=bb6413ee-4ed1-4c5f-8154-6ee3bcea4f2a 304 - - 5.492 ms[39m
[2026-07-23 04:48:07:487] [[35mhttp[39m]: [35mGET /uploads/charger%20 404 134 - 1.652 ms[39m
[2026-07-23 04:48:07:487] [[35mhttp[39m]: [35mGET /api/v1/photos?surveyId=4e319db4-c301-4c48-bd89-db3cb827d491 304 - - 5.024 ms[39m
[2026-07-23 04:48:20:4820] [[35mhttp[39m]: [35mGET /api/v1/survey/4e319db4-c301-4c48-bd89-db3cb827d491 304 - - 28.268 ms[39m
[2026-07-23 04:48:21:4821] [[35mhttp[39m]: [35mGET /api/v1/survey/4e319db4-c301-4c48-bd89-db3cb827d491 304 - - 22.472 ms[39m
[2026-07-23 04:48:24:4824] [[35mhttp[39m]: [35mGET /api/v1/masters/connector 304 - - 8.385 ms[39m
[2026-07-23 04:48:24:4824] [[35mhttp[39m]: [35mGET /api/v1/masters/equipment 304 - - 12.322 ms[39m
[2026-07-23 04:48:24:4824] [[35mhttp[39m]: [35mGET /api/v1/masters/charger-manufacturer 304 - - 22.433 ms[39m
[2026-07-23 04:48:24:4824] [[35mhttp[39m]: [35mGET /api/v1/survey/4e319db4-c301-4c48-bd89-db3cb827d491 304 - - 36.486 ms[39m
[2026-07-23 04:48:24:4824] [[35mhttp[39m]: [35mGET /api/v1/masters/connector 304 - - 9.541 ms[39m
[2026-07-23 04:48:24:4824] [[35mhttp[39m]: [35mGET /api/v1/masters/equipment 304 - - 15.149 ms[39m
[2026-07-23 04:48:24:4824] [[35mhttp[39m]: [35mGET /api/v1/masters/charger-manufacturer 304 - - 10.600 ms[39m
[2026-07-23 04:48:24:4824] [[35mhttp[39m]: [35mGET /api/v1/masters/charger-model?manufacturerId=bb6413ee-4ed1-4c5f-8154-6ee3bcea4f2a 304 - - 6.880 ms[39m
[2026-07-23 04:48:24:4824] [[35mhttp[39m]: [35mGET /api/v1/survey/4e319db4-c301-4c48-bd89-db3cb827d491 304 - - 26.973 ms[39m
[2026-07-23 04:48:24:4824] [[35mhttp[39m]: [35mGET /api/v1/photos?surveyId=4e319db4-c301-4c48-bd89-db3cb827d491 304 - - 6.463 ms[39m
[2026-07-23 04:48:24:4824] [[35mhttp[39m]: [35mGET /api/v1/masters/charger-model?manufacturerId=bb6413ee-4ed1-4c5f-8154-6ee3bcea4f2a 304 - - 4.643 ms[39m
[2026-07-23 04:48:24:4824] [[35mhttp[39m]: [35mGET /uploads/charger%20 404 134 - 0.482 ms[39m
[2026-07-23 04:48:24:4824] [[35mhttp[39m]: [35mGET /api/v1/photos?surveyId=4e319db4-c301-4c48-bd89-db3cb827d491 304 - - 5.764 ms[39m
[2026-07-23 04:48:42:4842] [[35mhttp[39m]: [35mPOST /api/v1/survey/save-asset 400 154 - 11.038 ms[39m
[2026-07-23 04:48:49:4849] [[35mhttp[39m]: [35mGET /api/v1/survey/4e319db4-c301-4c48-bd89-db3cb827d491 304 - - 28.993 ms[39m
[2026-07-23 04:48:49:4849] [[35mhttp[39m]: [35mGET /api/v1/survey/4e319db4-c301-4c48-bd89-db3cb827d491 304 - - 49.657 ms[39m
[2026-07-23 04:48:57:4857] [[35mhttp[39m]: [35mGET /api/v1/survey/4e319db4-c301-4c48-bd89-db3cb827d491 304 - - 26.115 ms[39m
[2026-07-23 04:48:59:4859] [[35mhttp[39m]: [35mGET /api/v1/survey-assignment 200 4127 - 13.338 ms[39m
[2026-07-23 04:48:59:4859] [[35mhttp[39m]: [35mGET /api/v1/survey-assignment 304 - - 9.281 ms[39m
[2026-07-23 04:48:59:4859] [[35mhttp[39m]: [35mGET /api/v1/survey/site/e711f20e-ef58-479a-8e43-2464c348668b 200 5029 - 37.264 ms[39m
[2026-07-23 04:49:00:490] [[35mhttp[39m]: [35mGET /api/v1/survey/site/e711f20e-ef58-479a-8e43-2464c348668b 304 - - 19.971 ms[39m
[2026-07-23 04:49:13:4913] [[35mhttp[39m]: [35mPOST /api/v1/survey/step1 201 4269 - 91.471 ms[39m
[2026-07-23 04:49:13:4913] [[35mhttp[39m]: [35mGET /api/v1/survey/4e319db4-c301-4c48-bd89-db3cb827d491 200 4249 - 22.339 ms[39m
[2026-07-23 04:49:13:4913] [[35mhttp[39m]: [35mGET /api/v1/survey/4e319db4-c301-4c48-bd89-db3cb827d491 304 - - 26.822 ms[39m
[2026-07-23 04:49:16:4916] [[35mhttp[39m]: [35mGET /api/v1/survey/4e319db4-c301-4c48-bd89-db3cb827d491 304 - - 27.383 ms[39m
[2026-07-23 04:49:16:4916] [[35mhttp[39m]: [35mGET /api/v1/survey/4e319db4-c301-4c48-bd89-db3cb827d491 304 - - 20.156 ms[39m
[2026-07-23 04:49:21:4921] [[35mhttp[39m]: [35mPOST /api/v1/survey/4e319db4-c301-4c48-bd89-db3cb827d491/submit 200 4303 - 48.099 ms[39m
[2026-07-23 04:49:32:4932] [[35mhttp[39m]: [35mGET /api/v1/auth/me 200 219 - 5.323 ms[39m
[2026-07-23 04:49:32:4932] [[35mhttp[39m]: [35mGET /api/v1/auth/me 304 - - 2.559 ms[39m
[2026-07-23 04:49:32:4932] [[35mhttp[39m]: [35mGET /api/v1/survey-sites 200 5281 - 28.744 ms[39m
[2026-07-23 04:49:32:4932] [[35mhttp[39m]: [35mGET /api/v1/masters/charger-manufacturer 304 - - 36.238 ms[39m
[2026-07-23 04:49:32:4932] [[35mhttp[39m]: [35mGET /api/v1/survey 200 2043 - 44.477 ms[39m
[2026-07-23 04:49:32:4932] [[35mhttp[39m]: [35mGET /api/v1/survey-sites 304 - - 29.707 ms[39m
[2026-07-23 04:49:32:4932] [[35mhttp[39m]: [35mGET /api/v1/masters/connector 304 - - 51.896 ms[39m
[2026-07-23 04:49:32:4932] [[35mhttp[39m]: [35mGET /api/v1/masters/equipment 304 - - 54.363 ms[39m
[2026-07-23 04:49:32:4932] [[35mhttp[39m]: [35mGET /api/v1/masters/charger-manufacturer 304 - - 24.352 ms[39m
[2026-07-23 04:49:32:4932] [[35mhttp[39m]: [35mGET /api/v1/survey 304 - - 41.542 ms[39m
[2026-07-23 04:49:32:4932] [[35mhttp[39m]: [35mGET /api/v1/masters/connector 304 - - 31.217 ms[39m
[2026-07-23 04:49:32:4932] [[35mhttp[39m]: [35mGET /api/v1/masters/equipment 304 - - 30.707 ms[39m
[2026-07-23 04:49:39:4939] [[35mhttp[39m]: [35mGET /api/v1/photos?surveyId=4e319db4-c301-4c48-bd89-db3cb827d491 200 2498 - 10.766 ms[39m
[2026-07-23 04:49:39:4939] [[35mhttp[39m]: [35mGET /api/v1/photos?surveyId=4e319db4-c301-4c48-bd89-db3cb827d491 304 - - 11.030 ms[39m
[2026-07-23 04:49:39:4939] [[35mhttp[39m]: [35mGET /api/v1/survey/4e319db4-c301-4c48-bd89-db3cb827d491 200 4309 - 35.612 ms[39m
[2026-07-23 04:49:39:4939] [[35mhttp[39m]: [35mGET /api/v1/users 200 6267 - 11.260 ms[39m
[2026-07-23 04:49:39:4939] [[35mhttp[39m]: [35mGET /api/v1/survey/4e319db4-c301-4c48-bd89-db3cb827d491 304 - - 19.725 ms[39m
[2026-07-23 04:49:39:4939] [[35mhttp[39m]: [35mGET /api/v1/users 304 - - 10.458 ms[39m
[2026-07-23 04:50:43:5043] [[35mhttp[39m]: [35mGET /api/v1/survey-assignment 200 4127 - 103.666 ms[39m
[2026-07-23 04:50:43:5043] [[35mhttp[39m]: [35mGET /api/v1/survey-assignment 304 - - 7.387 ms[39m
[2026-07-23 04:50:46:5046] [[35mhttp[39m]: [35mGET /api/v1/survey-assignment 304 - - 9.140 ms[39m
[2026-07-23 04:50:46:5046] [[35mhttp[39m]: [35mGET /api/v1/survey-assignment 304 - - 7.873 ms[39m
[2026-07-23 04:50:46:5046] [[35mhttp[39m]: [35mGET /api/v1/survey/site/e711f20e-ef58-479a-8e43-2464c348668b 200 1463 - 30.638 ms[39m
[2026-07-23 04:50:46:5046] [[35mhttp[39m]: [35mGET /api/v1/survey/site/e711f20e-ef58-479a-8e43-2464c348668b 304 - - 15.429 ms[39m
[2026-07-23 04:50:50:5050] [[35mhttp[39m]: [35mPOST /api/v1/survey/step1 201 4329 - 64.834 ms[39m
[2026-07-23 04:50:50:5050] [[35mhttp[39m]: [35mGET /api/v1/survey/4e319db4-c301-4c48-bd89-db3cb827d491 200 4309 - 23.495 ms[39m
[2026-07-23 04:50:50:5050] [[35mhttp[39m]: [35mGET /api/v1/survey/4e319db4-c301-4c48-bd89-db3cb827d491 304 - - 22.082 ms[39m
[2026-07-23 04:51:03:513] [[35mhttp[39m]: [35mGET /api/v1/survey-assignment 200 4127 - 9.517 ms[39m
[2026-07-23 04:51:03:513] [[35mhttp[39m]: [35mGET /api/v1/survey-assignment 304 - - 10.289 ms[39m
[2026-07-23 04:51:03:513] [[35mhttp[39m]: [35mGET /api/v1/survey/site/e711f20e-ef58-479a-8e43-2464c348668b 200 1463 - 29.594 ms[39m
[2026-07-23 04:51:03:513] [[35mhttp[39m]: [35mGET /api/v1/survey/site/e711f20e-ef58-479a-8e43-2464c348668b 304 - - 12.150 ms[39m
[2026-07-23 04:51:14:5114] [[35mhttp[39m]: [35mPOST /api/v1/survey/step1 201 6476 - 79.292 ms[39m
[2026-07-23 04:51:14:5114] [[35mhttp[39m]: [35mGET /api/v1/survey/4e319db4-c301-4c48-bd89-db3cb827d491 200 6456 - 22.745 ms[39m
[2026-07-23 04:51:14:5114] [[35mhttp[39m]: [35mGET /api/v1/survey/4e319db4-c301-4c48-bd89-db3cb827d491 304 - - 17.297 ms[39m
[2026-07-23 04:51:17:5117] [[35mhttp[39m]: [35mPOST /api/v1/survey/lock-asset 200 821 - 17.822 ms[39m
[2026-07-23 04:51:17:5117] [[35mhttp[39m]: [35mGET /api/v1/survey/4e319db4-c301-4c48-bd89-db3cb827d491 200 6613 - 26.724 ms[39m
[2026-07-23 04:51:18:5118] [[35mhttp[39m]: [35mGET /api/v1/survey/4e319db4-c301-4c48-bd89-db3cb827d491 304 - - 105.241 ms[39m
[2026-07-23 04:51:18:5118] [[35mhttp[39m]: [35mGET /api/v1/masters/charger-manufacturer 304 - - 141.637 ms[39m
[2026-07-23 04:51:18:5118] [[35mhttp[39m]: [35mGET /api/v1/masters/charger-manufacturer 304 - - 9.651 ms[39m
[2026-07-23 04:51:18:5118] [[35mhttp[39m]: [35mGET /api/v1/masters/equipment 304 - - 180.177 ms[39m
[2026-07-23 04:51:18:5118] [[35mhttp[39m]: [35mGET /api/v1/masters/connector 304 - - 184.539 ms[39m
[2026-07-23 04:51:18:5118] [[35mhttp[39m]: [35mGET /api/v1/masters/connector 304 - - 8.601 ms[39m
[2026-07-23 04:51:18:5118] [[35mhttp[39m]: [35mGET /api/v1/masters/equipment 304 - - 19.375 ms[39m
[2026-07-23 04:51:18:5118] [[35mhttp[39m]: [35mGET /api/v1/photos?surveyId=4e319db4-c301-4c48-bd89-db3cb827d491 304 - - 12.224 ms[39m
[2026-07-23 04:51:18:5118] [[35mhttp[39m]: [35mGET /api/v1/photos?surveyId=4e319db4-c301-4c48-bd89-db3cb827d491 304 - - 6.362 ms[39m
[2026-07-23 04:51:18:5118] [[35mhttp[39m]: [35mGET /uploads/charger%20 404 134 - 0.820 ms[39m
[2026-07-23 04:52:14:5214] [[35mhttp[39m]: [35mDELETE /api/v1/photos/4f90a484-a8fd-481f-b3c7-40c37bf6dc1d 200 65 - 23.430 ms[39m
[2026-07-23 04:52:14:5214] [[35mhttp[39m]: [35mGET /api/v1/photos?surveyId=4e319db4-c301-4c48-bd89-db3cb827d491 200 1689 - 6.018 ms[39m
[2026-07-23 04:52:30:5230] [[31merror[39m]: [31mError compressing image: Input file contains unsupported image format[39m
[2026-07-23 04:52:30:5230] [[35mhttp[39m]: [35mPOST /api/v1/photos 201 870 - 40.926 ms[39m
[2026-07-23 04:52:30:5230] [[35mhttp[39m]: [35mGET /api/v1/photos?surveyId=4e319db4-c301-4c48-bd89-db3cb827d491 200 2472 - 5.471 ms[39m
[2026-07-23 04:52:30:5230] [[35mhttp[39m]: [35mGET /uploads/charger%20 404 134 - 2.318 ms[39m
[2026-07-23 04:52:33:5233] [[35mhttp[39m]: [35mDELETE /api/v1/photos/ca0ba115-0f2d-4012-888f-2e60541424bd 200 65 - 9.742 ms[39m
[2026-07-23 04:52:33:5233] [[35mhttp[39m]: [35mGET /api/v1/photos?surveyId=4e319db4-c301-4c48-bd89-db3cb827d491 200 1668 - 6.965 ms[39m
[2026-07-23 04:52:39:5239] [[31merror[39m]: [31mError compressing image: Input file contains unsupported image format[39m
[2026-07-23 04:52:39:5239] [[35mhttp[39m]: [35mPOST /api/v1/photos 201 865 - 41.984 ms[39m
[2026-07-23 04:52:39:5239] [[35mhttp[39m]: [35mGET /api/v1/photos?surveyId=4e319db4-c301-4c48-bd89-db3cb827d491 200 2446 - 10.200 ms[39m
[2026-07-23 04:52:39:5239] [[35mhttp[39m]: [35mGET /uploads/charger%20 404 134 - 1.365 ms[39m
[2026-07-23 04:53:13:5313] [[35mhttp[39m]: [35mGET /api/v1/masters/charger-model?manufacturerId=bb6413ee-4ed1-4c5f-8154-6ee3bcea4f2a 304 - - 16.059 ms[39m
[2026-07-23 23:28:34:2834] [[32minfo[39m]: [32mDatabase connection established successfully.[39m
[2026-07-23 23:28:34:2834] [[32minfo[39m]: [32mServer is running in development mode on port 5000[39m
[2026-07-23 23:29:53:2953] [[35mhttp[39m]: [35mGET /api/v1/auth/me 200 228 - 50.101 ms[39m
[2026-07-23 23:29:53:2953] [[35mhttp[39m]: [35mGET /api/v1/auth/me 304 - - 5.220 ms[39m
[2026-07-23 23:29:53:2953] [[35mhttp[39m]: [35mGET /api/v1/auth/me 304 - - 3.272 ms[39m
[2026-07-23 23:29:53:2953] [[35mhttp[39m]: [35mGET /api/v1/auth/me 304 - - 3.232 ms[39m
[2026-07-23 23:29:53:2953] [[35mhttp[39m]: [35mGET /api/v1/survey/0f445b73-105a-4fd3-a8e6-58a41980a5e8 304 - - 67.004 ms[39m
[2026-07-23 23:29:53:2953] [[35mhttp[39m]: [35mGET /api/v1/survey/0f445b73-105a-4fd3-a8e6-58a41980a5e8 304 - - 30.997 ms[39m
[2026-07-23 23:29:53:2953] [[35mhttp[39m]: [35mGET /api/v1/auth/me 304 - - 6.713 ms[39m
[2026-07-23 23:29:53:2953] [[35mhttp[39m]: [35mGET /api/v1/auth/me 304 - - 5.431 ms[39m
[2026-07-23 23:29:53:2953] [[35mhttp[39m]: [35mGET /api/v1/photos?surveyId=0f445b73-105a-4fd3-a8e6-58a41980a5e8 304 - - 175.033 ms[39m
[2026-07-23 23:29:53:2953] [[35mhttp[39m]: [35mGET /api/v1/photos?surveyId=0f445b73-105a-4fd3-a8e6-58a41980a5e8 304 - - 10.830 ms[39m
[2026-07-23 23:29:53:2953] [[35mhttp[39m]: [35mGET /api/v1/users 304 - - 19.011 ms[39m
[2026-07-23 23:29:53:2953] [[35mhttp[39m]: [35mGET /api/v1/users 304 - - 7.892 ms[39m
[2026-07-23 23:29:53:2953] [[35mhttp[39m]: [35mGET /api/v1/survey/4e319db4-c301-4c48-bd89-db3cb827d491 200 5281 - 59.432 ms[39m
[2026-07-23 23:29:53:2953] [[35mhttp[39m]: [35mGET /api/v1/survey/4e319db4-c301-4c48-bd89-db3cb827d491 304 - - 47.910 ms[39m
[2026-07-23 23:29:54:2954] [[35mhttp[39m]: [35mGET /api/v1/survey-sites 304 - - 15.749 ms[39m
[2026-07-23 23:29:54:2954] [[35mhttp[39m]: [35mGET /api/v1/survey 304 - - 26.158 ms[39m
[2026-07-23 23:29:54:2954] [[35mhttp[39m]: [35mGET /api/v1/masters/connector 304 - - 14.521 ms[39m
[2026-07-23 23:29:54:2954] [[35mhttp[39m]: [35mGET /api/v1/masters/charger-manufacturer 304 - - 175.999 ms[39m
[2026-07-23 23:29:54:2954] [[35mhttp[39m]: [35mGET /api/v1/masters/equipment 304 - - 21.438 ms[39m
[2026-07-23 23:29:54:2954] [[35mhttp[39m]: [35mGET /api/v1/survey 304 - - 22.591 ms[39m
[2026-07-23 23:29:54:2954] [[35mhttp[39m]: [35mGET /api/v1/survey-sites 304 - - 9.917 ms[39m
[2026-07-23 23:29:54:2954] [[35mhttp[39m]: [35mGET /api/v1/masters/charger-manufacturer 304 - - 9.916 ms[39m
[2026-07-23 23:29:54:2954] [[35mhttp[39m]: [35mGET /api/v1/masters/connector 304 - - 11.669 ms[39m
[2026-07-23 23:29:54:2954] [[35mhttp[39m]: [35mGET /api/v1/masters/equipment 304 - - 11.133 ms[39m
[2026-07-23 23:30:01:301] [[35mhttp[39m]: [35mPOST /api/v1/survey/lock-asset 200 858 - 19.629 ms[39m
[2026-07-23 23:30:01:301] [[35mhttp[39m]: [35mGET /api/v1/masters/charger-manufacturer?activeOnly=true 304 - - 35.900 ms[39m
[2026-07-23 23:30:01:301] [[35mhttp[39m]: [35mGET /api/v1/masters/connector?activeOnly=true 304 - - 11.325 ms[39m
[2026-07-23 23:30:01:301] [[35mhttp[39m]: [35mGET /api/v1/survey/4e319db4-c301-4c48-bd89-db3cb827d491 200 5281 - 66.334 ms[39m
[2026-07-23 23:30:01:301] [[35mhttp[39m]: [35mGET /api/v1/masters/equipment?activeOnly=true 304 - - 15.388 ms[39m
[2026-07-23 23:30:01:301] [[35mhttp[39m]: [35mGET /api/v1/masters/connector?activeOnly=true 304 - - 11.521 ms[39m
[2026-07-23 23:30:01:301] [[35mhttp[39m]: [35mGET /api/v1/masters/equipment?activeOnly=true 304 - - 20.651 ms[39m
[2026-07-23 23:30:01:301] [[35mhttp[39m]: [35mGET /api/v1/photos?surveyId=4e319db4-c301-4c48-bd89-db3cb827d491 304 - - 20.437 ms[39m
[2026-07-23 23:30:01:301] [[35mhttp[39m]: [35mGET /api/v1/survey/4e319db4-c301-4c48-bd89-db3cb827d491 304 - - 35.559 ms[39m
[2026-07-23 23:30:01:301] [[35mhttp[39m]: [35mGET /uploads/charger%20 404 134 - 4.306 ms[39m
[2026-07-23 23:30:01:301] [[35mhttp[39m]: [35mGET /api/v1/masters/charger-manufacturer?activeOnly=true 304 - - 147.261 ms[39m
[2026-07-23 23:30:01:301] [[35mhttp[39m]: [35mGET /api/v1/photos?surveyId=4e319db4-c301-4c48-bd89-db3cb827d491 304 - - 17.156 ms[39m
[2026-07-23 23:31:45:3145] [[35mhttp[39m]: [35mPOST /api/v1/auth/login 200 698 - 137.731 ms[39m
[2026-07-23 23:31:45:3145] [[35mhttp[39m]: [35mGET /api/v1/dashboard 200 4608 - 103.019 ms[39m
[2026-07-23 23:31:45:3145] [[35mhttp[39m]: [35mGET /api/v1/dashboard 304 - - 28.079 ms[39m
[2026-07-23 23:31:47:3147] [[35mhttp[39m]: [35mGET /api/v1/masters/connector 304 - - 10.125 ms[39m
[2026-07-23 23:31:47:3147] [[35mhttp[39m]: [35mGET /api/v1/masters/charger-manufacturer 304 - - 13.538 ms[39m
[2026-07-23 23:31:47:3147] [[35mhttp[39m]: [35mGET /api/v1/masters/equipment 304 - - 20.319 ms[39m
[2026-07-23 23:31:47:3147] [[35mhttp[39m]: [35mGET /api/v1/survey-sites 200 5287 - 32.560 ms[39m
[2026-07-23 23:31:47:3147] [[35mhttp[39m]: [35mGET /api/v1/survey 200 5973 - 32.855 ms[39m
[2026-07-23 23:31:47:3147] [[35mhttp[39m]: [35mGET /api/v1/masters/connector 304 - - 23.601 ms[39m
[2026-07-23 23:31:47:3147] [[35mhttp[39m]: [35mGET /api/v1/masters/charger-manufacturer 304 - - 24.071 ms[39m
[2026-07-23 23:31:47:3147] [[35mhttp[39m]: [35mGET /api/v1/masters/equipment 304 - - 27.591 ms[39m
[2026-07-23 23:31:47:3147] [[35mhttp[39m]: [35mGET /api/v1/survey-sites 304 - - 27.328 ms[39m
[2026-07-23 23:31:47:3147] [[35mhttp[39m]: [35mGET /api/v1/survey 304 - - 26.744 ms[39m
[2026-07-23 23:31:55:3155] [[35mhttp[39m]: [35mGET /api/v1/survey-sites 304 - - 7.449 ms[39m
[2026-07-23 23:31:55:3155] [[35mhttp[39m]: [35mGET /api/v1/survey-sites 304 - - 9.421 ms[39m
[2026-07-23 23:32:00:320] [[35mhttp[39m]: [35mGET /api/v1/masters/equipment 304 - - 12.939 ms[39m
[2026-07-23 23:32:00:320] [[35mhttp[39m]: [35mGET /api/v1/masters/equipment 304 - - 14.932 ms[39m
[2026-07-23 23:32:15:3215] [[35mhttp[39m]: [35mPOST /api/v1/masters/equipment 201 277 - 45.779 ms[39m
[2026-07-23 23:32:15:3215] [[35mhttp[39m]: [35mGET /api/v1/masters/equipment 200 20484 - 8.872 ms[39m
[2026-07-23 23:32:22:3222] [[35mhttp[39m]: [35mGET /api/v1/auth/me 200 219 - 2.539 ms[39m
[2026-07-23 23:32:22:3222] [[35mhttp[39m]: [35mGET /api/v1/auth/me 304 - - 4.876 ms[39m
[2026-07-23 23:32:23:3223] [[35mhttp[39m]: [35mGET /api/v1/masters/charger-manufacturer?activeOnly=true 304 - - 26.107 ms[39m
[2026-07-23 23:32:23:3223] [[35mhttp[39m]: [35mGET /api/v1/masters/connector?activeOnly=true 304 - - 25.935 ms[39m
[2026-07-23 23:32:23:3223] [[35mhttp[39m]: [35mGET /api/v1/masters/equipment?activeOnly=true 200 20484 - 32.456 ms[39m
[2026-07-23 23:32:23:3223] [[35mhttp[39m]: [35mGET /api/v1/masters/charger-manufacturer?activeOnly=true 304 - - 33.229 ms[39m
[2026-07-23 23:32:23:3223] [[35mhttp[39m]: [35mGET /api/v1/masters/connector?activeOnly=true 304 - - 36.544 ms[39m
[2026-07-23 23:32:23:3223] [[35mhttp[39m]: [35mGET /api/v1/survey/4e319db4-c301-4c48-bd89-db3cb827d491 304 - - 83.422 ms[39m
[2026-07-23 23:32:23:3223] [[35mhttp[39m]: [35mGET /api/v1/masters/equipment?activeOnly=true 304 - - 29.630 ms[39m
[2026-07-23 23:32:23:3223] [[35mhttp[39m]: [35mGET /api/v1/photos?surveyId=4e319db4-c301-4c48-bd89-db3cb827d491 304 - - 6.772 ms[39m
[2026-07-23 23:32:23:3223] [[35mhttp[39m]: [35mGET /api/v1/survey/4e319db4-c301-4c48-bd89-db3cb827d491 304 - - 46.584 ms[39m
[2026-07-23 23:32:23:3223] [[35mhttp[39m]: [35mGET /api/v1/photos?surveyId=4e319db4-c301-4c48-bd89-db3cb827d491 304 - - 15.391 ms[39m
[2026-07-23 23:32:23:3223] [[35mhttp[39m]: [35mGET /uploads/charger%20 404 134 - 0.932 ms[39m
[2026-07-23 23:32:29:3229] [[35mhttp[39m]: [35mPOST /api/v1/auth/login 200 727 - 111.569 ms[39m
[2026-07-23 23:32:29:3229] [[35mhttp[39m]: [35mGET /api/v1/dashboard 304 - - 22.332 ms[39m
[2026-07-23 23:32:29:3229] [[35mhttp[39m]: [35mGET /api/v1/dashboard 304 - - 17.313 ms[39m
[2026-07-23 23:32:36:3236] [[35mhttp[39m]: [35mPOST /api/v1/auth/login 200 743 - 111.232 ms[39m
[2026-07-23 23:32:38:3238] [[35mhttp[39m]: [35mGET /api/v1/survey-assignment 200 4136 - 14.154 ms[39m
[2026-07-23 23:32:38:3238] [[35mhttp[39m]: [35mGET /api/v1/survey-assignment 304 - - 9.988 ms[39m
[2026-07-23 23:32:39:3239] [[35mhttp[39m]: [35mGET /api/v1/survey-assignment 304 - - 11.257 ms[39m
[2026-07-23 23:32:39:3239] [[35mhttp[39m]: [35mGET /api/v1/survey-assignment 304 - - 7.220 ms[39m
[2026-07-23 23:32:40:3240] [[35mhttp[39m]: [35mGET /api/v1/survey/site/e711f20e-ef58-479a-8e43-2464c348668b 200 2439 - 33.483 ms[39m
[2026-07-23 23:32:40:3240] [[35mhttp[39m]: [35mGET /api/v1/survey/site/e711f20e-ef58-479a-8e43-2464c348668b 304 - - 16.308 ms[39m
[2026-07-23 23:32:43:3243] [[35mhttp[39m]: [35mPOST /api/v1/survey/step1 201 5301 - 69.644 ms[39m
[2026-07-23 23:32:43:3243] [[35mhttp[39m]: [35mGET /api/v1/survey/4e319db4-c301-4c48-bd89-db3cb827d491 200 5281 - 23.846 ms[39m
[2026-07-23 23:32:43:3243] [[35mhttp[39m]: [35mGET /api/v1/survey/4e319db4-c301-4c48-bd89-db3cb827d491 304 - - 31.328 ms[39m
[2026-07-23 23:32:59:3259] [[35mhttp[39m]: [35mGET /api/v1/auth/me 200 234 - 7.926 ms[39m
[2026-07-23 23:33:00:330] [[35mhttp[39m]: [35mGET /api/v1/auth/me - - - - ms[39m
[2026-07-23 23:33:00:330] [[35mhttp[39m]: [35mGET /api/v1/auth/me 200 234 - 4.148 ms[39m
[2026-07-23 23:33:00:330] [[35mhttp[39m]: [35mGET /api/v1/auth/me 304 - - 2.657 ms[39m
[2026-07-23 23:33:00:330] [[35mhttp[39m]: [35mGET /api/v1/survey/4e319db4-c301-4c48-bd89-db3cb827d491 304 - - 41.998 ms[39m
[2026-07-23 23:33:00:330] [[35mhttp[39m]: [35mGET /api/v1/survey/4e319db4-c301-4c48-bd89-db3cb827d491 304 - - 31.368 ms[39m
[2026-07-23 23:33:25:3325] [[35mhttp[39m]: [35mPOST /api/v1/auth/login 200 743 - 117.971 ms[39m
[2026-07-23 23:33:28:3328] [[35mhttp[39m]: [35mGET /api/v1/survey-assignment 200 4136 - 9.457 ms[39m
[2026-07-23 23:33:28:3328] [[35mhttp[39m]: [35mGET /api/v1/survey-assignment 304 - - 15.840 ms[39m
[2026-07-23 23:33:30:3330] [[35mhttp[39m]: [35mGET /api/v1/survey-assignment 304 - - 8.655 ms[39m
[2026-07-23 23:33:30:3330] [[35mhttp[39m]: [35mGET /api/v1/survey-assignment 304 - - 7.867 ms[39m
[2026-07-23 23:33:30:3330] [[35mhttp[39m]: [35mGET /api/v1/survey/site/db4bc8bf-70c4-43d7-a117-547a52535995 200 2009 - 19.409 ms[39m
[2026-07-23 23:33:30:3330] [[35mhttp[39m]: [35mGET /api/v1/survey/site/db4bc8bf-70c4-43d7-a117-547a52535995 304 - - 23.938 ms[39m
[2026-07-23 23:33:42:3342] [[35mhttp[39m]: [35mPOST /api/v1/survey/step1 201 5164 - 153.972 ms[39m
[2026-07-23 23:33:42:3342] [[35mhttp[39m]: [35mGET /api/v1/survey/0f445b73-105a-4fd3-a8e6-58a41980a5e8 200 5144 - 22.438 ms[39m
[2026-07-23 23:33:42:3342] [[35mhttp[39m]: [35mGET /api/v1/survey/0f445b73-105a-4fd3-a8e6-58a41980a5e8 304 - - 23.189 ms[39m
[2026-07-23 23:33:47:3347] [[35mhttp[39m]: [35mPOST /api/v1/survey/lock-asset 200 858 - 18.276 ms[39m
[2026-07-23 23:33:47:3347] [[35mhttp[39m]: [35mGET /api/v1/masters/connector?activeOnly=true 304 - - 13.371 ms[39m
[2026-07-23 23:33:47:3347] [[35mhttp[39m]: [35mGET /api/v1/masters/charger-manufacturer?activeOnly=true 304 - - 27.752 ms[39m
[2026-07-23 23:33:47:3347] [[35mhttp[39m]: [35mGET /api/v1/masters/equipment?activeOnly=true 304 - - 29.253 ms[39m
[2026-07-23 23:33:47:3347] [[35mhttp[39m]: [35mGET /api/v1/survey/0f445b73-105a-4fd3-a8e6-58a41980a5e8 200 5301 - 36.790 ms[39m
[2026-07-23 23:33:47:3347] [[35mhttp[39m]: [35mGET /api/v1/masters/connector?activeOnly=true 304 - - 21.556 ms[39m
[2026-07-23 23:33:47:3347] [[35mhttp[39m]: [35mGET /api/v1/masters/charger-manufacturer?activeOnly=true 304 - - 16.088 ms[39m
[2026-07-23 23:33:47:3347] [[35mhttp[39m]: [35mGET /api/v1/masters/equipment?activeOnly=true 304 - - 30.649 ms[39m
[2026-07-23 23:33:47:3347] [[35mhttp[39m]: [35mGET /api/v1/photos?surveyId=0f445b73-105a-4fd3-a8e6-58a41980a5e8 304 - - 14.801 ms[39m
[2026-07-23 23:33:47:3347] [[35mhttp[39m]: [35mGET /api/v1/survey/0f445b73-105a-4fd3-a8e6-58a41980a5e8 304 - - 66.850 ms[39m
[2026-07-23 23:33:47:3347] [[35mhttp[39m]: [35mGET /api/v1/photos?surveyId=0f445b73-105a-4fd3-a8e6-58a41980a5e8 304 - - 8.238 ms[39m
[2026-07-23 23:34:07:347] [[35mhttp[39m]: [35mGET /api/v1/survey/0f445b73-105a-4fd3-a8e6-58a41980a5e8 304 - - 25.994 ms[39m
[2026-07-23 23:34:07:347] [[35mhttp[39m]: [35mGET /api/v1/survey/0f445b73-105a-4fd3-a8e6-58a41980a5e8 304 - - 23.002 ms[39m
[2026-07-23 23:37:41:3741] [[32minfo[39m]: [32mDatabase connection established successfully.[39m
[2026-07-23 23:38:08:388] [[35mhttp[39m]: [35mGET /api/v1/photos?surveyId=0f445b73-105a-4fd3-a8e6-58a41980a5e8 304 - - 108.190 ms[39m
[2026-07-23 23:38:08:388] [[35mhttp[39m]: [35mGET /api/v1/photos?surveyId=0f445b73-105a-4fd3-a8e6-58a41980a5e8 304 - - 6.439 ms[39m
[2026-07-23 23:38:08:388] [[35mhttp[39m]: [35mGET /api/v1/survey/0f445b73-105a-4fd3-a8e6-58a41980a5e8 304 - - 141.826 ms[39m
[2026-07-23 23:38:08:388] [[35mhttp[39m]: [35mGET /api/v1/users 403 190 - 2.796 ms[39m
[2026-07-23 23:38:08:388] [[35mhttp[39m]: [35mGET /api/v1/survey/0f445b73-105a-4fd3-a8e6-58a41980a5e8 304 - - 22.442 ms[39m
[2026-07-23 23:38:08:388] [[35mhttp[39m]: [35mGET /api/v1/users 403 190 - 2.620 ms[39m
[2026-07-23 23:38:13:3813] [[35mhttp[39m]: [35mGET /api/v1/survey-sites 200 2252 - 18.336 ms[39m
[2026-07-23 23:38:13:3813] [[35mhttp[39m]: [35mGET /api/v1/masters/charger-manufacturer 304 - - 26.519 ms[39m
[2026-07-23 23:38:13:3813] [[35mhttp[39m]: [35mGET /api/v1/survey 200 4032 - 32.632 ms[39m
[2026-07-23 23:38:13:3813] [[35mhttp[39m]: [35mGET /api/v1/survey-sites 304 - - 11.087 ms[39m
[2026-07-23 23:38:13:3813] [[35mhttp[39m]: [35mGET /api/v1/masters/charger-manufacturer 304 - - 12.919 ms[39m
[2026-07-23 23:38:13:3813] [[35mhttp[39m]: [35mGET /api/v1/survey 304 - - 26.162 ms[39m
[2026-07-23 23:38:13:3813] [[35mhttp[39m]: [35mGET /api/v1/masters/equipment 304 - - 125.963 ms[39m
[2026-07-23 23:38:13:3813] [[35mhttp[39m]: [35mGET /api/v1/masters/connector 304 - - 135.066 ms[39m
[2026-07-23 23:38:13:3813] [[35mhttp[39m]: [35mGET /api/v1/masters/connector 304 - - 4.568 ms[39m
[2026-07-23 23:38:13:3813] [[35mhttp[39m]: [35mGET /api/v1/masters/equipment 304 - - 9.345 ms[39m
[2026-07-23 23:38:16:3816] [[35mhttp[39m]: [35mGET /api/v1/auth/me 304 - - 3.503 ms[39m
[2026-07-23 23:38:16:3816] [[35mhttp[39m]: [35mGET /api/v1/auth/me 304 - - 3.916 ms[39m
[2026-07-23 23:38:16:3816] [[35mhttp[39m]: [35mGET /api/v1/masters/connector 304 - - 34.228 ms[39m
[2026-07-23 23:38:16:3816] [[35mhttp[39m]: [35mGET /api/v1/masters/charger-manufacturer 304 - - 37.709 ms[39m
[2026-07-23 23:38:16:3816] [[35mhttp[39m]: [35mGET /api/v1/masters/equipment 304 - - 38.585 ms[39m
[2026-07-23 23:38:16:3816] [[35mhttp[39m]: [35mGET /api/v1/masters/charger-manufacturer 304 - - 31.073 ms[39m
[2026-07-23 23:38:16:3816] [[35mhttp[39m]: [35mGET /api/v1/masters/connector 304 - - 36.517 ms[39m
[2026-07-23 23:38:16:3816] [[35mhttp[39m]: [35mGET /api/v1/masters/equipment 304 - - 17.267 ms[39m
[2026-07-23 23:38:16:3816] [[35mhttp[39m]: [35mGET /api/v1/survey 304 - - 125.471 ms[39m
[2026-07-23 23:38:16:3816] [[35mhttp[39m]: [35mGET /api/v1/survey-sites 304 - - 129.234 ms[39m
[2026-07-23 23:38:16:3816] [[35mhttp[39m]: [35mGET /api/v1/survey-sites 304 - - 10.746 ms[39m
[2026-07-23 23:38:16:3816] [[35mhttp[39m]: [35mGET /api/v1/survey 304 - - 30.164 ms[39m
[2026-07-23 23:38:26:3826] [[35mhttp[39m]: [35mPOST /api/v1/auth/login 200 727 - 111.276 ms[39m
[2026-07-23 23:38:26:3826] [[35mhttp[39m]: [35mGET /api/v1/dashboard 200 4608 - 23.270 ms[39m
[2026-07-23 23:38:26:3826] [[35mhttp[39m]: [35mGET /api/v1/dashboard 304 - - 20.337 ms[39m
[2026-07-23 23:38:33:3833] [[35mhttp[39m]: [35mGET /api/v1/survey-sites 200 2776 - 14.549 ms[39m
[2026-07-23 23:38:33:3833] [[35mhttp[39m]: [35mGET /api/v1/survey-sites 304 - - 16.719 ms[39m
[2026-07-23 23:38:35:3835] [[35mhttp[39m]: [35mGET /api/v1/users 200 5619 - 11.218 ms[39m
[2026-07-23 23:38:35:3835] [[35mhttp[39m]: [35mGET /api/v1/users 304 - - 8.405 ms[39m
[2026-07-23 23:38:57:3857] [[35mhttp[39m]: [35mPOST /api/v1/auth/login 200 727 - 113.103 ms[39m
[2026-07-23 23:38:57:3857] [[35mhttp[39m]: [35mGET /api/v1/dashboard 304 - - 106.357 ms[39m
[2026-07-23 23:38:57:3857] [[35mhttp[39m]: [35mGET /api/v1/dashboard 304 - - 18.130 ms[39m
[2026-07-23 23:38:59:3859] [[35mhttp[39m]: [35mGET /api/v1/masters/charger-manufacturer 304 - - 14.000 ms[39m
[2026-07-23 23:38:59:3859] [[35mhttp[39m]: [35mGET /api/v1/masters/connector 304 - - 18.230 ms[39m
[2026-07-23 23:38:59:3859] [[35mhttp[39m]: [35mGET /api/v1/survey-sites 304 - - 36.100 ms[39m
[2026-07-23 23:38:59:3859] [[35mhttp[39m]: [35mGET /api/v1/masters/equipment 304 - - 34.823 ms[39m
[2026-07-23 23:38:59:3859] [[35mhttp[39m]: [35mGET /api/v1/survey 304 - - 42.476 ms[39m
[2026-07-23 23:38:59:3859] [[35mhttp[39m]: [35mGET /api/v1/masters/connector 304 - - 18.312 ms[39m
[2026-07-23 23:38:59:3859] [[35mhttp[39m]: [35mGET /api/v1/masters/charger-manufacturer 304 - - 22.430 ms[39m
[2026-07-23 23:38:59:3859] [[35mhttp[39m]: [35mGET /api/v1/survey-sites 304 - - 22.964 ms[39m
[2026-07-23 23:38:59:3859] [[35mhttp[39m]: [35mGET /api/v1/masters/equipment 304 - - 24.222 ms[39m
[2026-07-23 23:38:59:3859] [[35mhttp[39m]: [35mGET /api/v1/survey 304 - - 26.116 ms[39m
[2026-07-23 23:39:02:392] [[35mhttp[39m]: [35mGET /api/v1/users 304 - - 13.260 ms[39m
[2026-07-23 23:39:02:392] [[35mhttp[39m]: [35mGET /api/v1/users 304 - - 18.204 ms[39m
[2026-07-23 23:39:05:395] [[35mhttp[39m]: [35mGET /api/v1/survey-sites 304 - - 11.640 ms[39m
[2026-07-23 23:39:05:395] [[35mhttp[39m]: [35mGET /api/v1/survey-sites 304 - - 7.524 ms[39m
[2026-07-23 23:39:12:3912] [[35mhttp[39m]: [35mGET /api/v1/survey 304 - - 16.381 ms[39m
[2026-07-23 23:39:12:3912] [[35mhttp[39m]: [35mGET /api/v1/survey 304 - - 14.059 ms[39m
[2026-07-23 23:39:21:3921] [[35mhttp[39m]: [35mGET /api/v1/users 304 - - 10.616 ms[39m
[2026-07-23 23:39:21:3921] [[35mhttp[39m]: [35mGET /api/v1/users 304 - - 10.058 ms[39m
[2026-07-23 23:39:23:3923] [[35mhttp[39m]: [35mGET /api/v1/masters/connector 304 - - 14.333 ms[39m
[2026-07-23 23:39:23:3923] [[35mhttp[39m]: [35mGET /api/v1/masters/charger-manufacturer 304 - - 22.076 ms[39m
[2026-07-23 23:39:23:3923] [[35mhttp[39m]: [35mGET /api/v1/survey-sites 304 - - 42.597 ms[39m
[2026-07-23 23:39:23:3923] [[35mhttp[39m]: [35mGET /api/v1/masters/connector 304 - - 20.065 ms[39m
[2026-07-23 23:39:23:3923] [[35mhttp[39m]: [35mGET /api/v1/masters/equipment 304 - - 33.305 ms[39m
[2026-07-23 23:39:23:3923] [[35mhttp[39m]: [35mGET /api/v1/survey 304 - - 48.295 ms[39m
[2026-07-23 23:39:23:3923] [[35mhttp[39m]: [35mGET /api/v1/masters/charger-manufacturer 304 - - 33.106 ms[39m
[2026-07-23 23:39:23:3923] [[35mhttp[39m]: [35mGET /api/v1/masters/equipment 304 - - 20.330 ms[39m
[2026-07-23 23:39:23:3923] [[35mhttp[39m]: [35mGET /api/v1/survey-sites 304 - - 36.373 ms[39m
[2026-07-23 23:39:23:3923] [[35mhttp[39m]: [35mGET /api/v1/survey 304 - - 60.432 ms[39m
[2026-07-23 23:39:29:3929] [[35mhttp[39m]: [35mGET /api/v1/dashboard 304 - - 21.907 ms[39m
[2026-07-23 23:39:29:3929] [[35mhttp[39m]: [35mGET /api/v1/dashboard 304 - - 17.328 ms[39m
[2026-07-23 23:39:31:3931] [[35mhttp[39m]: [35mGET /api/v1/survey-sites 304 - - 10.059 ms[39m
[2026-07-23 23:39:31:3931] [[35mhttp[39m]: [35mGET /api/v1/survey-sites 304 - - 12.304 ms[39m
[2026-07-23 23:39:32:3932] [[35mhttp[39m]: [35mGET /api/v1/survey 304 - - 15.026 ms[39m
[2026-07-23 23:39:32:3932] [[35mhttp[39m]: [35mGET /api/v1/survey 304 - - 13.226 ms[39m
[2026-07-23 23:39:34:3934] [[35mhttp[39m]: [35mGET /api/v1/survey/0f445b73-105a-4fd3-a8e6-58a41980a5e8 304 - - 47.786 ms[39m
[2026-07-23 23:39:34:3934] [[35mhttp[39m]: [35mGET /api/v1/survey/0f445b73-105a-4fd3-a8e6-58a41980a5e8 304 - - 28.780 ms[39m
[2026-07-23 23:40:01:401] [[35mhttp[39m]: [35mPOST /api/v1/auth/login 200 698 - 115.105 ms[39m
[2026-07-23 23:40:01:401] [[35mhttp[39m]: [35mGET /api/v1/dashboard 304 - - 15.676 ms[39m
[2026-07-23 23:40:01:401] [[35mhttp[39m]: [35mGET /api/v1/dashboard 304 - - 18.947 ms[39m
[2026-07-23 23:40:03:403] [[35mhttp[39m]: [35mGET /api/v1/masters/connector 304 - - 25.878 ms[39m
[2026-07-23 23:40:03:403] [[35mhttp[39m]: [35mGET /api/v1/masters/charger-manufacturer 304 - - 32.092 ms[39m
[2026-07-23 23:40:03:403] [[35mhttp[39m]: [35mGET /api/v1/survey-sites 200 5287 - 39.875 ms[39m
[2026-07-23 23:40:03:403] [[35mhttp[39m]: [35mGET /api/v1/masters/equipment 304 - - 28.362 ms[39m
[2026-07-23 23:40:03:403] [[35mhttp[39m]: [35mGET /api/v1/survey 200 5973 - 50.024 ms[39m
[2026-07-23 23:40:03:403] [[35mhttp[39m]: [35mGET /api/v1/masters/connector 304 - - 22.925 ms[39m
[2026-07-23 23:40:03:403] [[35mhttp[39m]: [35mGET /api/v1/survey-sites 304 - - 12.124 ms[39m
[2026-07-23 23:40:03:403] [[35mhttp[39m]: [35mGET /api/v1/masters/charger-manufacturer 304 - - 15.909 ms[39m
[2026-07-23 23:40:03:403] [[35mhttp[39m]: [35mGET /api/v1/masters/equipment 304 - - 16.393 ms[39m
[2026-07-23 23:40:03:403] [[35mhttp[39m]: [35mGET /api/v1/survey 304 - - 24.533 ms[39m
[2026-07-23 23:40:05:405] [[35mhttp[39m]: [35mGET /api/v1/users 200 6276 - 9.126 ms[39m
[2026-07-23 23:40:05:405] [[35mhttp[39m]: [35mGET /api/v1/users 304 - - 14.083 ms[39m
[2026-07-23 23:40:07:407] [[35mhttp[39m]: [35mGET /api/v1/survey-sites 304 - - 6.497 ms[39m
[2026-07-23 23:40:07:407] [[35mhttp[39m]: [35mGET /api/v1/survey-sites 304 - - 6.620 ms[39m
[2026-07-23 23:40:12:4012] [[35mhttp[39m]: [35mGET /api/v1/survey 304 - - 12.583 ms[39m
[2026-07-23 23:40:12:4012] [[35mhttp[39m]: [35mGET /api/v1/survey 304 - - 21.439 ms[39m
[2026-07-23 23:40:18:4018] [[35mhttp[39m]: [35mGET /api/v1/survey/06105082-96da-47ff-837c-5f8648e5829e 200 4305 - 26.907 ms[39m
[2026-07-23 23:40:18:4018] [[35mhttp[39m]: [35mGET /api/v1/survey/06105082-96da-47ff-837c-5f8648e5829e 304 - - 23.859 ms[39m
[2026-07-23 23:40:20:4020] [[35mhttp[39m]: [35mGET /api/v1/survey/06105082-96da-47ff-837c-5f8648e5829e 304 - - 24.755 ms[39m
[2026-07-23 23:40:20:4020] [[35mhttp[39m]: [35mGET /api/v1/survey/06105082-96da-47ff-837c-5f8648e5829e 304 - - 17.572 ms[39m
[2026-07-23 23:40:25:4025] [[35mhttp[39m]: [35mGET /api/v1/survey/06105082-96da-47ff-837c-5f8648e5829e 304 - - 29.554 ms[39m
[2026-07-23 23:40:25:4025] [[35mhttp[39m]: [35mGET /api/v1/survey/06105082-96da-47ff-837c-5f8648e5829e 304 - - 39.759 ms[39m
[2026-07-23 23:40:41:4041] [[35mhttp[39m]: [35mGET /api/v1/survey/06105082-96da-47ff-837c-5f8648e5829e 304 - - 22.327 ms[39m
[2026-07-23 23:40:41:4041] [[35mhttp[39m]: [35mGET /api/v1/survey/06105082-96da-47ff-837c-5f8648e5829e 304 - - 18.221 ms[39m
[2026-07-23 23:40:47:4047] [[35mhttp[39m]: [35mGET /api/v1/survey/06105082-96da-47ff-837c-5f8648e5829e 304 - - 25.978 ms[39m
[2026-07-23 23:40:47:4047] [[35mhttp[39m]: [35mGET /api/v1/survey/06105082-96da-47ff-837c-5f8648e5829e 304 - - 19.835 ms[39m
[2026-07-23 23:41:10:4110] [[35mhttp[39m]: [35mGET /api/v1/survey/06105082-96da-47ff-837c-5f8648e5829e 304 - - 23.404 ms[39m
[2026-07-23 23:41:10:4110] [[35mhttp[39m]: [35mGET /api/v1/survey/06105082-96da-47ff-837c-5f8648e5829e 304 - - 16.859 ms[39m
[2026-07-23 23:41:21:4121] [[35mhttp[39m]: [35mGET /api/v1/survey/06105082-96da-47ff-837c-5f8648e5829e 304 - - 26.118 ms[39m
[2026-07-23 23:41:21:4121] [[35mhttp[39m]: [35mGET /api/v1/survey/06105082-96da-47ff-837c-5f8648e5829e 304 - - 21.261 ms[39m
[2026-07-23 23:41:32:4132] [[35mhttp[39m]: [35mGET /api/v1/survey 304 - - 11.882 ms[39m
[2026-07-23 23:41:32:4132] [[35mhttp[39m]: [35mGET /api/v1/survey 304 - - 15.386 ms[39m
[2026-07-23 23:41:35:4135] [[35mhttp[39m]: [35mGET /api/v1/survey/0f445b73-105a-4fd3-a8e6-58a41980a5e8 304 - - 26.208 ms[39m
[2026-07-23 23:41:35:4135] [[35mhttp[39m]: [35mGET /api/v1/survey/0f445b73-105a-4fd3-a8e6-58a41980a5e8 304 - - 22.092 ms[39m
[2026-07-23 23:41:40:4140] [[35mhttp[39m]: [35mGET /api/v1/survey/0f445b73-105a-4fd3-a8e6-58a41980a5e8 304 - - 21.347 ms[39m
[2026-07-23 23:41:40:4140] [[35mhttp[39m]: [35mGET /api/v1/survey/0f445b73-105a-4fd3-a8e6-58a41980a5e8 304 - - 18.944 ms[39m
[2026-07-23 23:41:57:4157] [[35mhttp[39m]: [35mGET /api/v1/survey/0f445b73-105a-4fd3-a8e6-58a41980a5e8 304 - - 22.713 ms[39m
[2026-07-23 23:41:57:4157] [[35mhttp[39m]: [35mGET /api/v1/survey/0f445b73-105a-4fd3-a8e6-58a41980a5e8 304 - - 18.571 ms[39m
[2026-07-23 23:43:41:4341] [[35mhttp[39m]: [35mGET /api/v1/survey 304 - - 99.927 ms[39m
[2026-07-23 23:43:41:4341] [[35mhttp[39m]: [35mGET /api/v1/survey 304 - - 13.182 ms[39m
[2026-07-23 23:43:46:4346] [[35mhttp[39m]: [35mGET /api/v1/survey/0f445b73-105a-4fd3-a8e6-58a41980a5e8 304 - - 52.103 ms[39m
[2026-07-23 23:43:46:4346] [[35mhttp[39m]: [35mGET /api/v1/survey/0f445b73-105a-4fd3-a8e6-58a41980a5e8 304 - - 23.394 ms[39m
[2026-07-23 23:44:34:4434] [[35mhttp[39m]: [35mGET /api/v1/masters/charger-manufacturer?activeOnly=true 304 - - 75.697 ms[39m
[2026-07-23 23:44:34:4434] [[35mhttp[39m]: [35mGET /api/v1/masters/charger-manufacturer?activeOnly=true 304 - - 5.660 ms[39m
[2026-07-23 23:44:34:4434] [[35mhttp[39m]: [35mGET /api/v1/masters/connector?activeOnly=true 304 - - 111.628 ms[39m
[2026-07-23 23:44:34:4434] [[35mhttp[39m]: [35mGET /api/v1/masters/connector?activeOnly=true 304 - - 4.113 ms[39m
[2026-07-23 23:44:34:4434] [[35mhttp[39m]: [35mGET /api/v1/survey/0f445b73-105a-4fd3-a8e6-58a41980a5e8 304 - - 165.221 ms[39m
[2026-07-23 23:44:34:4434] [[35mhttp[39m]: [35mGET /api/v1/masters/equipment?activeOnly=true 304 - - 164.998 ms[39m
[2026-07-23 23:44:34:4434] [[35mhttp[39m]: [35mGET /api/v1/masters/equipment?activeOnly=true 304 - - 16.188 ms[39m
[2026-07-23 23:44:34:4434] [[35mhttp[39m]: [35mGET /api/v1/photos?surveyId=0f445b73-105a-4fd3-a8e6-58a41980a5e8 304 - - 14.254 ms[39m
[2026-07-23 23:44:34:4434] [[35mhttp[39m]: [35mGET /api/v1/survey/0f445b73-105a-4fd3-a8e6-58a41980a5e8 304 - - 62.217 ms[39m
[2026-07-23 23:44:34:4434] [[35mhttp[39m]: [35mGET /api/v1/photos?surveyId=0f445b73-105a-4fd3-a8e6-58a41980a5e8 304 - - 7.462 ms[39m
[2026-07-23 23:44:39:4439] [[35mhttp[39m]: [35mGET /api/v1/survey/0f445b73-105a-4fd3-a8e6-58a41980a5e8 304 - - 27.357 ms[39m
[2026-07-23 23:44:39:4439] [[35mhttp[39m]: [35mGET /api/v1/survey/0f445b73-105a-4fd3-a8e6-58a41980a5e8 304 - - 20.525 ms[39m
[2026-07-23 23:44:41:4441] [[35mhttp[39m]: [35mPUT /api/v1/survey/0f445b73-105a-4fd3-a8e6-58a41980a5e8 200 5291 - 32.045 ms[39m
[2026-07-23 23:44:41:4441] [[35mhttp[39m]: [35mGET /api/v1/survey/0f445b73-105a-4fd3-a8e6-58a41980a5e8 200 5299 - 23.729 ms[39m
[2026-07-23 23:44:57:4457] [[35mhttp[39m]: [35mGET /api/v1/auth/me 200 219 - 6.582 ms[39m
[2026-07-23 23:44:57:4457] [[35mhttp[39m]: [35mGET /api/v1/auth/me 304 - - 2.296 ms[39m
[2026-07-23 23:44:57:4457] [[35mhttp[39m]: [35mGET /api/v1/survey/0f445b73-105a-4fd3-a8e6-58a41980a5e8 304 - - 52.912 ms[39m
[2026-07-23 23:44:57:4457] [[35mhttp[39m]: [35mGET /api/v1/survey/0f445b73-105a-4fd3-a8e6-58a41980a5e8 304 - - 34.513 ms[39m
[2026-07-23 23:45:03:453] [[35mhttp[39m]: [35mGET /api/v1/masters/equipment 304 - - 15.358 ms[39m
[2026-07-23 23:45:03:453] [[35mhttp[39m]: [35mGET /api/v1/masters/charger-manufacturer 304 - - 27.171 ms[39m
[2026-07-23 23:45:03:453] [[35mhttp[39m]: [35mGET /api/v1/survey 200 5971 - 54.599 ms[39m
[2026-07-23 23:45:03:453] [[35mhttp[39m]: [35mGET /api/v1/survey-sites 304 - - 63.551 ms[39m
[2026-07-23 23:45:03:453] [[35mhttp[39m]: [35mGET /api/v1/masters/equipment 304 - - 34.652 ms[39m
[2026-07-23 23:45:03:453] [[35mhttp[39m]: [35mGET /api/v1/masters/connector 304 - - 63.479 ms[39m
[2026-07-23 23:45:03:453] [[35mhttp[39m]: [35mGET /api/v1/masters/charger-manufacturer 304 - - 23.947 ms[39m
[2026-07-23 23:45:03:453] [[35mhttp[39m]: [35mGET /api/v1/survey-sites 304 - - 10.433 ms[39m
[2026-07-23 23:45:03:453] [[35mhttp[39m]: [35mGET /api/v1/masters/connector 304 - - 8.255 ms[39m
[2026-07-23 23:45:03:453] [[35mhttp[39m]: [35mGET /api/v1/survey 304 - - 21.358 ms[39m
[2026-07-23 23:45:10:4510] [[35mhttp[39m]: [35mGET /api/v1/auth/me 304 - - 4.828 ms[39m
[2026-07-23 23:45:10:4510] [[35mhttp[39m]: [35mGET /api/v1/auth/me 304 - - 5.433 ms[39m
[2026-07-23 23:45:10:4510] [[35mhttp[39m]: [35mGET /api/v1/survey-sites 304 - - 29.433 ms[39m
[2026-07-23 23:45:10:4510] [[35mhttp[39m]: [35mGET /api/v1/masters/equipment 304 - - 25.100 ms[39m
[2026-07-23 23:45:10:4510] [[35mhttp[39m]: [35mGET /api/v1/masters/charger-manufacturer 304 - - 66.877 ms[39m
[2026-07-23 23:45:10:4510] [[35mhttp[39m]: [35mGET /api/v1/survey 304 - - 79.607 ms[39m
[2026-07-23 23:45:10:4510] [[35mhttp[39m]: [35mGET /api/v1/survey-sites 304 - - 44.916 ms[39m
[2026-07-23 23:45:10:4510] [[35mhttp[39m]: [35mGET /api/v1/masters/equipment 304 - - 16.239 ms[39m
[2026-07-23 23:45:10:4510] [[35mhttp[39m]: [35mGET /api/v1/survey 304 - - 24.877 ms[39m
[2026-07-23 23:45:10:4510] [[35mhttp[39m]: [35mGET /api/v1/masters/charger-manufacturer 304 - - 29.265 ms[39m
[2026-07-23 23:45:10:4510] [[35mhttp[39m]: [35mGET /api/v1/masters/connector 304 - - 150.115 ms[39m
[2026-07-23 23:45:10:4510] [[35mhttp[39m]: [35mGET /api/v1/masters/connector 304 - - 10.140 ms[39m
[2026-07-23 23:45:19:4519] [[35mhttp[39m]: [35mPUT /api/v1/survey/0f445b73-105a-4fd3-a8e6-58a41980a5e8 200 5288 - 68.324 ms[39m
[2026-07-23 23:45:19:4519] [[35mhttp[39m]: [35mGET /api/v1/survey/0f445b73-105a-4fd3-a8e6-58a41980a5e8 200 5296 - 22.190 ms[39m
[2026-07-23 23:45:29:4529] [[35mhttp[39m]: [35mGET /api/v1/auth/me 304 - - 3.940 ms[39m
[2026-07-23 23:45:29:4529] [[35mhttp[39m]: [35mGET /api/v1/auth/me 304 - - 4.789 ms[39m
[2026-07-23 23:45:30:4530] [[35mhttp[39m]: [35mGET /api/v1/survey-sites 200 5285 - 16.976 ms[39m
[2026-07-23 23:45:30:4530] [[35mhttp[39m]: [35mGET /api/v1/masters/charger-manufacturer 304 - - 34.991 ms[39m
[2026-07-23 23:45:30:4530] [[35mhttp[39m]: [35mGET /api/v1/survey 200 5968 - 48.448 ms[39m
[2026-07-23 23:45:30:4530] [[35mhttp[39m]: [35mGET /api/v1/masters/equipment 304 - - 37.099 ms[39m
[2026-07-23 23:45:30:4530] [[35mhttp[39m]: [35mGET /api/v1/masters/connector 304 - - 36.345 ms[39m
[2026-07-23 23:45:30:4530] [[35mhttp[39m]: [35mGET /api/v1/survey-sites 304 - - 33.551 ms[39m
[2026-07-23 23:45:30:4530] [[35mhttp[39m]: [35mGET /api/v1/masters/charger-manufacturer 304 - - 15.218 ms[39m
[2026-07-23 23:45:30:4530] [[35mhttp[39m]: [35mGET /api/v1/masters/equipment 304 - - 15.746 ms[39m
[2026-07-23 23:45:30:4530] [[35mhttp[39m]: [35mGET /api/v1/masters/connector 304 - - 23.539 ms[39m
[2026-07-23 23:45:30:4530] [[35mhttp[39m]: [35mGET /api/v1/survey 304 - - 35.292 ms[39m
[2026-07-23 23:45:48:4548] [[35mhttp[39m]: [35mGET /api/v1/survey-sites 304 - - 10.017 ms[39m
[2026-07-23 23:45:48:4548] [[35mhttp[39m]: [35mGET /api/v1/survey-sites 304 - - 5.902 ms[39m
[2026-07-23 23:45:57:4557] [[35mhttp[39m]: [35mGET /api/v1/users 200 6274 - 10.555 ms[39m
[2026-07-23 23:45:57:4557] [[35mhttp[39m]: [35mGET /api/v1/users 304 - - 13.016 ms[39m
[2026-07-23 23:46:06:466] [[35mhttp[39m]: [35mGET /api/v1/masters/connector 304 - - 18.390 ms[39m
[2026-07-23 23:46:06:466] [[35mhttp[39m]: [35mGET /api/v1/survey-sites 304 - - 16.356 ms[39m
[2026-07-23 23:46:06:466] [[35mhttp[39m]: [35mGET /api/v1/masters/charger-manufacturer 304 - - 19.458 ms[39m
[2026-07-23 23:46:06:466] [[35mhttp[39m]: [35mGET /api/v1/masters/equipment 304 - - 40.802 ms[39m
[2026-07-23 23:46:06:466] [[35mhttp[39m]: [35mGET /api/v1/survey 304 - - 33.016 ms[39m
[2026-07-23 23:46:06:466] [[35mhttp[39m]: [35mGET /api/v1/masters/connector 304 - - 23.106 ms[39m
[2026-07-23 23:46:06:466] [[35mhttp[39m]: [35mGET /api/v1/survey-sites 304 - - 21.275 ms[39m
[2026-07-23 23:46:06:466] [[35mhttp[39m]: [35mGET /api/v1/masters/charger-manufacturer 304 - - 23.401 ms[39m
[2026-07-23 23:46:06:466] [[35mhttp[39m]: [35mGET /api/v1/masters/equipment 304 - - 21.213 ms[39m
[2026-07-23 23:46:06:466] [[35mhttp[39m]: [35mGET /api/v1/survey 304 - - 17.785 ms[39m
[2026-07-23 23:46:25:4625] [[35mhttp[39m]: [35mGET /api/v1/auth/me 304 - - 6.297 ms[39m
[2026-07-23 23:46:25:4625] [[35mhttp[39m]: [35mGET /api/v1/auth/me 304 - - 3.187 ms[39m
[2026-07-23 23:46:25:4625] [[35mhttp[39m]: [35mGET /api/v1/survey/0f445b73-105a-4fd3-a8e6-58a41980a5e8 304 - - 44.425 ms[39m
[2026-07-23 23:46:25:4625] [[35mhttp[39m]: [35mGET /api/v1/survey/0f445b73-105a-4fd3-a8e6-58a41980a5e8 304 - - 57.429 ms[39m
[2026-07-23 23:46:32:4632] [[35mhttp[39m]: [35mPOST /api/v1/auth/login 200 743 - 112.968 ms[39m
[2026-07-23 23:46:34:4634] [[35mhttp[39m]: [35mGET /api/v1/survey-assignment 200 4134 - 10.264 ms[39m
[2026-07-23 23:46:34:4634] [[35mhttp[39m]: [35mGET /api/v1/survey-assignment 304 - - 13.080 ms[39m
[2026-07-23 23:46:41:4641] [[35mhttp[39m]: [35mGET /api/v1/survey-assignment 304 - - 10.046 ms[39m
[2026-07-23 23:46:41:4641] [[35mhttp[39m]: [35mGET /api/v1/survey-assignment 304 - - 9.554 ms[39m
[2026-07-23 23:46:41:4641] [[35mhttp[39m]: [35mGET /api/v1/survey/site/e711f20e-ef58-479a-8e43-2464c348668b 200 2439 - 18.844 ms[39m
[2026-07-23 23:46:41:4641] [[35mhttp[39m]: [35mGET /api/v1/survey/site/e711f20e-ef58-479a-8e43-2464c348668b 304 - - 21.385 ms[39m
[2026-07-23 23:46:44:4644] [[35mhttp[39m]: [35mPOST /api/v1/survey/step1 201 5301 - 58.638 ms[39m
[2026-07-23 23:46:44:4644] [[35mhttp[39m]: [35mGET /api/v1/survey/4e319db4-c301-4c48-bd89-db3cb827d491 200 5281 - 25.253 ms[39m
[2026-07-23 23:46:44:4644] [[35mhttp[39m]: [35mGET /api/v1/survey/4e319db4-c301-4c48-bd89-db3cb827d491 304 - - 28.660 ms[39m
[2026-07-23 23:47:51:4751] [[35mhttp[39m]: [35mGET /api/v1/survey/4e319db4-c301-4c48-bd89-db3cb827d491 304 - - 18.679 ms[39m
[2026-07-23 23:48:00:480] [[35mhttp[39m]: [35mGET /api/v1/survey/4e319db4-c301-4c48-bd89-db3cb827d491 304 - - 22.185 ms[39m
[2026-07-23 23:48:08:488] [[35mhttp[39m]: [35mGET /api/v1/survey/4e319db4-c301-4c48-bd89-db3cb827d491 304 - - 18.449 ms[39m
[2026-07-23 23:48:38:4838] [[32minfo[39m]: [32mDatabase connection established successfully.[39m
[2026-07-23 23:48:38:4838] [[32minfo[39m]: [32mServer is running in development mode on port 5000[39m
[2026-07-23 23:49:27:4927] [[35mhttp[39m]: [35mGET /api/v1/survey/4e319db4-c301-4c48-bd89-db3cb827d491 304 - - 99.462 ms[39m
[2026-07-23 23:49:27:4927] [[35mhttp[39m]: [35mGET /api/v1/masters/charger-manufacturer?activeOnly=true 304 - - 115.991 ms[39m
[2026-07-23 23:49:27:4927] [[35mhttp[39m]: [35mGET /api/v1/survey/4e319db4-c301-4c48-bd89-db3cb827d491 304 - - 24.026 ms[39m
[2026-07-23 23:49:27:4927] [[35mhttp[39m]: [35mGET /api/v1/masters/connector?activeOnly=true 304 - - 113.506 ms[39m
[2026-07-23 23:49:27:4927] [[35mhttp[39m]: [35mGET /api/v1/masters/equipment?activeOnly=true 304 - - 126.202 ms[39m
[2026-07-23 23:49:27:4927] [[35mhttp[39m]: [35mGET /api/v1/masters/connector?activeOnly=true 304 - - 8.217 ms[39m
[2026-07-23 23:49:27:4927] [[35mhttp[39m]: [35mGET /api/v1/masters/charger-manufacturer?activeOnly=true 304 - - 19.108 ms[39m
[2026-07-23 23:49:27:4927] [[35mhttp[39m]: [35mGET /api/v1/masters/equipment?activeOnly=true 304 - - 13.866 ms[39m
[2026-07-23 23:49:27:4927] [[35mhttp[39m]: [35mGET /api/v1/photos?surveyId=4e319db4-c301-4c48-bd89-db3cb827d491 304 - - 15.333 ms[39m
[2026-07-23 23:49:27:4927] [[35mhttp[39m]: [35mGET /api/v1/photos?surveyId=4e319db4-c301-4c48-bd89-db3cb827d491 304 - - 11.068 ms[39m
[2026-07-23 23:49:27:4927] [[35mhttp[39m]: [35mGET /uploads/charger%20 404 134 - 3.137 ms[39m
[2026-07-23 23:49:31:4931] [[35mhttp[39m]: [35mGET /api/v1/survey/4e319db4-c301-4c48-bd89-db3cb827d491 304 - - 51.340 ms[39m
[2026-07-23 23:49:31:4931] [[35mhttp[39m]: [35mGET /api/v1/survey/4e319db4-c301-4c48-bd89-db3cb827d491 304 - - 23.726 ms[39m
[2026-07-23 23:50:29:5029] [[35mhttp[39m]: [35mGET /api/v1/dashboard 200 4603 - 118.850 ms[39m
[2026-07-23 23:50:29:5029] [[35mhttp[39m]: [35mGET /api/v1/dashboard 304 - - 22.902 ms[39m
[2026-07-23 23:50:30:5030] [[35mhttp[39m]: [35mGET /api/v1/masters/connector 304 - - 12.122 ms[39m
[2026-07-23 23:50:30:5030] [[35mhttp[39m]: [35mGET /api/v1/survey-sites 200 2250 - 24.297 ms[39m
[2026-07-23 23:50:30:5030] [[35mhttp[39m]: [35mGET /api/v1/masters/equipment 304 - - 22.612 ms[39m
[2026-07-23 23:50:30:5030] [[35mhttp[39m]: [35mGET /api/v1/masters/connector 304 - - 16.600 ms[39m
[2026-07-23 23:50:30:5030] [[35mhttp[39m]: [35mGET /api/v1/survey 200 4027 - 44.266 ms[39m
[2026-07-23 23:50:30:5030] [[35mhttp[39m]: [35mGET /api/v1/survey-sites 304 - - 20.479 ms[39m
[2026-07-23 23:50:30:5030] [[35mhttp[39m]: [35mGET /api/v1/masters/equipment 304 - - 16.412 ms[39m
[2026-07-23 23:50:30:5030] [[35mhttp[39m]: [35mGET /api/v1/survey 304 - - 15.496 ms[39m
[2026-07-23 23:50:31:5031] [[35mhttp[39m]: [35mGET /api/v1/masters/charger-manufacturer 304 - - 60.879 ms[39m
[2026-07-23 23:50:31:5031] [[35mhttp[39m]: [35mGET /api/v1/masters/charger-manufacturer 304 - - 6.004 ms[39m
[2026-07-23 23:50:37:5037] [[35mhttp[39m]: [35mGET /api/v1/survey/site/c6fac302-fda9-4eb3-8669-5da1f906a350 200 87 - 13.995 ms[39m
[2026-07-23 23:50:37:5037] [[35mhttp[39m]: [35mPOST /api/v1/survey/step1 201 4350 - 149.966 ms[39m
[2026-07-23 23:51:11:5111] [[35mhttp[39m]: [35mGET /api/v1/users 403 190 - 5.655 ms[39m
[2026-07-23 23:51:42:5142] [[35mhttp[39m]: [35mGET /api/v1/users 403 190 - 4.512 ms[39m
[2026-07-23 23:51:42:5142] [[35mhttp[39m]: [35mGET /api/v1/users 403 190 - 4.460 ms[39m
[2026-07-23 23:51:47:5147] [[35mhttp[39m]: [35mGET /api/v1/auth/me 200 234 - 4.009 ms[39m
[2026-07-23 23:51:47:5147] [[35mhttp[39m]: [35mGET /api/v1/auth/me 304 - - 4.749 ms[39m
[2026-07-23 23:51:54:5154] [[35mhttp[39m]: [35mPOST /api/v1/auth/login 200 698 - 220.549 ms[39m
[2026-07-23 23:51:54:5154] [[35mhttp[39m]: [35mGET /api/v1/dashboard 200 6056 - 26.656 ms[39m
[2026-07-23 23:51:54:5154] [[35mhttp[39m]: [35mGET /api/v1/dashboard 304 - - 17.776 ms[39m
[2026-07-23 23:51:56:5156] [[35mhttp[39m]: [35mGET /api/v1/survey-sites 200 5288 - 14.431 ms[39m
[2026-07-23 23:51:56:5156] [[35mhttp[39m]: [35mGET /api/v1/survey 200 7934 - 24.610 ms[39m
[2026-07-23 23:51:56:5156] [[35mhttp[39m]: [35mGET /api/v1/masters/equipment 304 - - 18.804 ms[39m
[2026-07-23 23:51:56:5156] [[35mhttp[39m]: [35mGET /api/v1/survey-sites 304 - - 16.284 ms[39m
[2026-07-23 23:51:56:5156] [[35mhttp[39m]: [35mGET /api/v1/masters/connector 304 - - 31.663 ms[39m
[2026-07-23 23:51:56:5156] [[35mhttp[39m]: [35mGET /api/v1/masters/equipment 304 - - 25.265 ms[39m
[2026-07-23 23:51:56:5156] [[35mhttp[39m]: [35mGET /api/v1/masters/charger-manufacturer 304 - - 34.283 ms[39m
[2026-07-23 23:51:56:5156] [[35mhttp[39m]: [35mGET /api/v1/survey 304 - - 32.323 ms[39m
[2026-07-23 23:51:56:5156] [[35mhttp[39m]: [35mGET /api/v1/masters/connector 304 - - 6.325 ms[39m
[2026-07-23 23:51:56:5156] [[35mhttp[39m]: [35mGET /api/v1/masters/charger-manufacturer 304 - - 7.832 ms[39m
[2026-07-23 23:52:04:524] [[35mhttp[39m]: [35mGET /api/v1/survey/site/c4de392b-f68d-46c1-9565-6b2c3f58c609 200 87 - 11.929 ms[39m
[2026-07-23 23:52:04:524] [[35mhttp[39m]: [35mPOST /api/v1/survey/step1 201 3805 - 84.994 ms[39m
[2026-07-23 23:52:22:5222] [[35mhttp[39m]: [35mGET /api/v1/users 200 6280 - 11.612 ms[39m
[2026-07-23 23:52:43:5243] [[35mhttp[39m]: [35mPOST /api/v1/survey-assignment 201 1054 - 21.355 ms[39m
[2026-07-23 23:52:43:5243] [[35mhttp[39m]: [35mGET /api/v1/survey-sites 200 5289 - 12.512 ms[39m
[2026-07-23 23:52:43:5243] [[35mhttp[39m]: [35mGET /api/v1/survey 200 9860 - 29.370 ms[39m
[2026-07-23 23:52:43:5243] [[35mhttp[39m]: [35mGET /api/v1/masters/equipment 304 - - 21.641 ms[39m
[2026-07-23 23:52:43:5243] [[35mhttp[39m]: [35mGET /api/v1/masters/charger-manufacturer 304 - - 31.198 ms[39m
[2026-07-23 23:52:43:5243] [[35mhttp[39m]: [35mGET /api/v1/masters/connector 304 - - 28.095 ms[39m
[2026-07-23 23:52:52:5252] [[35mhttp[39m]: [35mGET /api/v1/users 200 7240 - 12.093 ms[39m
[2026-07-23 23:52:52:5252] [[35mhttp[39m]: [35mGET /api/v1/users 304 - - 19.130 ms[39m
[2026-07-23 23:52:55:5255] [[35mhttp[39m]: [35mGET /api/v1/survey-sites 304 - - 8.761 ms[39m
[2026-07-23 23:52:55:5255] [[35mhttp[39m]: [35mGET /api/v1/survey-sites 304 - - 5.379 ms[39m
[2026-07-23 23:53:02:532] [[35mhttp[39m]: [35mGET /api/v1/survey-sites 304 - - 18.115 ms[39m
[2026-07-23 23:53:02:532] [[35mhttp[39m]: [35mGET /api/v1/masters/charger-manufacturer 304 - - 17.001 ms[39m
[2026-07-23 23:53:02:532] [[35mhttp[39m]: [35mGET /api/v1/masters/connector 304 - - 35.987 ms[39m
[2026-07-23 23:53:02:532] [[35mhttp[39m]: [35mGET /api/v1/survey 304 - - 43.741 ms[39m
[2026-07-23 23:53:02:532] [[35mhttp[39m]: [35mGET /api/v1/survey-sites 304 - - 24.697 ms[39m
[2026-07-23 23:53:02:532] [[35mhttp[39m]: [35mGET /api/v1/masters/charger-manufacturer 304 - - 28.748 ms[39m
[2026-07-23 23:53:02:532] [[35mhttp[39m]: [35mGET /api/v1/masters/equipment 304 - - 53.036 ms[39m
[2026-07-23 23:53:02:532] [[35mhttp[39m]: [35mGET /api/v1/masters/connector 304 - - 29.774 ms[39m
[2026-07-23 23:53:02:532] [[35mhttp[39m]: [35mGET /api/v1/survey 304 - - 21.397 ms[39m
[2026-07-23 23:53:02:532] [[35mhttp[39m]: [35mGET /api/v1/masters/equipment 304 - - 19.709 ms[39m
[2026-07-23 23:53:08:538] [[35mhttp[39m]: [35mGET /api/v1/survey-sites 304 - - 5.936 ms[39m
[2026-07-23 23:53:08:538] [[35mhttp[39m]: [35mGET /api/v1/survey-sites 304 - - 8.904 ms[39m
[2026-07-23 23:53:10:5310] [[35mhttp[39m]: [35mGET /api/v1/users 304 - - 12.473 ms[39m
[2026-07-23 23:53:10:5310] [[35mhttp[39m]: [35mGET /api/v1/users 304 - - 10.613 ms[39m
[2026-07-23 23:53:12:5312] [[35mhttp[39m]: [35mGET /api/v1/survey 304 - - 19.095 ms[39m
[2026-07-23 23:53:12:5312] [[35mhttp[39m]: [35mGET /api/v1/survey 304 - - 12.423 ms[39m
[2026-07-23 23:53:24:5324] [[35mhttp[39m]: [35mPOST /api/v1/auth/login 200 743 - 192.906 ms[39m
[2026-07-23 23:53:25:5325] [[35mhttp[39m]: [35mGET /api/v1/survey-assignment 200 4140 - 11.571 ms[39m
[2026-07-23 23:53:25:5325] [[35mhttp[39m]: [35mGET /api/v1/survey-assignment 304 - - 11.229 ms[39m
[2026-07-23 23:53:43:5343] [[35mhttp[39m]: [35mGET /api/v1/auth/me 304 - - 3.078 ms[39m
[2026-07-23 23:53:43:5343] [[35mhttp[39m]: [35mGET /api/v1/auth/me 304 - - 2.687 ms[39m
[2026-07-23 23:53:43:5343] [[35mhttp[39m]: [35mGET /api/v1/survey-assignment 304 - - 12.167 ms[39m
[2026-07-23 23:53:43:5343] [[35mhttp[39m]: [35mGET /api/v1/survey-assignment 304 - - 14.039 ms[39m
[2026-07-23 23:53:56:5356] [[35mhttp[39m]: [35mGET /api/v1/survey-sites 200 2253 - 17.822 ms[39m
[2026-07-23 23:53:56:5356] [[35mhttp[39m]: [35mGET /api/v1/masters/connector 304 - - 19.206 ms[39m
[2026-07-23 23:53:56:5356] [[35mhttp[39m]: [35mGET /api/v1/masters/equipment 304 - - 26.742 ms[39m
[2026-07-23 23:53:56:5356] [[35mhttp[39m]: [35mGET /api/v1/survey 200 5993 - 36.820 ms[39m
[2026-07-23 23:53:56:5356] [[35mhttp[39m]: [35mGET /api/v1/survey-sites 304 - - 22.872 ms[39m
[2026-07-23 23:53:56:5356] [[35mhttp[39m]: [35mGET /api/v1/masters/connector 304 - - 17.891 ms[39m
[2026-07-23 23:53:56:5356] [[35mhttp[39m]: [35mGET /api/v1/masters/equipment 304 - - 16.355 ms[39m
[2026-07-23 23:53:56:5356] [[35mhttp[39m]: [35mGET /api/v1/survey 304 - - 17.901 ms[39m
[2026-07-23 23:53:56:5356] [[35mhttp[39m]: [35mGET /api/v1/masters/charger-manufacturer 304 - - 175.644 ms[39m
[2026-07-23 23:53:56:5356] [[35mhttp[39m]: [35mGET /api/v1/masters/charger-manufacturer 304 - - 5.448 ms[39m
[2026-07-23 23:53:59:5359] [[35mhttp[39m]: [35mGET /api/v1/users 403 190 - 3.218 ms[39m
[2026-07-23 23:54:13:5413] [[35mhttp[39m]: [35mGET /api/v1/users 403 190 - 3.828 ms[39m
[2026-07-23 23:54:13:5413] [[35mhttp[39m]: [35mGET /api/v1/users 403 190 - 3.558 ms[39m
[2026-07-23 23:54:20:5420] [[35mhttp[39m]: [35mPOST /api/v1/auth/login 200 698 - 179.473 ms[39m
[2026-07-23 23:54:20:5420] [[35mhttp[39m]: [35mGET /api/v1/dashboard 200 7439 - 24.095 ms[39m
[2026-07-23 23:54:20:5420] [[35mhttp[39m]: [35mGET /api/v1/dashboard 304 - - 29.335 ms[39m
[2026-07-23 23:54:21:5421] [[35mhttp[39m]: [35mGET /api/v1/survey-sites 200 5289 - 20.001 ms[39m
[2026-07-23 23:54:21:5421] [[35mhttp[39m]: [35mGET /api/v1/masters/charger-manufacturer 304 - - 25.269 ms[39m
[2026-07-23 23:54:21:5421] [[35mhttp[39m]: [35mGET /api/v1/masters/equipment 304 - - 17.456 ms[39m
[2026-07-23 23:54:21:5421] [[35mhttp[39m]: [35mGET /api/v1/masters/connector 304 - - 21.808 ms[39m
[2026-07-23 23:54:21:5421] [[35mhttp[39m]: [35mGET /api/v1/survey 200 9860 - 43.391 ms[39m
[2026-07-23 23:54:21:5421] [[35mhttp[39m]: [35mGET /api/v1/survey-sites 304 - - 20.851 ms[39m
[2026-07-23 23:54:21:5421] [[35mhttp[39m]: [35mGET /api/v1/masters/charger-manufacturer 304 - - 21.986 ms[39m
[2026-07-23 23:54:21:5421] [[35mhttp[39m]: [35mGET /api/v1/masters/connector 304 - - 21.224 ms[39m
[2026-07-23 23:54:21:5421] [[35mhttp[39m]: [35mGET /api/v1/survey 304 - - 21.734 ms[39m
[2026-07-23 23:54:21:5421] [[35mhttp[39m]: [35mGET /api/v1/masters/equipment 304 - - 27.980 ms[39m
[2026-07-23 23:54:25:5425] [[35mhttp[39m]: [35mGET /api/v1/users 200 7240 - 18.504 ms[39m
[2026-07-23 23:55:01:551] [[35mhttp[39m]: [35mGET /api/v1/users 304 - - 9.879 ms[39m
[2026-07-23 23:55:12:5512] [[35mhttp[39m]: [35mPOST /api/v1/survey-assignment 201 1056 - 27.183 ms[39m
[2026-07-23 23:55:12:5512] [[35mhttp[39m]: [35mGET /api/v1/survey 304 - - 19.145 ms[39m
[2026-07-23 23:55:12:5512] [[35mhttp[39m]: [35mGET /api/v1/masters/connector 304 - - 11.289 ms[39m
[2026-07-23 23:55:12:5512] [[35mhttp[39m]: [35mGET /api/v1/survey-sites 200 5290 - 151.393 ms[39m
[2026-07-23 23:55:12:5512] [[35mhttp[39m]: [35mGET /api/v1/masters/equipment 304 - - 197.977 ms[39m
[2026-07-23 23:55:12:5512] [[35mhttp[39m]: [35mGET /api/v1/masters/charger-manufacturer 304 - - 203.328 ms[39m
[2026-07-23 23:55:26:5526] [[35mhttp[39m]: [35mPOST /api/v1/auth/login 200 743 - 183.519 ms[39m
[2026-07-23 23:55:27:5527] [[35mhttp[39m]: [35mGET /api/v1/survey-assignment 200 5136 - 21.248 ms[39m
[2026-07-23 23:55:27:5527] [[35mhttp[39m]: [35mGET /api/v1/survey-assignment 304 - - 12.966 ms[39m
[2026-07-23 23:55:30:5530] [[35mhttp[39m]: [35mGET /api/v1/survey-assignment 304 - - 10.758 ms[39m
[2026-07-23 23:55:30:5530] [[35mhttp[39m]: [35mGET /api/v1/survey-assignment 304 - - 7.925 ms[39m
[2026-07-23 23:55:30:5530] [[35mhttp[39m]: [35mGET /api/v1/survey/site/e2d64be8-4b3e-41ff-aa54-cf1fa35580d7 200 87 - 16.137 ms[39m
[2026-07-23 23:55:30:5530] [[35mhttp[39m]: [35mGET /api/v1/survey/site/e2d64be8-4b3e-41ff-aa54-cf1fa35580d7 304 - - 12.033 ms[39m
[2026-07-23 23:56:01:561] [[35mhttp[39m]: [35mPOST /api/v1/survey/step1 201 2904 - 109.038 ms[39m
[2026-07-23 23:56:01:561] [[35mhttp[39m]: [35mGET /api/v1/survey/24257cc6-df6c-40c2-8675-bfd6c75d8924 200 2884 - 35.658 ms[39m
[2026-07-23 23:56:01:561] [[35mhttp[39m]: [35mGET /api/v1/survey/24257cc6-df6c-40c2-8675-bfd6c75d8924 304 - - 23.179 ms[39m
[2026-07-23 23:56:07:567] [[35mhttp[39m]: [35mGET /api/v1/masters/connector?activeOnly=true 304 - - 14.836 ms[39m
[2026-07-23 23:56:07:567] [[35mhttp[39m]: [35mGET /api/v1/masters/charger-manufacturer?activeOnly=true 304 - - 19.501 ms[39m
[2026-07-23 23:56:07:567] [[35mhttp[39m]: [35mGET /api/v1/masters/equipment?activeOnly=true 304 - - 19.367 ms[39m
[2026-07-23 23:56:07:567] [[35mhttp[39m]: [35mGET /api/v1/masters/connector?activeOnly=true 304 - - 10.102 ms[39m
[2026-07-23 23:56:07:567] [[35mhttp[39m]: [35mGET /api/v1/masters/charger-manufacturer?activeOnly=true 304 - - 8.135 ms[39m
[2026-07-23 23:56:07:567] [[35mhttp[39m]: [35mGET /api/v1/masters/equipment?activeOnly=true 304 - - 13.794 ms[39m
[2026-07-23 23:56:07:567] [[35mhttp[39m]: [35mGET /api/v1/survey/24257cc6-df6c-40c2-8675-bfd6c75d8924 304 - - 201.814 ms[39m
[2026-07-23 23:56:07:567] [[35mhttp[39m]: [35mGET /api/v1/photos?surveyId=24257cc6-df6c-40c2-8675-bfd6c75d8924 200 77 - 9.913 ms[39m
[2026-07-23 23:56:07:567] [[35mhttp[39m]: [35mGET /api/v1/survey/24257cc6-df6c-40c2-8675-bfd6c75d8924 304 - - 24.689 ms[39m
[2026-07-23 23:56:07:567] [[35mhttp[39m]: [35mGET /api/v1/photos?surveyId=24257cc6-df6c-40c2-8675-bfd6c75d8924 304 - - 8.038 ms[39m
[2026-07-23 23:56:09:569] [[35mhttp[39m]: [35mGET /api/v1/masters/charger-model?activeOnly=true&manufacturerId=bb6413ee-4ed1-4c5f-8154-6ee3bcea4f2a 304 - - 18.116 ms[39m
[2026-07-23 23:57:18:5718] [[31merror[39m]: [31mError compressing image: Input file contains unsupported image format[39m
[2026-07-23 23:57:18:5718] [[35mhttp[39m]: [35mPOST /api/v1/photos 201 920 - 64.057 ms[39m
[2026-07-23 23:57:18:5718] [[35mhttp[39m]: [35mGET /api/v1/photos?surveyId=24257cc6-df6c-40c2-8675-bfd6c75d8924 200 909 - 5.149 ms[39m
[2026-07-23 23:57:18:5718] [[35mhttp[39m]: [35mGET /uploads/charger__1_-_front_view/1784872638772-838894347.jpg 200 - - 5.271 ms[39m
[2026-07-23 23:57:23:5723] [[35mhttp[39m]: [35mPOST /api/v1/photos 201 919 - 123.375 ms[39m
[2026-07-23 23:57:23:5723] [[35mhttp[39m]: [35mGET /api/v1/photos?surveyId=24257cc6-df6c-40c2-8675-bfd6c75d8924 200 1741 - 7.223 ms[39m
[2026-07-23 23:57:23:5723] [[35mhttp[39m]: [35mGET /uploads/charger__1_-_left_view/1784872643574-105753368.jpg 200 21800 - 8.371 ms[39m
[2026-07-23 23:57:28:5728] [[31merror[39m]: [31mError compressing image: Input file contains unsupported image format[39m
[2026-07-23 23:57:28:5728] [[35mhttp[39m]: [35mPOST /api/v1/photos 201 918 - 24.356 ms[39m
[2026-07-23 23:57:28:5728] [[35mhttp[39m]: [35mGET /api/v1/photos?surveyId=24257cc6-df6c-40c2-8675-bfd6c75d8924 200 2572 - 5.725 ms[39m
[2026-07-23 23:57:28:5728] [[35mhttp[39m]: [35mGET /uploads/charger__1_-_right_view/1784872648384-45550355.jpg 200 - - 1.551 ms[39m
[2026-07-23 23:57:30:5730] [[35mhttp[39m]: [35mPOST /api/v1/survey/save-asset 200 1173 - 67.503 ms[39m
[2026-07-23 23:57:30:5730] [[35mhttp[39m]: [35mGET /api/v1/survey/24257cc6-df6c-40c2-8675-bfd6c75d8924 200 6141 - 30.369 ms[39m
[2026-07-23 23:57:30:5730] [[35mhttp[39m]: [35mGET /api/v1/survey/24257cc6-df6c-40c2-8675-bfd6c75d8924 304 - - 22.458 ms[39m
[2026-07-23 23:57:33:5733] [[35mhttp[39m]: [35mGET /api/v1/survey/24257cc6-df6c-40c2-8675-bfd6c75d8924 304 - - 63.722 ms[39m
[2026-07-23 23:57:34:5734] [[35mhttp[39m]: [35mGET /api/v1/survey/24257cc6-df6c-40c2-8675-bfd6c75d8924 304 - - 31.328 ms[39m
[2026-07-23 23:57:46:5746] [[35mhttp[39m]: [35mPOST /api/v1/survey/24257cc6-df6c-40c2-8675-bfd6c75d8924/submit 200 6180 - 52.525 ms[39m
[2026-07-23 23:58:00:580] [[35mhttp[39m]: [35mPOST /api/v1/auth/login 200 727 - 199.306 ms[39m
[2026-07-23 23:58:00:580] [[35mhttp[39m]: [35mGET /api/v1/dashboard 200 7435 - 30.851 ms[39m
[2026-07-23 23:58:00:580] [[35mhttp[39m]: [35mGET /api/v1/dashboard 304 - - 25.710 ms[39m
[2026-07-23 23:58:04:584] [[35mhttp[39m]: [35mGET /api/v1/masters/equipment 304 - - 12.486 ms[39m
[2026-07-23 23:58:04:584] [[35mhttp[39m]: [35mGET /api/v1/survey-sites 200 3763 - 32.477 ms[39m
[2026-07-23 23:58:04:584] [[35mhttp[39m]: [35mGET /api/v1/masters/charger-manufacturer 304 - - 31.956 ms[39m
[2026-07-23 23:58:04:584] [[35mhttp[39m]: [35mGET /api/v1/survey 200 7967 - 38.751 ms[39m
[2026-07-23 23:58:04:584] [[35mhttp[39m]: [35mGET /api/v1/masters/connector 304 - - 39.874 ms[39m
[2026-07-23 23:58:04:584] [[35mhttp[39m]: [35mGET /api/v1/masters/equipment 304 - - 18.960 ms[39m
[2026-07-23 23:58:04:584] [[35mhttp[39m]: [35mGET /api/v1/survey-sites 304 - - 16.490 ms[39m
[2026-07-23 23:58:04:584] [[35mhttp[39m]: [35mGET /api/v1/masters/connector 304 - - 11.196 ms[39m
[2026-07-23 23:58:04:584] [[35mhttp[39m]: [35mGET /api/v1/masters/charger-manufacturer 304 - - 13.751 ms[39m
[2026-07-23 23:58:04:584] [[35mhttp[39m]: [35mGET /api/v1/survey 304 - - 26.774 ms[39m
[2026-07-23 23:58:08:588] [[35mhttp[39m]: [35mGET /api/v1/photos?surveyId=24257cc6-df6c-40c2-8675-bfd6c75d8924 304 - - 9.183 ms[39m
[2026-07-23 23:58:08:588] [[35mhttp[39m]: [35mGET /api/v1/photos?surveyId=24257cc6-df6c-40c2-8675-bfd6c75d8924 304 - - 6.435 ms[39m
[2026-07-23 23:58:08:588] [[35mhttp[39m]: [35mGET /api/v1/survey/24257cc6-df6c-40c2-8675-bfd6c75d8924 200 6186 - 40.773 ms[39m
[2026-07-23 23:58:08:588] [[35mhttp[39m]: [35mGET /api/v1/users 200 7558 - 11.844 ms[39m
[2026-07-23 23:58:08:588] [[35mhttp[39m]: [35mGET /api/v1/survey/24257cc6-df6c-40c2-8675-bfd6c75d8924 304 - - 26.261 ms[39m
[2026-07-23 23:58:08:588] [[35mhttp[39m]: [35mGET /api/v1/users 304 - - 10.647 ms[39m
[2026-07-23 23:58:31:5831] [[35mhttp[39m]: [35mGET /api/v1/reports/24257cc6-df6c-40c2-8675-bfd6c75d8924/pdf?token=eyJhbGciOiJIUzI1NiIsInR5cCI6IkpXVCJ9.eyJpZCI6IjAxYTllZGFjLWU4YjUtNDFhNy04MWQ4LTZkZDExNWEyZTgzNCIsImVtYWlsIjoic3ViYWRtaW5AYmx1c21hcnQuY29tIiwicm9sZSI6IlNVQl9BRE1JTiIsImlhdCI6MTc4NDg3MjY4MCwiZXhwIjoxNzg1NDc3NDgwfQ.TVuskAXtuDL5Ud7L4DieSr2Nu1I-99kBUxl0BJ8PHY0 200 - - 166.671 ms[39m
[2026-07-24 00:01:49:149] [[35mhttp[39m]: [35mGET /api/v1/photos?surveyId=24257cc6-df6c-40c2-8675-bfd6c75d8924 304 - - 350.861 ms[39m
[2026-07-24 00:01:49:149] [[35mhttp[39m]: [35mGET /api/v1/survey/24257cc6-df6c-40c2-8675-bfd6c75d8924 304 - - 358.881 ms[39m
[2026-07-24 00:01:49:149] [[35mhttp[39m]: [35mGET /api/v1/users 304 - - 16.585 ms[39m
[2026-07-24 00:02:06:26] [[35mhttp[39m]: [35mGET /api/v1/photos?surveyId=24257cc6-df6c-40c2-8675-bfd6c75d8924 304 - - 11.740 ms[39m
[2026-07-24 00:02:06:26] [[35mhttp[39m]: [35mGET /api/v1/survey/24257cc6-df6c-40c2-8675-bfd6c75d8924 304 - - 65.167 ms[39m
[2026-07-24 00:02:06:26] [[35mhttp[39m]: [35mGET /api/v1/users 304 - - 7.353 ms[39m
[2026-07-24 00:02:18:218] [[35mhttp[39m]: [35mGET /api/v1/photos?surveyId=24257cc6-df6c-40c2-8675-bfd6c75d8924 304 - - 8.524 ms[39m
[2026-07-24 00:02:18:218] [[35mhttp[39m]: [35mGET /api/v1/survey/24257cc6-df6c-40c2-8675-bfd6c75d8924 304 - - 30.020 ms[39m
[2026-07-24 00:02:18:218] [[35mhttp[39m]: [35mGET /api/v1/users 304 - - 12.241 ms[39m
[2026-07-24 00:03:44:344] [[32minfo[39m]: [32mDatabase connection established successfully.[39m
[2026-07-24 00:03:44:344] [[32minfo[39m]: [32mServer is running in development mode on port 5000[39m
[2026-07-24 00:05:01:51] [[35mhttp[39m]: [35mGET /api/v1/users 304 - - 51.754 ms[39m
[2026-07-24 00:05:01:51] [[35mhttp[39m]: [35mGET /api/v1/users 304 - - 23.847 ms[39m
[2026-07-24 00:05:03:53] [[35mhttp[39m]: [35mGET /api/v1/survey-sites 304 - - 16.208 ms[39m
[2026-07-24 00:05:03:53] [[35mhttp[39m]: [35mGET /api/v1/survey-sites 304 - - 13.761 ms[39m
[2026-07-24 00:05:05:55] [[35mhttp[39m]: [35mGET /api/v1/users 304 - - 13.448 ms[39m
[2026-07-24 00:05:05:55] [[35mhttp[39m]: [35mGET /api/v1/users 304 - - 12.496 ms[39m
[2026-07-24 00:05:06:56] [[35mhttp[39m]: [35mGET /api/v1/survey-sites 304 - - 10.596 ms[39m
[2026-07-24 00:05:06:56] [[35mhttp[39m]: [35mGET /api/v1/survey-sites 304 - - 10.668 ms[39m
[2026-07-24 00:05:14:514] [[35mhttp[39m]: [35mGET /api/v1/survey 304 - - 25.614 ms[39m
[2026-07-24 00:05:14:514] [[35mhttp[39m]: [35mGET /api/v1/survey 304 - - 17.460 ms[39m
[2026-07-24 00:05:19:519] [[35mhttp[39m]: [35mGET /api/v1/users 304 - - 11.057 ms[39m
[2026-07-24 00:05:19:519] [[35mhttp[39m]: [35mGET /api/v1/users 304 - - 10.506 ms[39m
[2026-07-24 00:05:21:521] [[35mhttp[39m]: [35mGET /api/v1/survey 304 - - 17.482 ms[39m
[2026-07-24 00:05:21:521] [[35mhttp[39m]: [35mGET /api/v1/survey 304 - - 15.878 ms[39m
[2026-07-24 00:05:34:534] [[35mhttp[39m]: [35mGET /api/v1/survey-sites 304 - - 12.751 ms[39m
[2026-07-24 00:05:34:534] [[35mhttp[39m]: [35mGET /api/v1/survey-sites 304 - - 10.758 ms[39m
[2026-07-24 00:05:41:541] [[35mhttp[39m]: [35mGET /api/v1/survey 304 - - 19.030 ms[39m
[2026-07-24 00:05:41:541] [[35mhttp[39m]: [35mGET /api/v1/survey 304 - - 16.028 ms[39m
[2026-07-24 00:05:44:544] [[35mhttp[39m]: [35mGET /api/v1/survey/24257cc6-df6c-40c2-8675-bfd6c75d8924 304 - - 75.957 ms[39m
[2026-07-24 00:05:44:544] [[35mhttp[39m]: [35mGET /api/v1/survey/24257cc6-df6c-40c2-8675-bfd6c75d8924 304 - - 61.817 ms[39m
[2026-07-24 00:05:49:549] [[35mhttp[39m]: [35mGET /api/v1/survey 304 - - 21.957 ms[39m
[2026-07-24 00:05:49:549] [[35mhttp[39m]: [35mGET /api/v1/survey 304 - - 17.600 ms[39m
[2026-07-24 00:05:51:551] [[35mhttp[39m]: [35mGET /api/v1/reports/24257cc6-df6c-40c2-8675-bfd6c75d8924/excel?token=eyJhbGciOiJIUzI1NiIsInR5cCI6IkpXVCJ9.eyJpZCI6IjAxYTllZGFjLWU4YjUtNDFhNy04MWQ4LTZkZDExNWEyZTgzNCIsImVtYWlsIjoic3ViYWRtaW5AYmx1c21hcnQuY29tIiwicm9sZSI6IlNVQl9BRE1JTiIsImlhdCI6MTc4NDg3MjY4MCwiZXhwIjoxNzg1NDc3NDgwfQ.TVuskAXtuDL5Ud7L4DieSr2Nu1I-99kBUxl0BJ8PHY0 200 - - 245.607 ms[39m
[2026-07-24 12:28:50:2850] [[32minfo[39m]: [32mDatabase connection established successfully.[39m
[2026-07-24 12:28:50:2850] [[32minfo[39m]: [32mServer is running in development mode on port 8015[39m
[2026-07-24 12:29:00:290] [[35mhttp[39m]: [35mGET / 404 98 - 4.220 ms[39m
[2026-07-24 12:29:09:299] [[32minfo[39m]: [32mReceived shutdown signal. Closing server...[39m
[2026-07-24 12:29:09:299] [[32minfo[39m]: [32mReceived shutdown signal. Closing server...[39m
[2026-07-24 12:29:09:299] [[32minfo[39m]: [32mReceived shutdown signal. Closing server...[39m
[2026-07-24 12:32:31:3231] [[32minfo[39m]: [32mHTTP server closed.[39m
[2026-07-24 12:32:31:3231] [[32minfo[39m]: [32mHTTP server closed.[39m
[2026-07-24 12:32:31:3231] [[32minfo[39m]: [32mHTTP server closed.[39m
[2026-07-24 12:32:31:3231] [[32minfo[39m]: [32mDatabase connection closed.[39m
[2026-07-24 12:32:53:3253] [[32minfo[39m]: [32mDatabase connection established successfully.[39m
[2026-07-24 12:32:53:3253] [[32minfo[39m]: [32mServer is running in development mode on port 8015[39m
[2026-07-24 12:33:07:337] [[35mhttp[39m]: [35mGET / 404 98 - 2.197 ms[39m
[2026-07-24 12:34:57:3457] [[35mhttp[39m]: [35mGET / 404 98 - 0.408 ms[39m
[2026-07-24 12:36:05:365] [[35mhttp[39m]: [35mPOST /api/v1/auth/login 200 698 - 105.869 ms[39m
[2026-07-24 12:36:05:365] [[35mhttp[39m]: [35mGET /api/v1/dashboard 200 7435 - 43.706 ms[39m
[2026-07-24 12:36:05:365] [[35mhttp[39m]: [35mGET /api/v1/dashboard 304 - - 9.562 ms[39m
[2026-07-24 12:36:14:3614] [[35mhttp[39m]: [35mGET / 404 98 - 0.449 ms[39m
[2026-07-24 12:36:18:3618] [[35mhttp[39m]: [35mGET /dashboard 404 116 - 0.269 ms[39m
[2026-07-24 12:36:23:3623] [[35mhttp[39m]: [35mGET / 404 98 - 0.397 ms[39m
[2026-07-24 12:36:40:3640] [[35mhttp[39m]: [35mGET /api/v1/users 200 8215 - 11.526 ms[39m
[2026-07-24 12:36:40:3640] [[35mhttp[39m]: [35mGET /api/v1/users 304 - - 7.866 ms[39m
[2026-07-24 12:36:43:3643] [[35mhttp[39m]: [35mGET /api/v1/survey-sites 200 5293 - 6.047 ms[39m
[2026-07-24 12:36:43:3643] [[35mhttp[39m]: [35mGET /api/v1/survey-sites 304 - - 4.602 ms[39m
[2026-07-24 12:36:55:3655] [[35mhttp[39m]: [35mGET /api/v1/survey 200 11834 - 8.495 ms[39m
[2026-07-24 12:36:55:3655] [[35mhttp[39m]: [35mGET /api/v1/survey 304 - - 7.056 ms[39m
[2026-07-24 12:36:56:3656] [[35mhttp[39m]: [35mGET /api/v1/survey-sites 304 - - 4.077 ms[39m
[2026-07-24 12:36:56:3656] [[35mhttp[39m]: [35mGET /api/v1/survey-sites 304 - - 4.260 ms[39m
[2026-07-24 12:37:03:373] [[35mhttp[39m]: [35mGET /api/v1/dashboard 304 - - 10.789 ms[39m
[2026-07-24 12:37:03:373] [[35mhttp[39m]: [35mGET /api/v1/dashboard 304 - - 9.590 ms[39m
[2026-07-24 12:37:09:379] [[35mhttp[39m]: [35mGET /api/v1/survey-sites 304 - - 5.219 ms[39m
[2026-07-24 12:37:09:379] [[35mhttp[39m]: [35mGET /api/v1/survey-sites 304 - - 4.963 ms[39m
[2026-07-24 12:37:11:3711] [[35mhttp[39m]: [35mGET /api/v1/survey-sites 304 - - 7.401 ms[39m
[2026-07-24 12:37:11:3711] [[35mhttp[39m]: [35mGET /api/v1/users 304 - - 8.054 ms[39m
[2026-07-24 12:37:11:3711] [[35mhttp[39m]: [35mGET /api/v1/survey-sites 304 - - 9.230 ms[39m
[2026-07-24 12:37:11:3711] [[35mhttp[39m]: [35mGET /api/v1/users 304 - - 8.451 ms[39m
[2026-07-24 12:45:36:4536] [[35mhttp[39m]: [35mPOST /api/v1/auth/login 200 698 - 105.673 ms[39m
[2026-07-24 12:45:37:4537] [[35mhttp[39m]: [35mGET /api/v1/dashboard 200 7435 - 41.916 ms[39m
[2026-07-24 12:45:37:4537] [[35mhttp[39m]: [35mGET /api/v1/dashboard 304 - - 9.916 ms[39m
[2026-07-24 12:46:17:4617] [[35mhttp[39m]: [35mPOST /api/v1/auth/login 200 743 - 78.988 ms[39m
[2026-07-24 12:46:23:4623] [[35mhttp[39m]: [35mGET /api/v1/survey-assignment 200 5142 - 6.800 ms[39m
[2026-07-24 12:46:23:4623] [[35mhttp[39m]: [35mGET /api/v1/survey-assignment 304 - - 4.977 ms[39m
[2026-07-24 12:46:26:4626] [[35mhttp[39m]: [35mGET /api/v1/survey-assignment 304 - - 5.209 ms[39m
[2026-07-24 12:46:26:4626] [[35mhttp[39m]: [35mGET /api/v1/survey-assignment 304 - - 4.327 ms[39m
[2026-07-24 12:46:26:4626] [[35mhttp[39m]: [35mGET /api/v1/survey/site/e2d64be8-4b3e-41ff-aa54-cf1fa35580d7 200 3213 - 12.165 ms[39m
[2026-07-24 12:46:26:4626] [[35mhttp[39m]: [35mGET /api/v1/survey/site/e2d64be8-4b3e-41ff-aa54-cf1fa35580d7 304 - - 6.763 ms[39m
[2026-07-24 12:52:48:5248] [[35mhttp[39m]: [35mGET / 404 98 - 0.832 ms[39m
[2026-07-24 12:52:48:5248] [[35mhttp[39m]: [35mGET /favicon.ico 404 120 - 0.283 ms[39m
[2026-07-24 13:05:17:517] [[35mhttp[39m]: [35mGET /api/v1/auth/me 200 234 - 23.445 ms[39m
[2026-07-24 13:05:17:517] [[35mhttp[39m]: [35mGET /api/v1/auth/me 304 - - 4.360 ms[39m
[2026-07-24 13:05:18:518] [[35mhttp[39m]: [35mGET /api/v1/survey-assignment 304 - - 6.506 ms[39m
[2026-07-24 13:05:18:518] [[35mhttp[39m]: [35mGET /api/v1/survey-assignment 304 - - 5.079 ms[39m
[2026-07-24 13:05:18:518] [[35mhttp[39m]: [35mGET /api/v1/survey/site/e2d64be8-4b3e-41ff-aa54-cf1fa35580d7 304 - - 10.599 ms[39m
[2026-07-24 13:05:18:518] [[35mhttp[39m]: [35mGET /api/v1/survey/site/e2d64be8-4b3e-41ff-aa54-cf1fa35580d7 304 - - 8.609 ms[39m
[2026-07-24 13:10:15:1015] [[35mhttp[39m]: [35mGET / 404 98 - 0.660 ms[39m
[2026-07-24 13:10:21:1021] [[35mhttp[39m]: [35mGET / 404 98 - 0.233 ms[39m
[2026-07-24 13:10:21:1021] [[35mhttp[39m]: [35mPOST /sdk 404 104 - 0.221 ms[39m
[2026-07-24 13:10:21:1021] [[35mhttp[39m]: [35mGET /nmaplowercheck1784878820 404 146 - 0.153 ms[39m
[2026-07-24 13:10:22:1022] [[35mhttp[39m]: [35mGET /HNAP1 404 108 - 0.229 ms[39m
[2026-07-24 13:10:22:1022] [[35mhttp[39m]: [35mGET /evox/about 404 118 - 0.270 ms[39m
[2026-07-24 13:10:36:1036] [[35mhttp[39m]: [35mGET / 404 98 - 0.314 ms[39m
[2026-07-24 13:10:37:1037] [[35mhttp[39m]: [35mGET / 404 98 - 0.406 ms[39m
[2026-07-24 13:10:51:1051] [[32minfo[39m]: [32mReceived shutdown signal. Closing server...[39m
[2026-07-24 13:10:51:1051] [[32minfo[39m]: [32mHTTP server closed.[39m
[2026-07-24 13:10:51:1051] [[32minfo[39m]: [32mDatabase connection closed.[39m
[2026-07-24 13:11:18:1118] [[32minfo[39m]: [32mDatabase connection established successfully.[39m
[2026-07-24 13:11:18:1118] [[32minfo[39m]: [32mServer is running in development mode on port 8015[39m
[2026-07-24 13:11:25:1125] [[32minfo[39m]: [32mReceived shutdown signal. Closing server...[39m
[2026-07-24 13:11:25:1125] [[32minfo[39m]: [32mHTTP server closed.[39m
[2026-07-24 13:11:25:1125] [[32minfo[39m]: [32mDatabase connection closed.[39m
[2026-07-24 13:17:38:1738] [[32minfo[39m]: [32mDatabase connection established successfully.[39m
[2026-07-24 13:17:38:1738] [[32minfo[39m]: [32mServer is running in development mode on port 8015[39m
[2026-07-24 13:18:32:1832] [[35mhttp[39m]: [35mGET /api/v1/auth/me 304 - - 10.884 ms[39m
[2026-07-24 13:18:32:1832] [[35mhttp[39m]: [35mGET /api/v1/auth/me 304 - - 3.352 ms[39m
[2026-07-24 13:18:32:1832] [[35mhttp[39m]: [35mGET /api/v1/survey-assignment 304 - - 8.935 ms[39m
[2026-07-24 13:18:32:1832] [[35mhttp[39m]: [35mGET /api/v1/survey-assignment 304 - - 6.363 ms[39m
[2026-07-24 13:18:32:1832] [[35mhttp[39m]: [35mGET /api/v1/survey/site/e2d64be8-4b3e-41ff-aa54-cf1fa35580d7 304 - - 13.664 ms[39m
[2026-07-24 13:18:32:1832] [[35mhttp[39m]: [35mGET /api/v1/survey/site/e2d64be8-4b3e-41ff-aa54-cf1fa35580d7 304 - - 8.500 ms[39m
[2026-07-24 13:18:37:1837] [[35mhttp[39m]: [35mGET /api/v1/auth/me 304 - - 2.421 ms[39m
[2026-07-24 13:18:37:1837] [[35mhttp[39m]: [35mGET /api/v1/auth/me 304 - - 2.238 ms[39m
[2026-07-24 13:18:37:1837] [[35mhttp[39m]: [35mGET /api/v1/survey-assignment 304 - - 4.527 ms[39m
[2026-07-24 13:18:37:1837] [[35mhttp[39m]: [35mGET /api/v1/survey-assignment 304 - - 4.436 ms[39m
[2026-07-24 13:18:37:1837] [[35mhttp[39m]: [35mGET /api/v1/survey/site/e2d64be8-4b3e-41ff-aa54-cf1fa35580d7 304 - - 7.711 ms[39m
[2026-07-24 13:18:37:1837] [[35mhttp[39m]: [35mGET /api/v1/survey/site/e2d64be8-4b3e-41ff-aa54-cf1fa35580d7 304 - - 8.316 ms[39m
[2026-07-24 13:18:41:1841] [[35mhttp[39m]: [35mPOST /api/v1/auth/login 200 743 - 90.962 ms[39m
[2026-07-24 13:18:54:1854] [[35mhttp[39m]: [35mPOST /api/v1/auth/login 200 698 - 80.197 ms[39m
[2026-07-24 13:18:54:1854] [[35mhttp[39m]: [35mGET /api/v1/dashboard 304 - - 38.513 ms[39m
[2026-07-24 13:18:54:1854] [[35mhttp[39m]: [35mGET /api/v1/dashboard 304 - - 11.645 ms[39m
[2026-07-24 13:19:04:194] [[35mhttp[39m]: [35mPOST /api/v1/auth/login 200 698 - 80.584 ms[39m
[2026-07-24 13:19:05:195] [[35mhttp[39m]: [35mGET /api/v1/dashboard 304 - - 10.548 ms[39m
[2026-07-24 13:19:05:195] [[35mhttp[39m]: [35mGET /api/v1/dashboard 304 - - 10.418 ms[39m
[2026-07-24 13:20:32:2032] [[35mhttp[39m]: [35mGET /api/v1/auth/me 200 219 - 3.256 ms[39m
[2026-07-24 13:20:32:2032] [[35mhttp[39m]: [35mGET /api/v1/auth/me 304 - - 2.605 ms[39m
[2026-07-24 13:20:33:2033] [[35mhttp[39m]: [35mGET /api/v1/dashboard 304 - - 8.092 ms[39m
[2026-07-24 13:20:33:2033] [[35mhttp[39m]: [35mGET /api/v1/dashboard 304 - - 14.592 ms[39m
[2026-07-24 13:20:40:2040] [[35mhttp[39m]: [35mGET /api/v1/users 200 8215 - 7.392 ms[39m
[2026-07-24 13:20:40:2040] [[35mhttp[39m]: [35mGET /api/v1/users 304 - - 5.579 ms[39m
[2026-07-24 13:20:57:2057] [[35mhttp[39m]: [35mPOST /api/v1/auth/login 200 743 - 79.868 ms[39m
[2026-07-24 13:21:00:210] [[35mhttp[39m]: [35mGET /api/v1/survey-assignment 304 - - 5.699 ms[39m
[2026-07-24 13:21:01:211] [[35mhttp[39m]: [35mGET /api/v1/survey-assignment 304 - - 5.006 ms[39m
[2026-07-24 13:21:05:215] [[35mhttp[39m]: [35mGET /api/v1/survey 200 7967 - 7.440 ms[39m
[2026-07-24 13:21:05:215] [[35mhttp[39m]: [35mGET /api/v1/survey 304 - - 6.113 ms[39m
[2026-07-24 13:21:09:219] [[35mhttp[39m]: [35mGET /api/v1/survey-assignment 304 - - 4.461 ms[39m
[2026-07-24 13:21:09:219] [[35mhttp[39m]: [35mGET /api/v1/survey-assignment 304 - - 4.331 ms[39m
[2026-07-24 13:21:11:2111] [[35mhttp[39m]: [35mGET /api/v1/survey-assignment 304 - - 5.143 ms[39m
[2026-07-24 13:21:11:2111] [[35mhttp[39m]: [35mGET /api/v1/survey-assignment 304 - - 4.727 ms[39m
[2026-07-24 13:21:11:2111] [[35mhttp[39m]: [35mGET /api/v1/survey/site/e2d64be8-4b3e-41ff-aa54-cf1fa35580d7 304 - - 10.181 ms[39m
[2026-07-24 13:21:11:2111] [[35mhttp[39m]: [35mGET /api/v1/survey/site/e2d64be8-4b3e-41ff-aa54-cf1fa35580d7 304 - - 7.922 ms[39m
[2026-07-24 13:21:15:2115] [[35mhttp[39m]: [35mGET /api/v1/survey-assignment 304 - - 5.077 ms[39m
[2026-07-24 13:21:15:2115] [[35mhttp[39m]: [35mGET /api/v1/survey-assignment 304 - - 4.358 ms[39m
[2026-07-24 13:21:17:2117] [[35mhttp[39m]: [35mGET /api/v1/survey-assignment 304 - - 6.650 ms[39m
[2026-07-24 13:21:17:2117] [[35mhttp[39m]: [35mGET /api/v1/survey-assignment 304 - - 4.692 ms[39m
[2026-07-24 13:21:17:2117] [[35mhttp[39m]: [35mGET /api/v1/survey/site/e2d64be8-4b3e-41ff-aa54-cf1fa35580d7 304 - - 8.319 ms[39m
[2026-07-24 13:21:17:2117] [[35mhttp[39m]: [35mGET /api/v1/survey/site/e2d64be8-4b3e-41ff-aa54-cf1fa35580d7 304 - - 7.715 ms[39m
[2026-07-24 13:21:19:2119] [[35mhttp[39m]: [35mPOST /api/v1/survey/step1 201 6206 - 35.740 ms[39m
[2026-07-24 13:21:19:2119] [[35mhttp[39m]: [35mGET /api/v1/survey/24257cc6-df6c-40c2-8675-bfd6c75d8924 200 6186 - 8.094 ms[39m
[2026-07-24 13:21:20:2120] [[35mhttp[39m]: [35mGET /api/v1/survey/24257cc6-df6c-40c2-8675-bfd6c75d8924 304 - - 10.249 ms[39m
[2026-07-24 13:21:24:2124] [[35mhttp[39m]: [35mGET /api/v1/survey/24257cc6-df6c-40c2-8675-bfd6c75d8924 304 - - 10.240 ms[39m
[2026-07-24 13:21:24:2124] [[35mhttp[39m]: [35mGET /api/v1/survey/24257cc6-df6c-40c2-8675-bfd6c75d8924 304 - - 10.608 ms[39m
[2026-07-24 13:21:33:2133] [[35mhttp[39m]: [35mGET /api/v1/survey/24257cc6-df6c-40c2-8675-bfd6c75d8924 304 - - 10.498 ms[39m
[2026-07-24 13:21:34:2134] [[35mhttp[39m]: [35mGET /api/v1/survey/24257cc6-df6c-40c2-8675-bfd6c75d8924 304 - - 9.079 ms[39m
[2026-07-24 13:21:36:2136] [[35mhttp[39m]: [35mGET /api/v1/survey/24257cc6-df6c-40c2-8675-bfd6c75d8924 304 - - 9.460 ms[39m
[2026-07-24 13:21:36:2136] [[35mhttp[39m]: [35mGET /api/v1/survey/24257cc6-df6c-40c2-8675-bfd6c75d8924 304 - - 8.430 ms[39m
[2026-07-24 13:21:43:2143] [[35mhttp[39m]: [35mGET /api/v1/survey/24257cc6-df6c-40c2-8675-bfd6c75d8924 304 - - 7.948 ms[39m
[2026-07-24 13:21:43:2143] [[35mhttp[39m]: [35mGET /api/v1/survey/24257cc6-df6c-40c2-8675-bfd6c75d8924 304 - - 9.325 ms[39m
[2026-07-24 13:21:47:2147] [[35mhttp[39m]: [35mGET /api/v1/survey/24257cc6-df6c-40c2-8675-bfd6c75d8924 304 - - 8.350 ms[39m
[2026-07-24 13:21:47:2147] [[35mhttp[39m]: [35mGET /api/v1/survey/24257cc6-df6c-40c2-8675-bfd6c75d8924 304 - - 8.218 ms[39m
[2026-07-24 13:21:49:2149] [[35mhttp[39m]: [35mGET /api/v1/survey/24257cc6-df6c-40c2-8675-bfd6c75d8924 304 - - 9.151 ms[39m
[2026-07-24 13:21:49:2149] [[35mhttp[39m]: [35mGET /api/v1/survey/24257cc6-df6c-40c2-8675-bfd6c75d8924 304 - - 8.527 ms[39m
[2026-07-24 13:21:55:2155] [[35mhttp[39m]: [35mGET /api/v1/survey/24257cc6-df6c-40c2-8675-bfd6c75d8924 304 - - 10.147 ms[39m
[2026-07-24 13:22:59:2259] [[35mhttp[39m]: [35mGET / 404 98 - 0.732 ms[39m
[2026-07-24 13:23:07:237] [[35mhttp[39m]: [35mGET /api/v1/auth/me 200 219 - 6.047 ms[39m
[2026-07-24 13:23:07:237] [[35mhttp[39m]: [35mGET /api/v1/auth/me 304 - - 3.166 ms[39m
[2026-07-24 13:23:07:237] [[35mhttp[39m]: [35mGET /api/v1/survey-sites 200 5293 - 4.632 ms[39m
[2026-07-24 13:23:07:237] [[35mhttp[39m]: [35mGET /api/v1/users 200 8215 - 5.099 ms[39m
[2026-07-24 13:23:07:237] [[35mhttp[39m]: [35mGET /api/v1/survey-sites 304 - - 6.290 ms[39m
[2026-07-24 13:23:07:237] [[35mhttp[39m]: [35mGET /api/v1/users 304 - - 8.364 ms[39m
[2026-07-24 13:25:38:2538] [[35mhttp[39m]: [35mGET /api/v1/auth/me 200 234 - 17.287 ms[39m
[2026-07-24 13:25:38:2538] [[35mhttp[39m]: [35mGET /api/v1/auth/me 304 - - 2.674 ms[39m
[2026-07-24 13:25:38:2538] [[35mhttp[39m]: [35mGET /api/v1/survey/24257cc6-df6c-40c2-8675-bfd6c75d8924 304 - - 14.667 ms[39m
[2026-07-24 13:25:38:2538] [[35mhttp[39m]: [35mGET /api/v1/survey/24257cc6-df6c-40c2-8675-bfd6c75d8924 304 - - 11.739 ms[39m
[2026-07-24 13:32:10:3210] [[35mhttp[39m]: [35mGET /api/v1/auth/me 304 - - 17.356 ms[39m
[2026-07-24 13:32:10:3210] [[35mhttp[39m]: [35mGET /api/v1/auth/me 304 - - 2.399 ms[39m
[2026-07-24 13:32:10:3210] [[35mhttp[39m]: [35mGET /api/v1/survey/24257cc6-df6c-40c2-8675-bfd6c75d8924 304 - - 12.973 ms[39m
[2026-07-24 13:32:10:3210] [[35mhttp[39m]: [35mGET /api/v1/survey/24257cc6-df6c-40c2-8675-bfd6c75d8924 304 - - 8.165 ms[39m
[2026-07-24 13:35:01:351] [[35mhttp[39m]: [35mGET /api/v1/auth/me 304 - - 5.263 ms[39m
[2026-07-24 13:35:01:351] [[35mhttp[39m]: [35mGET /api/v1/auth/me 304 - - 2.647 ms[39m
[2026-07-24 13:35:01:351] [[35mhttp[39m]: [35mGET /api/v1/survey/24257cc6-df6c-40c2-8675-bfd6c75d8924 304 - - 10.187 ms[39m
[2026-07-24 13:35:01:351] [[35mhttp[39m]: [35mGET /api/v1/survey/24257cc6-df6c-40c2-8675-bfd6c75d8924 304 - - 9.207 ms[39m
[2026-07-24 13:41:13:4113] [[35mhttp[39m]: [35mGET /api/v1/auth/me 304 - - 14.411 ms[39m
[2026-07-24 13:41:13:4113] [[35mhttp[39m]: [35mGET /api/v1/auth/me 304 - - 2.924 ms[39m
[2026-07-24 13:41:13:4113] [[35mhttp[39m]: [35mGET /api/v1/survey/24257cc6-df6c-40c2-8675-bfd6c75d8924 304 - - 11.822 ms[39m
[2026-07-24 13:41:13:4113] [[35mhttp[39m]: [35mGET /api/v1/survey/24257cc6-df6c-40c2-8675-bfd6c75d8924 304 - - 9.118 ms[39m
[2026-07-24 13:41:17:4117] [[35mhttp[39m]: [35mGET /api/v1/auth/me 304 - - 5.469 ms[39m
[2026-07-24 13:41:17:4117] [[35mhttp[39m]: [35mGET /api/v1/auth/me 304 - - 3.156 ms[39m
[2026-07-24 13:41:17:4117] [[35mhttp[39m]: [35mGET /api/v1/survey/24257cc6-df6c-40c2-8675-bfd6c75d8924 304 - - 13.312 ms[39m
[2026-07-24 13:41:17:4117] [[35mhttp[39m]: [35mGET /api/v1/survey/24257cc6-df6c-40c2-8675-bfd6c75d8924 304 - - 12.165 ms[39m
[2026-07-24 13:41:19:4119] [[35mhttp[39m]: [35mGET /api/v1/auth/me 304 - - 3.493 ms[39m
[2026-07-24 13:41:19:4119] [[35mhttp[39m]: [35mGET /api/v1/auth/me 304 - - 2.851 ms[39m
[2026-07-24 13:41:19:4119] [[35mhttp[39m]: [35mGET /api/v1/survey/24257cc6-df6c-40c2-8675-bfd6c75d8924 304 - - 9.246 ms[39m
[2026-07-24 13:41:20:4120] [[35mhttp[39m]: [35mGET /api/v1/survey/24257cc6-df6c-40c2-8675-bfd6c75d8924 304 - - 13.308 ms[39m
[2026-07-24 13:41:22:4122] [[35mhttp[39m]: [35mGET /api/v1/auth/me 304 - - 3.435 ms[39m
[2026-07-24 13:41:22:4122] [[35mhttp[39m]: [35mGET /api/v1/auth/me 304 - - 3.147 ms[39m
[2026-07-24 13:41:22:4122] [[35mhttp[39m]: [35mGET /api/v1/survey/24257cc6-df6c-40c2-8675-bfd6c75d8924 304 - - 8.124 ms[39m
[2026-07-24 13:41:23:4123] [[35mhttp[39m]: [35mGET /api/v1/survey/24257cc6-df6c-40c2-8675-bfd6c75d8924 304 - - 9.080 ms[39m
[2026-07-24 13:41:27:4127] [[35mhttp[39m]: [35mGET /api/v1/auth/me 304 - - 3.110 ms[39m
[2026-07-24 13:41:27:4127] [[35mhttp[39m]: [35mGET /api/v1/auth/me 304 - - 2.623 ms[39m
[2026-07-24 13:41:27:4127] [[35mhttp[39m]: [35mGET /api/v1/survey/24257cc6-df6c-40c2-8675-bfd6c75d8924 304 - - 9.735 ms[39m
[2026-07-24 13:41:27:4127] [[35mhttp[39m]: [35mGET /api/v1/survey/24257cc6-df6c-40c2-8675-bfd6c75d8924 304 - - 7.696 ms[39m
[2026-07-24 13:41:30:4130] [[35mhttp[39m]: [35mGET /api/v1/auth/me 304 - - 3.083 ms[39m
[2026-07-24 13:41:30:4130] [[35mhttp[39m]: [35mGET /api/v1/auth/me 304 - - 2.308 ms[39m
[2026-07-24 13:41:30:4130] [[35mhttp[39m]: [35mGET /api/v1/survey/24257cc6-df6c-40c2-8675-bfd6c75d8924 304 - - 9.608 ms[39m
[2026-07-24 13:41:30:4130] [[35mhttp[39m]: [35mGET /api/v1/survey/24257cc6-df6c-40c2-8675-bfd6c75d8924 304 - - 8.345 ms[39m
[2026-07-24 13:41:33:4133] [[35mhttp[39m]: [35mGET /api/v1/auth/me 304 - - 2.858 ms[39m
[2026-07-24 13:41:33:4133] [[35mhttp[39m]: [35mGET /api/v1/auth/me 304 - - 2.945 ms[39m
[2026-07-24 13:41:33:4133] [[35mhttp[39m]: [35mGET /api/v1/survey/24257cc6-df6c-40c2-8675-bfd6c75d8924 304 - - 8.536 ms[39m
[2026-07-24 13:41:33:4133] [[35mhttp[39m]: [35mGET /api/v1/survey/24257cc6-df6c-40c2-8675-bfd6c75d8924 304 - - 10.505 ms[39m
[2026-07-24 13:41:35:4135] [[35mhttp[39m]: [35mGET /api/v1/auth/me 304 - - 2.551 ms[39m
[2026-07-24 13:41:35:4135] [[35mhttp[39m]: [35mGET /api/v1/auth/me 304 - - 3.148 ms[39m
[2026-07-24 13:41:35:4135] [[35mhttp[39m]: [35mGET /api/v1/survey/24257cc6-df6c-40c2-8675-bfd6c75d8924 304 - - 10.408 ms[39m
[2026-07-24 13:41:35:4135] [[35mhttp[39m]: [35mGET /api/v1/survey/24257cc6-df6c-40c2-8675-bfd6c75d8924 304 - - 11.248 ms[39m
[2026-07-24 13:47:10:4710] [[35mhttp[39m]: [35mGET /api/v1/auth/me 304 - - 15.633 ms[39m
[2026-07-24 13:47:10:4710] [[35mhttp[39m]: [35mGET /api/v1/auth/me 304 - - 2.549 ms[39m
[2026-07-24 13:47:11:4711] [[35mhttp[39m]: [35mGET /api/v1/survey/24257cc6-df6c-40c2-8675-bfd6c75d8924 304 - - 14.545 ms[39m
[2026-07-24 13:47:11:4711] [[35mhttp[39m]: [35mGET /api/v1/survey/24257cc6-df6c-40c2-8675-bfd6c75d8924 304 - - 12.972 ms[39m
[2026-07-24 13:47:12:4712] [[35mhttp[39m]: [35mGET /api/v1/survey-assignment 200 5142 - 6.057 ms[39m
[2026-07-24 13:47:12:4712] [[35mhttp[39m]: [35mGET /api/v1/survey-assignment 304 - - 4.713 ms[39m
[2026-07-24 13:47:16:4716] [[35mhttp[39m]: [35mGET /api/v1/survey/24257cc6-df6c-40c2-8675-bfd6c75d8924 304 - - 8.255 ms[39m
[2026-07-24 13:47:16:4716] [[35mhttp[39m]: [35mGET /api/v1/survey/24257cc6-df6c-40c2-8675-bfd6c75d8924 304 - - 11.863 ms[39m
[2026-07-24 13:47:17:4717] [[35mhttp[39m]: [35mGET /api/v1/survey 200 7967 - 6.610 ms[39m
[2026-07-24 13:47:17:4717] [[35mhttp[39m]: [35mGET /api/v1/survey 304 - - 5.175 ms[39m
[2026-07-24 13:47:20:4720] [[35mhttp[39m]: [35mGET /api/v1/survey/24257cc6-df6c-40c2-8675-bfd6c75d8924 304 - - 9.149 ms[39m
[2026-07-24 13:47:20:4720] [[35mhttp[39m]: [35mGET /api/v1/survey/24257cc6-df6c-40c2-8675-bfd6c75d8924 304 - - 11.658 ms[39m
[2026-07-24 13:47:24:4724] [[35mhttp[39m]: [35mGET /api/v1/survey/24257cc6-df6c-40c2-8675-bfd6c75d8924 304 - - 7.480 ms[39m
[2026-07-24 13:47:25:4725] [[35mhttp[39m]: [35mGET /api/v1/survey/24257cc6-df6c-40c2-8675-bfd6c75d8924 304 - - 6.806 ms[39m
[2026-07-24 13:47:25:4725] [[35mhttp[39m]: [35mGET /api/v1/survey/24257cc6-df6c-40c2-8675-bfd6c75d8924 304 - - 8.902 ms[39m
[2026-07-24 13:47:25:4725] [[35mhttp[39m]: [35mGET /api/v1/survey/24257cc6-df6c-40c2-8675-bfd6c75d8924 304 - - 7.830 ms[39m
[2026-07-24 13:47:27:4727] [[35mhttp[39m]: [35mGET /api/v1/survey/24257cc6-df6c-40c2-8675-bfd6c75d8924 304 - - 11.398 ms[39m
[2026-07-24 13:47:27:4727] [[35mhttp[39m]: [35mGET /api/v1/survey/24257cc6-df6c-40c2-8675-bfd6c75d8924 304 - - 9.257 ms[39m
[2026-07-24 15:19:10:1910] [[35mhttp[39m]: [35mGET /api/v1/auth/me 304 - - 17.083 ms[39m
[2026-07-24 15:19:10:1910] [[35mhttp[39m]: [35mGET /api/v1/auth/me 304 - - 3.214 ms[39m
[2026-07-24 15:19:10:1910] [[35mhttp[39m]: [35mGET /api/v1/survey/24257cc6-df6c-40c2-8675-bfd6c75d8924 304 - - 14.028 ms[39m
[2026-07-24 15:19:10:1910] [[35mhttp[39m]: [35mGET /api/v1/survey/24257cc6-df6c-40c2-8675-bfd6c75d8924 304 - - 12.696 ms[39m
[2026-07-24 15:19:16:1916] [[35mhttp[39m]: [35mGET /api/v1/auth/me 304 - - 3.180 ms[39m
[2026-07-24 15:19:16:1916] [[35mhttp[39m]: [35mGET /api/v1/auth/me 304 - - 2.403 ms[39m
[2026-07-24 15:19:17:1917] [[35mhttp[39m]: [35mGET /api/v1/survey/24257cc6-df6c-40c2-8675-bfd6c75d8924 304 - - 8.742 ms[39m
[2026-07-24 15:19:17:1917] [[35mhttp[39m]: [35mGET /api/v1/survey/24257cc6-df6c-40c2-8675-bfd6c75d8924 304 - - 9.572 ms[39m
[2026-07-24 15:19:20:1920] [[35mhttp[39m]: [35mGET /api/v1/auth/me 304 - - 2.707 ms[39m
[2026-07-24 15:19:20:1920] [[35mhttp[39m]: [35mGET /api/v1/auth/me 304 - - 2.348 ms[39m
[2026-07-24 15:19:21:1921] [[35mhttp[39m]: [35mGET /api/v1/survey/24257cc6-df6c-40c2-8675-bfd6c75d8924 304 - - 7.998 ms[39m
[2026-07-24 15:19:21:1921] [[35mhttp[39m]: [35mGET /api/v1/survey/24257cc6-df6c-40c2-8675-bfd6c75d8924 304 - - 8.487 ms[39m
[2026-07-24 15:19:23:1923] [[35mhttp[39m]: [35mGET /api/v1/auth/me 304 - - 3.010 ms[39m
[2026-07-24 15:19:23:1923] [[35mhttp[39m]: [35mGET /api/v1/auth/me 304 - - 2.114 ms[39m
[2026-07-24 15:19:23:1923] [[35mhttp[39m]: [35mGET /api/v1/survey/24257cc6-df6c-40c2-8675-bfd6c75d8924 304 - - 9.528 ms[39m
[2026-07-24 15:19:23:1923] [[35mhttp[39m]: [35mGET /api/v1/survey/24257cc6-df6c-40c2-8675-bfd6c75d8924 304 - - 9.466 ms[39m
[2026-07-24 15:19:42:1942] [[35mhttp[39m]: [35mGET /api/v1/auth/me 304 - - 3.113 ms[39m
[2026-07-24 15:19:42:1942] [[35mhttp[39m]: [35mGET /api/v1/auth/me 304 - - 3.100 ms[39m
[2026-07-24 15:19:42:1942] [[35mhttp[39m]: [35mGET /api/v1/survey/24257cc6-df6c-40c2-8675-bfd6c75d8924 304 - - 10.879 ms[39m
[2026-07-24 15:19:42:1942] [[35mhttp[39m]: [35mGET /api/v1/survey/24257cc6-df6c-40c2-8675-bfd6c75d8924 304 - - 9.878 ms[39m
[2026-07-24 15:20:24:2024] [[35mhttp[39m]: [35mGET /api/v1/auth/me 304 - - 3.096 ms[39m
[2026-07-24 15:20:24:2024] [[35mhttp[39m]: [35mGET /api/v1/auth/me 304 - - 2.389 ms[39m
[2026-07-24 15:20:24:2024] [[35mhttp[39m]: [35mGET /api/v1/survey/24257cc6-df6c-40c2-8675-bfd6c75d8924 304 - - 8.827 ms[39m
[2026-07-24 15:20:24:2024] [[35mhttp[39m]: [35mGET /api/v1/survey/24257cc6-df6c-40c2-8675-bfd6c75d8924 304 - - 9.097 ms[39m
[2026-07-24 15:20:32:2032] [[35mhttp[39m]: [35mGET /api/v1/auth/me 304 - - 2.307 ms[39m
[2026-07-24 15:20:32:2032] [[35mhttp[39m]: [35mGET /api/v1/auth/me 304 - - 2.771 ms[39m
[2026-07-24 15:20:32:2032] [[35mhttp[39m]: [35mGET /api/v1/survey/24257cc6-df6c-40c2-8675-bfd6c75d8924 304 - - 9.800 ms[39m
[2026-07-24 15:20:32:2032] [[35mhttp[39m]: [35mGET /api/v1/survey/24257cc6-df6c-40c2-8675-bfd6c75d8924 304 - - 8.684 ms[39m
[2026-07-24 15:20:50:2050] [[35mhttp[39m]: [35mGET /api/v1/auth/me 304 - - 2.841 ms[39m
[2026-07-24 15:20:50:2050] [[35mhttp[39m]: [35mGET /api/v1/auth/me 304 - - 2.950 ms[39m
[2026-07-24 15:20:50:2050] [[35mhttp[39m]: [35mGET /api/v1/survey/24257cc6-df6c-40c2-8675-bfd6c75d8924 304 - - 8.838 ms[39m
[2026-07-24 15:20:50:2050] [[35mhttp[39m]: [35mGET /api/v1/survey/24257cc6-df6c-40c2-8675-bfd6c75d8924 304 - - 8.689 ms[39m
[2026-07-24 15:20:52:2052] [[35mhttp[39m]: [35mGET /api/v1/auth/me 304 - - 2.425 ms[39m
[2026-07-24 15:20:52:2052] [[35mhttp[39m]: [35mGET /api/v1/auth/me 304 - - 2.825 ms[39m
[2026-07-24 15:20:52:2052] [[35mhttp[39m]: [35mGET /api/v1/survey/24257cc6-df6c-40c2-8675-bfd6c75d8924 304 - - 9.073 ms[39m
[2026-07-24 15:20:52:2052] [[35mhttp[39m]: [35mGET /api/v1/survey/24257cc6-df6c-40c2-8675-bfd6c75d8924 304 - - 8.561 ms[39m
[2026-07-24 15:20:54:2054] [[35mhttp[39m]: [35mGET /api/v1/auth/me 304 - - 2.820 ms[39m
[2026-07-24 15:20:54:2054] [[35mhttp[39m]: [35mGET /api/v1/auth/me 304 - - 1.986 ms[39m
[2026-07-24 15:20:54:2054] [[35mhttp[39m]: [35mGET /api/v1/survey/24257cc6-df6c-40c2-8675-bfd6c75d8924 304 - - 8.569 ms[39m
[2026-07-24 15:20:54:2054] [[35mhttp[39m]: [35mGET /api/v1/survey/24257cc6-df6c-40c2-8675-bfd6c75d8924 304 - - 7.783 ms[39m
[2026-07-24 15:20:58:2058] [[35mhttp[39m]: [35mGET /api/v1/survey/24257cc6-df6c-40c2-8675-bfd6c75d8924 304 - - 7.526 ms[39m
[2026-07-24 15:25:54:2554] [[35mhttp[39m]: [35mGET /api/v1/auth/me 304 - - 17.126 ms[39m
[2026-07-24 15:25:54:2554] [[35mhttp[39m]: [35mGET /api/v1/auth/me 304 - - 2.555 ms[39m
[2026-07-24 15:25:54:2554] [[35mhttp[39m]: [35mGET /api/v1/survey/24257cc6-df6c-40c2-8675-bfd6c75d8924 304 - - 10.684 ms[39m
[2026-07-24 15:25:54:2554] [[35mhttp[39m]: [35mGET /api/v1/survey/24257cc6-df6c-40c2-8675-bfd6c75d8924 304 - - 7.591 ms[39m
[2026-07-24 15:27:15:2715] [[35mhttp[39m]: [35mPOST /api/v1/auth/login 400 104 - 78.569 ms[39m
[2026-07-24 15:27:24:2724] [[35mhttp[39m]: [35mPOST /api/v1/auth/login 200 743 - 94.950 ms[39m
[2026-07-24 15:27:32:2732] [[35mhttp[39m]: [35mGET /api/v1/survey-assignment 200 5142 - 7.605 ms[39m
[2026-07-24 15:27:32:2732] [[35mhttp[39m]: [35mGET /api/v1/survey-assignment 304 - - 5.362 ms[39m
[2026-07-24 15:27:46:2746] [[35mhttp[39m]: [35mGET /api/v1/survey-assignment 304 - - 5.568 ms[39m
[2026-07-24 15:27:46:2746] [[35mhttp[39m]: [35mGET /api/v1/survey-assignment 304 - - 5.339 ms[39m
[2026-07-24 15:27:46:2746] [[35mhttp[39m]: [35mGET /api/v1/survey/site/db4bc8bf-70c4-43d7-a117-547a52535995 200 2464 - 7.881 ms[39m
[2026-07-24 15:27:46:2746] [[35mhttp[39m]: [35mGET /api/v1/survey/site/db4bc8bf-70c4-43d7-a117-547a52535995 304 - - 5.994 ms[39m
[2026-07-24 15:30:47:3047] [[35mhttp[39m]: [35mPOST /api/v1/survey/step1 201 31347 - 68.909 ms[39m
[2026-07-24 15:30:48:3048] [[35mhttp[39m]: [35mGET /api/v1/survey/0f445b73-105a-4fd3-a8e6-58a41980a5e8 200 31327 - 10.764 ms[39m
[2026-07-24 15:30:48:3048] [[35mhttp[39m]: [35mGET /api/v1/survey/0f445b73-105a-4fd3-a8e6-58a41980a5e8 304 - - 9.615 ms[39m
[2026-07-24 15:31:03:313] [[35mhttp[39m]: [35mGET /api/v1/masters/connector?activeOnly=true 200 950 - 16.488 ms[39m
[2026-07-24 15:31:03:313] [[35mhttp[39m]: [35mGET /api/v1/masters/charger-manufacturer?activeOnly=true 200 2252 - 5.975 ms[39m
[2026-07-24 15:31:03:313] [[35mhttp[39m]: [35mGET /api/v1/masters/equipment?activeOnly=true 200 20484 - 6.345 ms[39m
[2026-07-24 15:31:03:313] [[35mhttp[39m]: [35mGET /api/v1/survey/0f445b73-105a-4fd3-a8e6-58a41980a5e8 304 - - 12.887 ms[39m
[2026-07-24 15:31:03:313] [[35mhttp[39m]: [35mGET /api/v1/masters/connector?activeOnly=true 304 - - 4.921 ms[39m
[2026-07-24 15:31:03:313] [[35mhttp[39m]: [35mGET /api/v1/masters/charger-manufacturer?activeOnly=true 304 - - 5.784 ms[39m
[2026-07-24 15:31:03:313] [[35mhttp[39m]: [35mGET /api/v1/masters/equipment?activeOnly=true 304 - - 4.822 ms[39m
[2026-07-24 15:31:03:313] [[35mhttp[39m]: [35mGET /api/v1/photos?surveyId=0f445b73-105a-4fd3-a8e6-58a41980a5e8 200 2467 - 4.514 ms[39m
[2026-07-24 15:31:03:313] [[35mhttp[39m]: [35mGET /api/v1/survey/0f445b73-105a-4fd3-a8e6-58a41980a5e8 304 - - 8.820 ms[39m
[2026-07-24 15:31:04:314] [[35mhttp[39m]: [35mGET /api/v1/photos?surveyId=0f445b73-105a-4fd3-a8e6-58a41980a5e8 304 - - 3.933 ms[39m
[2026-07-24 15:31:19:3119] [[35mhttp[39m]: [35mGET /api/v1/masters/charger-model?activeOnly=true&manufacturerId=bb6413ee-4ed1-4c5f-8154-6ee3bcea4f2a 200 978 - 5.385 ms[39m
[2026-07-24 15:34:27:3427] [[32minfo[39m]: [32mReceived shutdown signal. Closing server...[39m
[2026-07-24 15:34:27:3427] [[32minfo[39m]: [32mHTTP server closed.[39m
[2026-07-24 15:34:27:3427] [[32minfo[39m]: [32mReceived shutdown signal. Closing server...[39m
[2026-07-24 15:34:27:3427] [[32minfo[39m]: [32mHTTP server closed.[39m
[2026-07-24 15:34:27:3427] [[32minfo[39m]: [32mDatabase connection closed.[39m
[2026-07-24 15:34:28:3428] [[32minfo[39m]: [32mDatabase connection established successfully.[39m
[2026-07-24 15:34:28:3428] [[32minfo[39m]: [32mServer is running in development mode on port 8015[39m
[2026-07-24 15:34:37:3437] [[35mhttp[39m]: [35mGET /api/v1/auth/me 304 - - 12.953 ms[39m
[2026-07-24 15:34:37:3437] [[35mhttp[39m]: [35mGET /api/v1/auth/me 304 - - 2.813 ms[39m
[2026-07-24 15:34:37:3437] [[35mhttp[39m]: [35mGET /api/v1/survey/24257cc6-df6c-40c2-8675-bfd6c75d8924 304 - - 14.974 ms[39m
[2026-07-24 15:34:37:3437] [[35mhttp[39m]: [35mGET /api/v1/survey/24257cc6-df6c-40c2-8675-bfd6c75d8924 304 - - 9.437 ms[39m
[2026-07-24 15:34:42:3442] [[35mhttp[39m]: [35mGET /api/v1/masters/connector?activeOnly=true 200 950 - 6.188 ms[39m
[2026-07-24 15:34:42:3442] [[35mhttp[39m]: [35mGET /api/v1/masters/charger-manufacturer?activeOnly=true 200 2252 - 7.071 ms[39m
[2026-07-24 15:34:42:3442] [[35mhttp[39m]: [35mGET /api/v1/survey/24257cc6-df6c-40c2-8675-bfd6c75d8924 304 - - 19.013 ms[39m
[2026-07-24 15:34:42:3442] [[35mhttp[39m]: [35mGET /api/v1/masters/connector?activeOnly=true 304 - - 5.308 ms[39m
[2026-07-24 15:34:42:3442] [[35mhttp[39m]: [35mGET /api/v1/masters/equipment?activeOnly=true 200 20484 - 18.677 ms[39m
[2026-07-24 15:34:42:3442] [[35mhttp[39m]: [35mGET /api/v1/masters/charger-manufacturer?activeOnly=true 304 - - 5.491 ms[39m
[2026-07-24 15:34:42:3442] [[35mhttp[39m]: [35mGET /api/v1/masters/equipment?activeOnly=true 304 - - 5.953 ms[39m
[2026-07-24 15:34:42:3442] [[35mhttp[39m]: [35mGET /api/v1/survey/24257cc6-df6c-40c2-8675-bfd6c75d8924 304 - - 13.136 ms[39m
[2026-07-24 15:34:42:3442] [[35mhttp[39m]: [35mGET /api/v1/masters/charger-model?activeOnly=true&manufacturerId=bb6413ee-4ed1-4c5f-8154-6ee3bcea4f2a 200 978 - 5.435 ms[39m
[2026-07-24 15:34:42:3442] [[35mhttp[39m]: [35mGET /api/v1/masters/charger-model?activeOnly=true&manufacturerId=bb6413ee-4ed1-4c5f-8154-6ee3bcea4f2a 304 - - 4.320 ms[39m
[2026-07-24 15:34:42:3442] [[35mhttp[39m]: [35mGET /api/v1/photos?surveyId=24257cc6-df6c-40c2-8675-bfd6c75d8924 200 2572 - 4.593 ms[39m
[2026-07-24 15:34:42:3442] [[35mhttp[39m]: [35mGET /api/v1/photos?surveyId=24257cc6-df6c-40c2-8675-bfd6c75d8924 304 - - 4.109 ms[39m
[2026-07-24 15:34:42:3442] [[35mhttp[39m]: [35mGET /uploads/charger__1_-_front_view/1784872638772-838894347.jpg 200 - - 2.068 ms[39m
[2026-07-24 15:34:42:3442] [[35mhttp[39m]: [35mGET /uploads/charger__1_-_right_view/1784872648384-45550355.jpg 200 - - 1.107 ms[39m
[2026-07-24 15:34:42:3442] [[35mhttp[39m]: [35mGET /uploads/charger__1_-_left_view/1784872643574-105753368.jpg 200 21800 - 1.692 ms[39m
[2026-07-24 15:34:46:3446] [[35mhttp[39m]: [35mGET /api/v1/survey/24257cc6-df6c-40c2-8675-bfd6c75d8924 304 - - 10.122 ms[39m
[2026-07-24 15:34:46:3446] [[35mhttp[39m]: [35mGET /api/v1/survey/24257cc6-df6c-40c2-8675-bfd6c75d8924 304 - - 9.182 ms[39m
[2026-07-24 15:34:47:3447] [[35mhttp[39m]: [35mGET /api/v1/auth/me 304 - - 2.360 ms[39m
[2026-07-24 15:34:47:3447] [[35mhttp[39m]: [35mGET /api/v1/survey/24257cc6-df6c-40c2-8675-bfd6c75d8924 304 - - 9.908 ms[39m
[2026-07-24 15:34:47:3447] [[35mhttp[39m]: [35mGET /api/v1/survey/24257cc6-df6c-40c2-8675-bfd6c75d8924 304 - - 7.751 ms[39m
[2026-07-24 15:34:47:3447] [[35mhttp[39m]: [35mGET /api/v1/auth/me 304 - - 2.639 ms[39m
[2026-07-24 15:34:48:3448] [[35mhttp[39m]: [35mGET / 404 98 - 0.377 ms[39m
[2026-07-24 15:34:50:3450] [[35mhttp[39m]: [35mGET /api/v1/auth/me 304 - - 2.582 ms[39m
[2026-07-24 15:34:50:3450] [[35mhttp[39m]: [35mGET /api/v1/auth/me 304 - - 2.840 ms[39m
[2026-07-24 15:34:50:3450] [[35mhttp[39m]: [35mGET /api/v1/survey/24257cc6-df6c-40c2-8675-bfd6c75d8924 304 - - 8.705 ms[39m
[2026-07-24 15:34:50:3450] [[35mhttp[39m]: [35mGET /api/v1/survey/24257cc6-df6c-40c2-8675-bfd6c75d8924 304 - - 9.277 ms[39m
[2026-07-24 15:34:51:3451] [[35mhttp[39m]: [35mGET /api/v1/auth/me 304 - - 2.326 ms[39m
[2026-07-24 15:34:51:3451] [[35mhttp[39m]: [35mGET /api/v1/auth/me 304 - - 2.134 ms[39m
[2026-07-24 15:34:51:3451] [[35mhttp[39m]: [35mGET /api/v1/survey/24257cc6-df6c-40c2-8675-bfd6c75d8924 304 - - 8.431 ms[39m
[2026-07-24 15:34:51:3451] [[35mhttp[39m]: [35mGET /api/v1/survey/24257cc6-df6c-40c2-8675-bfd6c75d8924 304 - - 8.688 ms[39m
[2026-07-24 15:34:53:3453] [[35mhttp[39m]: [35mGET /api/v1/auth/me 304 - - 2.372 ms[39m
[2026-07-24 15:34:53:3453] [[35mhttp[39m]: [35mGET /api/v1/auth/me 304 - - 2.112 ms[39m
[2026-07-24 15:34:53:3453] [[35mhttp[39m]: [35mGET /api/v1/survey/24257cc6-df6c-40c2-8675-bfd6c75d8924 304 - - 7.579 ms[39m
[2026-07-24 15:34:53:3453] [[35mhttp[39m]: [35mGET /api/v1/survey/24257cc6-df6c-40c2-8675-bfd6c75d8924 304 - - 6.957 ms[39m
[2026-07-24 15:34:54:3454] [[35mhttp[39m]: [35mGET /api/v1/auth/me 304 - - 3.396 ms[39m
[2026-07-24 15:34:54:3454] [[35mhttp[39m]: [35mGET /api/v1/auth/me 304 - - 2.207 ms[39m
[2026-07-24 15:34:54:3454] [[35mhttp[39m]: [35mGET /api/v1/survey-assignment 200 5144 - 5.687 ms[39m
[2026-07-24 15:34:54:3454] [[35mhttp[39m]: [35mGET /api/v1/survey-assignment 304 - - 5.074 ms[39m
[2026-07-24 15:34:54:3454] [[35mhttp[39m]: [35mGET /api/v1/survey/site/e2d64be8-4b3e-41ff-aa54-cf1fa35580d7 200 3213 - 7.341 ms[39m
[2026-07-24 15:34:54:3454] [[35mhttp[39m]: [35mGET /api/v1/survey/site/e2d64be8-4b3e-41ff-aa54-cf1fa35580d7 304 - - 8.905 ms[39m
[2026-07-24 15:35:00:350] [[35mhttp[39m]: [35mGET /api/v1/auth/me 304 - - 2.507 ms[39m
[2026-07-24 15:35:00:350] [[35mhttp[39m]: [35mGET /api/v1/auth/me 304 - - 2.280 ms[39m
[2026-07-24 15:35:00:350] [[35mhttp[39m]: [35mGET /api/v1/survey-assignment 304 - - 4.422 ms[39m
[2026-07-24 15:35:00:350] [[35mhttp[39m]: [35mGET /api/v1/survey-assignment 304 - - 5.727 ms[39m
[2026-07-24 15:35:00:350] [[35mhttp[39m]: [35mGET /api/v1/survey/site/e2d64be8-4b3e-41ff-aa54-cf1fa35580d7 304 - - 9.042 ms[39m
[2026-07-24 15:35:00:350] [[35mhttp[39m]: [35mGET /api/v1/survey/site/e2d64be8-4b3e-41ff-aa54-cf1fa35580d7 304 - - 7.960 ms[39m
[2026-07-24 15:35:03:353] [[35mhttp[39m]: [35mGET /api/v1/auth/me 304 - - 2.933 ms[39m
[2026-07-24 15:35:03:353] [[35mhttp[39m]: [35mGET /api/v1/auth/me 304 - - 2.712 ms[39m
[2026-07-24 15:35:03:353] [[35mhttp[39m]: [35mGET /api/v1/survey-assignment 304 - - 5.210 ms[39m
[2026-07-24 15:35:03:353] [[35mhttp[39m]: [35mGET /api/v1/survey-assignment 304 - - 6.317 ms[39m
[2026-07-24 15:35:03:353] [[35mhttp[39m]: [35mGET /api/v1/survey/site/e2d64be8-4b3e-41ff-aa54-cf1fa35580d7 304 - - 10.756 ms[39m
[2026-07-24 15:35:03:353] [[35mhttp[39m]: [35mGET /api/v1/survey/site/e2d64be8-4b3e-41ff-aa54-cf1fa35580d7 304 - - 7.767 ms[39m
[2026-07-24 15:36:01:361] [[35mhttp[39m]: [35mPOST /api/v1/auth/login 200 743 - 96.629 ms[39m
[2026-07-24 15:36:05:365] [[35mhttp[39m]: [35mGET /api/v1/survey-assignment 200 5144 - 6.411 ms[39m
[2026-07-24 15:36:05:365] [[35mhttp[39m]: [35mGET /api/v1/survey-assignment 200 5144 - 5.285 ms[39m
[2026-07-24 15:36:07:367] [[35mhttp[39m]: [35mGET /api/v1/survey-assignment 304 - - 4.409 ms[39m
[2026-07-24 15:36:07:367] [[35mhttp[39m]: [35mGET /api/v1/survey-assignment 304 - - 4.487 ms[39m
[2026-07-24 15:36:07:367] [[35mhttp[39m]: [35mGET /api/v1/survey/site/e2d64be8-4b3e-41ff-aa54-cf1fa35580d7 200 3213 - 11.004 ms[39m
[2026-07-24 15:36:07:367] [[35mhttp[39m]: [35mGET /api/v1/survey/site/e2d64be8-4b3e-41ff-aa54-cf1fa35580d7 200 3213 - 8.450 ms[39m
[2026-07-24 15:36:24:3624] [[35mhttp[39m]: [35mGET /api/v1/auth/me 200 234 - 4.754 ms[39m
[2026-07-24 15:36:24:3624] [[35mhttp[39m]: [35mGET /api/v1/auth/me 200 234 - 3.604 ms[39m
[2026-07-24 15:36:24:3624] [[35mhttp[39m]: [35mGET /api/v1/survey-assignment 304 - - 4.896 ms[39m
[2026-07-24 15:36:24:3624] [[35mhttp[39m]: [35mGET /api/v1/survey-assignment 304 - - 4.615 ms[39m
[2026-07-24 15:36:24:3624] [[35mhttp[39m]: [35mGET /api/v1/survey/site/e2d64be8-4b3e-41ff-aa54-cf1fa35580d7 304 - - 7.179 ms[39m
[2026-07-24 15:36:24:3624] [[35mhttp[39m]: [35mGET /api/v1/survey/site/e2d64be8-4b3e-41ff-aa54-cf1fa35580d7 200 3213 - 8.171 ms[39m
[2026-07-24 15:36:35:3635] [[35mhttp[39m]: [35mGET /api/v1/survey/0f445b73-105a-4fd3-a8e6-58a41980a5e8 304 - - 8.922 ms[39m
[2026-07-24 15:36:35:3635] [[35mhttp[39m]: [35mGET /api/v1/survey/0f445b73-105a-4fd3-a8e6-58a41980a5e8 304 - - 8.860 ms[39m
[2026-07-24 15:36:47:3647] [[35mhttp[39m]: [35mGET /api/v1/masters/equipment?activeOnly=true 304 - - 8.555 ms[39m
[2026-07-24 15:36:47:3647] [[35mhttp[39m]: [35mGET /api/v1/survey/0f445b73-105a-4fd3-a8e6-58a41980a5e8 304 - - 13.376 ms[39m
[2026-07-24 15:36:47:3647] [[35mhttp[39m]: [35mGET /api/v1/masters/equipment?activeOnly=true 304 - - 5.134 ms[39m
[2026-07-24 15:36:47:3647] [[35mhttp[39m]: [35mGET /api/v1/survey/0f445b73-105a-4fd3-a8e6-58a41980a5e8 304 - - 7.491 ms[39m
[2026-07-24 15:36:47:3647] [[35mhttp[39m]: [35mGET /api/v1/photos?surveyId=0f445b73-105a-4fd3-a8e6-58a41980a5e8 304 - - 4.075 ms[39m
[2026-07-24 15:36:47:3647] [[35mhttp[39m]: [35mGET /api/v1/photos?surveyId=0f445b73-105a-4fd3-a8e6-58a41980a5e8 304 - - 4.455 ms[39m
[2026-07-24 15:37:40:3740] [[35mhttp[39m]: [35mGET /api/v1/survey/0f445b73-105a-4fd3-a8e6-58a41980a5e8 304 - - 9.773 ms[39m
[2026-07-24 15:37:40:3740] [[35mhttp[39m]: [35mGET /api/v1/survey/0f445b73-105a-4fd3-a8e6-58a41980a5e8 304 - - 9.323 ms[39m
[2026-07-24 15:37:44:3744] [[35mhttp[39m]: [35mGET /api/v1/survey/0f445b73-105a-4fd3-a8e6-58a41980a5e8 304 - - 8.839 ms[39m
[2026-07-24 15:37:44:3744] [[35mhttp[39m]: [35mGET /api/v1/masters/charger-manufacturer?activeOnly=true 304 - - 3.946 ms[39m
[2026-07-24 15:37:44:3744] [[35mhttp[39m]: [35mGET /api/v1/survey/0f445b73-105a-4fd3-a8e6-58a41980a5e8 304 - - 9.622 ms[39m
[2026-07-24 15:37:44:3744] [[35mhttp[39m]: [35mGET /api/v1/masters/connector?activeOnly=true 304 - - 3.807 ms[39m
[2026-07-24 15:37:44:3744] [[35mhttp[39m]: [35mGET /api/v1/masters/equipment?activeOnly=true 304 - - 3.727 ms[39m
[2026-07-24 15:37:44:3744] [[35mhttp[39m]: [35mGET /api/v1/masters/charger-manufacturer?activeOnly=true 304 - - 3.043 ms[39m
[2026-07-24 15:37:44:3744] [[35mhttp[39m]: [35mGET /api/v1/masters/connector?activeOnly=true 304 - - 4.459 ms[39m
[2026-07-24 15:37:44:3744] [[35mhttp[39m]: [35mGET /api/v1/masters/equipment?activeOnly=true 304 - - 4.074 ms[39m
[2026-07-24 15:37:44:3744] [[35mhttp[39m]: [35mGET /api/v1/photos?surveyId=0f445b73-105a-4fd3-a8e6-58a41980a5e8 304 - - 4.832 ms[39m
[2026-07-24 15:37:44:3744] [[35mhttp[39m]: [35mGET /api/v1/photos?surveyId=0f445b73-105a-4fd3-a8e6-58a41980a5e8 304 - - 3.939 ms[39m
[2026-07-24 15:39:48:3948] [[35mhttp[39m]: [35mGET /api/v1/survey/0f445b73-105a-4fd3-a8e6-58a41980a5e8 304 - - 26.086 ms[39m
[2026-07-24 15:39:48:3948] [[35mhttp[39m]: [35mGET /api/v1/survey/0f445b73-105a-4fd3-a8e6-58a41980a5e8 304 - - 9.051 ms[39m
[2026-07-24 15:40:00:400] [[35mhttp[39m]: [35mGET /api/v1/masters/equipment?activeOnly=true 304 - - 7.876 ms[39m
[2026-07-24 15:40:00:400] [[35mhttp[39m]: [35mGET /api/v1/survey/0f445b73-105a-4fd3-a8e6-58a41980a5e8 304 - - 27.037 ms[39m
[2026-07-24 15:40:00:400] [[35mhttp[39m]: [35mGET /api/v1/masters/equipment?activeOnly=true 304 - - 5.561 ms[39m
[2026-07-24 15:40:00:400] [[35mhttp[39m]: [35mGET /api/v1/survey/0f445b73-105a-4fd3-a8e6-58a41980a5e8 304 - - 8.793 ms[39m
[2026-07-24 15:40:00:400] [[35mhttp[39m]: [35mGET /api/v1/photos?surveyId=0f445b73-105a-4fd3-a8e6-58a41980a5e8 304 - - 4.801 ms[39m
[2026-07-24 15:40:00:400] [[35mhttp[39m]: [35mGET /api/v1/photos?surveyId=0f445b73-105a-4fd3-a8e6-58a41980a5e8 304 - - 3.952 ms[39m
[2026-07-24 15:41:22:4122] [[35mhttp[39m]: [35mGET /api/v1/auth/me 304 - - 3.709 ms[39m
[2026-07-24 15:41:22:4122] [[35mhttp[39m]: [35mGET /api/v1/auth/me 304 - - 3.963 ms[39m
[2026-07-24 15:41:22:4122] [[35mhttp[39m]: [35mGET /api/v1/survey-assignment 304 - - 5.896 ms[39m
[2026-07-24 15:41:22:4122] [[35mhttp[39m]: [35mGET /api/v1/survey-assignment 304 - - 5.759 ms[39m
[2026-07-24 15:41:22:4122] [[35mhttp[39m]: [35mGET /api/v1/survey/site/e2d64be8-4b3e-41ff-aa54-cf1fa35580d7 304 - - 7.749 ms[39m
[2026-07-24 15:41:22:4122] [[35mhttp[39m]: [35mGET /api/v1/survey/site/e2d64be8-4b3e-41ff-aa54-cf1fa35580d7 304 - - 6.760 ms[39m
[2026-07-24 15:41:28:4128] [[35mhttp[39m]: [35mGET /api/v1/auth/me 304 - - 4.517 ms[39m
[2026-07-24 15:41:28:4128] [[35mhttp[39m]: [35mGET /api/v1/auth/me 304 - - 2.536 ms[39m
[2026-07-24 15:41:28:4128] [[35mhttp[39m]: [35mGET /api/v1/survey-assignment 304 - - 4.524 ms[39m
[2026-07-24 15:41:28:4128] [[35mhttp[39m]: [35mGET /api/v1/survey-assignment 304 - - 7.149 ms[39m
[2026-07-24 15:41:28:4128] [[35mhttp[39m]: [35mGET /api/v1/survey/site/e2d64be8-4b3e-41ff-aa54-cf1fa35580d7 304 - - 7.533 ms[39m
[2026-07-24 15:41:28:4128] [[35mhttp[39m]: [35mGET /api/v1/survey/site/e2d64be8-4b3e-41ff-aa54-cf1fa35580d7 304 - - 7.453 ms[39m
[2026-07-24 15:47:36:4736] [[35mhttp[39m]: [35mPOST /api/v1/auth/login 200 743 - 94.490 ms[39m
[2026-07-24 15:47:42:4742] [[35mhttp[39m]: [35mGET /api/v1/survey-assignment 200 5144 - 6.965 ms[39m
[2026-07-24 15:47:42:4742] [[35mhttp[39m]: [35mGET /api/v1/survey-assignment 304 - - 4.782 ms[39m
[2026-07-24 15:47:50:4750] [[35mhttp[39m]: [35mGET /api/v1/survey-assignment 304 - - 4.494 ms[39m
[2026-07-24 15:47:50:4750] [[35mhttp[39m]: [35mGET /api/v1/survey-assignment 304 - - 4.289 ms[39m
[2026-07-24 15:47:50:4750] [[35mhttp[39m]: [35mGET /api/v1/survey/site/1ad5bebd-da34-4d0d-bb1f-9a57d3826946 200 3661 - 8.979 ms[39m
[2026-07-24 15:47:51:4751] [[35mhttp[39m]: [35mGET /api/v1/survey/site/1ad5bebd-da34-4d0d-bb1f-9a57d3826946 304 - - 6.714 ms[39m
[2026-07-24 15:47:55:4755] [[35mhttp[39m]: [35mPOST /api/v1/survey/step1 201 4330 - 26.289 ms[39m
[2026-07-24 15:47:56:4756] [[35mhttp[39m]: [35mGET /api/v1/survey/06105082-96da-47ff-837c-5f8648e5829e 200 4310 - 8.232 ms[39m
[2026-07-24 15:47:56:4756] [[35mhttp[39m]: [35mGET /api/v1/survey/06105082-96da-47ff-837c-5f8648e5829e 304 - - 8.373 ms[39m
[2026-07-24 15:48:02:482] [[35mhttp[39m]: [35mGET /api/v1/survey/06105082-96da-47ff-837c-5f8648e5829e 304 - - 8.898 ms[39m
[2026-07-24 15:48:02:482] [[35mhttp[39m]: [35mGET /api/v1/masters/charger-manufacturer?activeOnly=true 200 2252 - 18.878 ms[39m
[2026-07-24 15:48:02:482] [[35mhttp[39m]: [35mGET /api/v1/masters/connector?activeOnly=true 200 950 - 4.391 ms[39m
[2026-07-24 15:48:02:482] [[35mhttp[39m]: [35mGET /api/v1/masters/equipment?activeOnly=true 200 20484 - 4.192 ms[39m
[2026-07-24 15:48:02:482] [[35mhttp[39m]: [35mGET /api/v1/masters/charger-manufacturer?activeOnly=true 304 - - 8.127 ms[39m
[2026-07-24 15:48:02:482] [[35mhttp[39m]: [35mGET /api/v1/survey/06105082-96da-47ff-837c-5f8648e5829e 304 - - 11.237 ms[39m
[2026-07-24 15:48:02:482] [[35mhttp[39m]: [35mGET /api/v1/masters/connector?activeOnly=true 304 - - 3.513 ms[39m
[2026-07-24 15:48:02:482] [[35mhttp[39m]: [35mGET /api/v1/masters/equipment?activeOnly=true 304 - - 4.860 ms[39m
[2026-07-24 15:48:03:483] [[35mhttp[39m]: [35mGET /api/v1/photos?surveyId=06105082-96da-47ff-837c-5f8648e5829e 200 77 - 6.583 ms[39m
[2026-07-24 15:48:03:483] [[35mhttp[39m]: [35mGET /api/v1/photos?surveyId=06105082-96da-47ff-837c-5f8648e5829e 304 - - 4.739 ms[39m
[2026-07-24 15:48:40:4840] [[35mhttp[39m]: [35mGET /api/v1/survey/06105082-96da-47ff-837c-5f8648e5829e 304 - - 8.818 ms[39m
[2026-07-24 15:48:40:4840] [[35mhttp[39m]: [35mGET /api/v1/survey/06105082-96da-47ff-837c-5f8648e5829e 304 - - 7.718 ms[39m
[2026-07-24 15:49:02:492] [[35mhttp[39m]: [35mGET /api/v1/survey-assignment 200 5147 - 8.842 ms[39m
[2026-07-24 15:49:02:492] [[35mhttp[39m]: [35mGET /api/v1/survey-assignment 304 - - 5.168 ms[39m
[2026-07-24 15:49:02:492] [[35mhttp[39m]: [35mGET /api/v1/survey/site/1ad5bebd-da34-4d0d-bb1f-9a57d3826946 200 3663 - 7.826 ms[39m
[2026-07-24 15:49:03:493] [[35mhttp[39m]: [35mGET /api/v1/survey/site/1ad5bebd-da34-4d0d-bb1f-9a57d3826946 304 - - 7.951 ms[39m
[2026-07-24 15:50:10:5010] [[35mhttp[39m]: [35mPOST /api/v1/survey/step1 201 33328 - 69.008 ms[39m
[2026-07-24 15:50:11:5011] [[35mhttp[39m]: [35mGET /api/v1/survey/06105082-96da-47ff-837c-5f8648e5829e 200 33308 - 11.474 ms[39m
[2026-07-24 15:50:11:5011] [[35mhttp[39m]: [35mGET /api/v1/survey/06105082-96da-47ff-837c-5f8648e5829e 304 - - 10.845 ms[39m
[2026-07-24 15:51:03:513] [[35mhttp[39m]: [35mGET /api/v1/auth/me 200 234 - 3.479 ms[39m
[2026-07-24 15:51:04:514] [[35mhttp[39m]: [35mGET /api/v1/auth/me 304 - - 3.907 ms[39m
[2026-07-24 15:51:04:514] [[35mhttp[39m]: [35mGET /api/v1/survey/06105082-96da-47ff-837c-5f8648e5829e 304 - - 10.613 ms[39m
[2026-07-24 15:51:04:514] [[35mhttp[39m]: [35mGET /api/v1/survey/06105082-96da-47ff-837c-5f8648e5829e 304 - - 9.456 ms[39m
[2026-07-24 15:51:47:5147] [[35mhttp[39m]: [35mGET /api/v1/auth/me 304 - - 3.205 ms[39m
[2026-07-24 15:51:47:5147] [[35mhttp[39m]: [35mGET /api/v1/auth/me 304 - - 3.064 ms[39m
[2026-07-24 15:51:48:5148] [[35mhttp[39m]: [35mGET /api/v1/survey-assignment 200 5147 - 4.038 ms[39m
[2026-07-24 15:51:48:5148] [[35mhttp[39m]: [35mGET /api/v1/survey-assignment 200 5147 - 4.463 ms[39m
[2026-07-24 15:51:48:5148] [[35mhttp[39m]: [35mGET /api/v1/survey/site/e2d64be8-4b3e-41ff-aa54-cf1fa35580d7 304 - - 9.003 ms[39m
[2026-07-24 15:51:48:5148] [[35mhttp[39m]: [35mGET /api/v1/survey/site/e2d64be8-4b3e-41ff-aa54-cf1fa35580d7 200 3213 - 6.460 ms[39m
[2026-07-24 15:52:45:5245] [[35mhttp[39m]: [35mGET /api/v1/auth/me 304 - - 3.641 ms[39m
[2026-07-24 15:52:45:5245] [[35mhttp[39m]: [35mGET /api/v1/auth/me 304 - - 3.121 ms[39m
[2026-07-24 15:52:45:5245] [[35mhttp[39m]: [35mGET /api/v1/survey/06105082-96da-47ff-837c-5f8648e5829e 304 - - 10.158 ms[39m
[2026-07-24 15:52:46:5246] [[35mhttp[39m]: [35mGET /api/v1/survey/06105082-96da-47ff-837c-5f8648e5829e 304 - - 10.484 ms[39m
[2026-07-24 15:52:58:5258] [[35mhttp[39m]: [35mGET /api/v1/auth/me 304 - - 2.603 ms[39m
[2026-07-24 15:52:58:5258] [[35mhttp[39m]: [35mGET /api/v1/auth/me 304 - - 2.586 ms[39m
[2026-07-24 15:52:59:5259] [[35mhttp[39m]: [35mGET /api/v1/survey-assignment 200 5147 - 5.886 ms[39m
[2026-07-24 15:52:59:5259] [[35mhttp[39m]: [35mGET /api/v1/survey-assignment 304 - - 5.329 ms[39m
[2026-07-24 15:52:59:5259] [[35mhttp[39m]: [35mGET /api/v1/survey/site/1ad5bebd-da34-4d0d-bb1f-9a57d3826946 200 32661 - 10.938 ms[39m
[2026-07-24 15:52:59:5259] [[35mhttp[39m]: [35mGET /api/v1/survey/site/1ad5bebd-da34-4d0d-bb1f-9a57d3826946 304 - - 10.546 ms[39m
[2026-07-24 15:55:15:5515] [[35mhttp[39m]: [35mPOST /api/v1/auth/login 200 698 - 103.142 ms[39m
[2026-07-24 15:55:15:5515] [[35mhttp[39m]: [35mGET /api/v1/dashboard 200 7460 - 38.362 ms[39m
[2026-07-24 15:55:16:5516] [[35mhttp[39m]: [35mGET /api/v1/dashboard 304 - - 12.666 ms[39m
[2026-07-24 15:55:20:5520] [[35mhttp[39m]: [35mGET /api/v1/survey-sites 200 5295 - 4.877 ms[39m
[2026-07-24 15:55:20:5520] [[35mhttp[39m]: [35mGET /api/v1/survey-sites 304 - - 4.013 ms[39m
[2026-07-24 15:56:50:5650] [[35mhttp[39m]: [35mGET /api/v1/auth/me 304 - - 2.929 ms[39m
[2026-07-24 15:56:50:5650] [[35mhttp[39m]: [35mGET /api/v1/auth/me 304 - - 2.178 ms[39m
[2026-07-24 15:56:50:5650] [[35mhttp[39m]: [35mGET /api/v1/survey-assignment 304 - - 4.716 ms[39m
[2026-07-24 15:56:50:5650] [[35mhttp[39m]: [35mGET /api/v1/survey-assignment 304 - - 3.984 ms[39m
[2026-07-24 15:58:23:5823] [[35mhttp[39m]: [35mGET /api/v1/auth/me 304 - - 2.517 ms[39m
[2026-07-24 15:58:23:5823] [[35mhttp[39m]: [35mGET /api/v1/auth/me 304 - - 2.145 ms[39m
[2026-07-24 15:58:23:5823] [[35mhttp[39m]: [35mGET /api/v1/survey-assignment 304 - - 5.243 ms[39m
[2026-07-24 15:58:23:5823] [[35mhttp[39m]: [35mGET /api/v1/survey-assignment 304 - - 4.072 ms[39m
[2026-07-24 15:58:42:5842] [[35mhttp[39m]: [35mGET / 404 98 - 0.263 ms[39m
[2026-07-24 15:58:42:5842] [[35mhttp[39m]: [35mGET /favicon.ico 404 120 - 0.212 ms[39m
[2026-07-24 16:00:42:042] [[35mhttp[39m]: [35mPOST /api/v1/auth/login 400 104 - 87.973 ms[39m
[2026-07-24 16:01:12:112] [[35mhttp[39m]: [35mPOST /api/v1/auth/login 200 698 - 92.202 ms[39m
[2026-07-24 16:01:12:112] [[35mhttp[39m]: [35mGET /api/v1/dashboard 200 7460 - 45.349 ms[39m
[2026-07-24 16:01:12:112] [[35mhttp[39m]: [35mGET /api/v1/dashboard 304 - - 11.483 ms[39m
[2026-07-24 16:01:31:131] [[35mhttp[39m]: [35mGET /api/v1/auth/me 200 219 - 3.969 ms[39m
[2026-07-24 16:01:31:131] [[35mhttp[39m]: [35mGET /api/v1/auth/me 304 - - 2.764 ms[39m
[2026-07-24 16:01:41:141] [[35mhttp[39m]: [35mGET /api/v1/dashboard 304 - - 11.641 ms[39m
[2026-07-24 16:01:41:141] [[35mhttp[39m]: [35mGET /api/v1/dashboard 304 - - 8.921 ms[39m
[2026-07-24 16:02:08:28] [[35mhttp[39m]: [35mGET /api/v1/survey-sites 200 5295 - 5.360 ms[39m
[2026-07-24 16:02:09:29] [[35mhttp[39m]: [35mGET /api/v1/survey-sites 304 - - 4.872 ms[39m
[2026-07-24 16:02:37:237] [[35mhttp[39m]: [35mPOST /api/v1/auth/login 200 743 - 78.585 ms[39m
[2026-07-24 16:02:50:250] [[35mhttp[39m]: [35mGET /api/v1/survey-assignment 200 5147 - 5.909 ms[39m
[2026-07-24 16:02:50:250] [[35mhttp[39m]: [35mGET /api/v1/survey-assignment 304 - - 7.412 ms[39m
[2026-07-24 16:02:56:256] [[35mhttp[39m]: [35mGET /api/v1/survey-assignment 304 - - 5.857 ms[39m
[2026-07-24 16:02:57:257] [[35mhttp[39m]: [35mGET /api/v1/survey-assignment 304 - - 4.766 ms[39m
[2026-07-24 16:02:57:257] [[35mhttp[39m]: [35mGET /api/v1/survey/site/e2d64be8-4b3e-41ff-aa54-cf1fa35580d7 200 3213 - 11.605 ms[39m
[2026-07-24 16:02:57:257] [[35mhttp[39m]: [35mGET /api/v1/survey/site/e2d64be8-4b3e-41ff-aa54-cf1fa35580d7 304 - - 9.872 ms[39m
[2026-07-24 16:03:06:36] [[35mhttp[39m]: [35mPOST /api/v1/auth/login 200 743 - 84.928 ms[39m
[2026-07-24 16:03:17:317] [[35mhttp[39m]: [35mGET /api/v1/survey-assignment 200 5147 - 5.159 ms[39m
[2026-07-24 16:03:17:317] [[35mhttp[39m]: [35mGET /api/v1/survey-assignment 304 - - 8.553 ms[39m
[2026-07-24 16:03:22:322] [[35mhttp[39m]: [35mGET /api/v1/survey 200 7985 - 6.486 ms[39m
[2026-07-24 16:03:22:322] [[35mhttp[39m]: [35mGET /api/v1/survey 304 - - 5.443 ms[39m
[2026-07-24 16:03:31:331] [[35mhttp[39m]: [35mGET /api/v1/survey-assignment 304 - - 5.615 ms[39m
[2026-07-24 16:03:31:331] [[35mhttp[39m]: [35mGET /api/v1/survey-assignment 304 - - 5.220 ms[39m
[2026-07-24 16:03:35:335] [[35mhttp[39m]: [35mGET /api/v1/survey-assignment 304 - - 5.055 ms[39m
[2026-07-24 16:03:35:335] [[35mhttp[39m]: [35mGET /api/v1/survey-assignment 304 - - 5.092 ms[39m
[2026-07-24 16:03:46:346] [[35mhttp[39m]: [35mGET /api/v1/survey 304 - - 6.040 ms[39m
[2026-07-24 16:03:46:346] [[35mhttp[39m]: [35mGET /api/v1/survey 304 - - 4.874 ms[39m
[2026-07-24 16:03:52:352] [[35mhttp[39m]: [35mGET /api/v1/survey-sites 304 - - 5.114 ms[39m
[2026-07-24 16:03:52:352] [[35mhttp[39m]: [35mGET /api/v1/survey-sites 304 - - 5.093 ms[39m
[2026-07-24 16:03:55:355] [[35mhttp[39m]: [35mGET /api/v1/survey-sites 304 - - 4.397 ms[39m
[2026-07-24 16:03:56:356] [[35mhttp[39m]: [35mGET /api/v1/users 200 8220 - 6.488 ms[39m
[2026-07-24 16:03:56:356] [[35mhttp[39m]: [35mGET /api/v1/survey-sites 304 - - 4.409 ms[39m
[2026-07-24 16:03:56:356] [[35mhttp[39m]: [35mGET /api/v1/users 304 - - 5.129 ms[39m
[2026-07-24 16:04:01:41] [[35mhttp[39m]: [35mGET /api/v1/survey-assignment 304 - - 4.448 ms[39m
[2026-07-24 16:04:01:41] [[35mhttp[39m]: [35mGET /api/v1/survey-assignment 304 - - 4.261 ms[39m
[2026-07-24 16:04:13:413] [[35mhttp[39m]: [35mGET /api/v1/survey-sites 304 - - 5.942 ms[39m
[2026-07-24 16:04:13:413] [[35mhttp[39m]: [35mGET /api/v1/survey-sites 304 - - 4.519 ms[39m
[2026-07-24 16:04:16:416] [[35mhttp[39m]: [35mGET /api/v1/survey-assignment 304 - - 5.423 ms[39m
[2026-07-24 16:04:16:416] [[35mhttp[39m]: [35mGET /api/v1/survey-assignment 304 - - 5.587 ms[39m
[2026-07-24 16:04:16:416] [[35mhttp[39m]: [35mGET /api/v1/survey/site/db4bc8bf-70c4-43d7-a117-547a52535995 200 28495 - 8.496 ms[39m
[2026-07-24 16:04:16:416] [[35mhttp[39m]: [35mGET /api/v1/survey/site/db4bc8bf-70c4-43d7-a117-547a52535995 304 - - 8.754 ms[39m
[2026-07-24 16:04:33:433] [[35mhttp[39m]: [35mGET /api/v1/dashboard 304 - - 11.087 ms[39m
[2026-07-24 16:04:33:433] [[35mhttp[39m]: [35mGET /api/v1/dashboard 304 - - 8.454 ms[39m
[2026-07-24 16:04:43:443] [[35mhttp[39m]: [35mGET / 404 98 - 0.305 ms[39m
[2026-07-24 16:04:43:443] [[35mhttp[39m]: [35mGET /favicon.ico 404 120 - 0.265 ms[39m
[2026-07-24 16:04:53:453] [[35mhttp[39m]: [35mGET /api/v1/auth/me 200 234 - 3.005 ms[39m
[2026-07-24 16:04:53:453] [[35mhttp[39m]: [35mGET /api/v1/auth/me 304 - - 2.328 ms[39m
[2026-07-24 16:04:53:453] [[35mhttp[39m]: [35mGET /api/v1/survey-assignment 304 - - 5.028 ms[39m
[2026-07-24 16:04:53:453] [[35mhttp[39m]: [35mGET /api/v1/survey/site/e2d64be8-4b3e-41ff-aa54-cf1fa35580d7 304 - - 9.940 ms[39m
[2026-07-24 16:04:54:454] [[35mhttp[39m]: [35mGET /api/v1/survey-assignment 304 - - 5.705 ms[39m
[2026-07-24 16:04:54:454] [[35mhttp[39m]: [35mGET /api/v1/survey/site/e2d64be8-4b3e-41ff-aa54-cf1fa35580d7 304 - - 8.702 ms[39m
[2026-07-24 16:05:12:512] [[35mhttp[39m]: [35mGET /api/v1/auth/me 304 - - 4.301 ms[39m
[2026-07-24 16:05:12:512] [[35mhttp[39m]: [35mGET /api/v1/auth/me 304 - - 2.481 ms[39m
[2026-07-24 16:05:12:512] [[35mhttp[39m]: [35mGET /api/v1/survey-assignment 304 - - 4.788 ms[39m
[2026-07-24 16:05:12:512] [[35mhttp[39m]: [35mGET /api/v1/survey-assignment 304 - - 4.663 ms[39m
[2026-07-24 16:05:13:513] [[35mhttp[39m]: [35mGET /api/v1/survey/site/e2d64be8-4b3e-41ff-aa54-cf1fa35580d7 304 - - 7.620 ms[39m
[2026-07-24 16:05:13:513] [[35mhttp[39m]: [35mGET /api/v1/survey/site/e2d64be8-4b3e-41ff-aa54-cf1fa35580d7 304 - - 7.660 ms[39m
[2026-07-24 16:06:14:614] [[35mhttp[39m]: [35mGET /api/v1/auth/me 200 219 - 14.402 ms[39m
[2026-07-24 16:06:14:614] [[35mhttp[39m]: [35mGET /api/v1/auth/me 304 - - 2.929 ms[39m
[2026-07-24 16:06:14:614] [[35mhttp[39m]: [35mGET /api/v1/dashboard 304 - - 44.708 ms[39m
[2026-07-24 16:06:14:614] [[35mhttp[39m]: [35mGET /api/v1/dashboard 304 - - 10.471 ms[39m
[2026-07-24 16:06:18:618] [[35mhttp[39m]: [35mPOST /api/v1/auth/login 200 698 - 79.321 ms[39m
[2026-07-24 16:06:18:618] [[35mhttp[39m]: [35mGET /api/v1/dashboard 200 7460 - 12.157 ms[39m
[2026-07-24 16:06:18:618] [[35mhttp[39m]: [35mGET /api/v1/dashboard 304 - - 9.731 ms[39m
[2026-07-24 16:06:24:624] [[35mhttp[39m]: [35mGET /api/v1/survey-sites 200 5295 - 5.133 ms[39m
[2026-07-24 16:06:24:624] [[35mhttp[39m]: [35mGET /api/v1/survey 200 11881 - 8.431 ms[39m
[2026-07-24 16:06:24:624] [[35mhttp[39m]: [35mGET /api/v1/masters/charger-manufacturer 200 2252 - 5.083 ms[39m
[2026-07-24 16:06:24:624] [[35mhttp[39m]: [35mGET /api/v1/masters/connector 200 950 - 7.533 ms[39m
[2026-07-24 16:06:24:624] [[35mhttp[39m]: [35mGET /api/v1/survey-sites 304 - - 5.290 ms[39m
[2026-07-24 16:06:24:624] [[35mhttp[39m]: [35mGET /api/v1/masters/equipment 200 20484 - 8.802 ms[39m
[2026-07-24 16:06:24:624] [[35mhttp[39m]: [35mGET /api/v1/survey 304 - - 9.703 ms[39m
[2026-07-24 16:06:24:624] [[35mhttp[39m]: [35mGET /api/v1/masters/charger-manufacturer 304 - - 4.989 ms[39m
[2026-07-24 16:06:24:624] [[35mhttp[39m]: [35mGET /api/v1/masters/connector 304 - - 3.826 ms[39m
[2026-07-24 16:06:24:624] [[35mhttp[39m]: [35mGET /api/v1/masters/equipment 304 - - 5.164 ms[39m
[2026-07-24 16:23:25:2325] [[35mhttp[39m]: [35mGET /api/v1/auth/me 200 219 - 24.401 ms[39m
[2026-07-24 16:23:26:2326] [[35mhttp[39m]: [35mGET /api/v1/auth/me 304 - - 3.540 ms[39m
[2026-07-24 16:23:28:2328] [[35mhttp[39m]: [35mGET /api/v1/survey 304 - - 7.891 ms[39m
[2026-07-24 16:23:28:2328] [[35mhttp[39m]: [35mGET /api/v1/masters/connector 304 - - 7.231 ms[39m
[2026-07-24 16:23:28:2328] [[35mhttp[39m]: [35mGET /api/v1/masters/charger-manufacturer 304 - - 5.498 ms[39m
[2026-07-24 16:23:28:2328] [[35mhttp[39m]: [35mGET /api/v1/survey-sites 304 - - 5.160 ms[39m
[2026-07-24 16:23:28:2328] [[35mhttp[39m]: [35mGET /api/v1/masters/equipment 304 - - 6.449 ms[39m
[2026-07-24 16:23:28:2328] [[35mhttp[39m]: [35mGET /api/v1/survey 304 - - 6.095 ms[39m
[2026-07-24 16:23:28:2328] [[35mhttp[39m]: [35mGET /api/v1/masters/connector 304 - - 2.940 ms[39m
[2026-07-24 16:23:29:2329] [[35mhttp[39m]: [35mGET /api/v1/survey-sites 304 - - 2.922 ms[39m
[2026-07-24 16:23:29:2329] [[35mhttp[39m]: [35mGET /api/v1/masters/equipment 304 - - 4.774 ms[39m
[2026-07-24 16:23:29:2329] [[35mhttp[39m]: [35mGET /api/v1/masters/charger-manufacturer 304 - - 16.337 ms[39m
[2026-07-24 16:25:03:253] [[35mhttp[39m]: [35mGET /api/v1/auth/me 304 - - 3.310 ms[39m
[2026-07-24 16:25:03:253] [[35mhttp[39m]: [35mGET /api/v1/auth/me 304 - - 2.399 ms[39m
[2026-07-24 16:25:03:253] [[35mhttp[39m]: [35mGET /api/v1/survey-sites 304 - - 4.328 ms[39m
[2026-07-24 16:25:03:253] [[35mhttp[39m]: [35mGET /api/v1/survey 304 - - 8.474 ms[39m
[2026-07-24 16:25:03:253] [[35mhttp[39m]: [35mGET /api/v1/masters/charger-manufacturer 304 - - 2.875 ms[39m
[2026-07-24 16:25:03:253] [[35mhttp[39m]: [35mGET /api/v1/masters/equipment 304 - - 4.814 ms[39m
[2026-07-24 16:25:03:253] [[35mhttp[39m]: [35mGET /api/v1/masters/connector 304 - - 3.047 ms[39m
[2026-07-24 16:25:03:253] [[35mhttp[39m]: [35mGET /api/v1/survey-sites 304 - - 3.681 ms[39m
[2026-07-24 16:25:03:253] [[35mhttp[39m]: [35mGET /api/v1/survey 304 - - 5.368 ms[39m
[2026-07-24 16:25:03:253] [[35mhttp[39m]: [35mGET /api/v1/masters/charger-manufacturer 304 - - 3.025 ms[39m
[2026-07-24 16:25:03:253] [[35mhttp[39m]: [35mGET /api/v1/masters/connector 304 - - 6.885 ms[39m
[2026-07-24 16:25:03:253] [[35mhttp[39m]: [35mGET /api/v1/masters/equipment 304 - - 6.322 ms[39m
[2026-07-24 17:09:35:935] [[32minfo[39m]: [32mReceived shutdown signal. Closing server...[39m
[2026-07-24 17:09:35:935] [[32minfo[39m]: [32mHTTP server closed.[39m
[2026-07-24 17:09:35:935] [[32minfo[39m]: [32mReceived shutdown signal. Closing server...[39m
[2026-07-24 17:09:36:936] [[32minfo[39m]: [32mDatabase connection established successfully.[39m
[2026-07-24 17:09:36:936] [[32minfo[39m]: [32mServer is running in development mode on port 8015[39m
[2026-07-24 17:10:24:1024] [[35mhttp[39m]: [35mGET /api/v1/auth/me - - - - ms[39m
[2026-07-24 17:11:01:111] [[35mhttp[39m]: [35mPOST /api/v1/auth/login 200 743 - 93.763 ms[39m
[2026-07-24 17:11:04:114] [[35mhttp[39m]: [35mGET /api/v1/survey-assignment 200 5147 - 9.451 ms[39m
[2026-07-24 17:11:05:115] [[35mhttp[39m]: [35mGET /api/v1/survey-assignment 304 - - 6.658 ms[39m
[2026-07-24 17:11:09:119] [[35mhttp[39m]: [35mGET /api/v1/survey-assignment 304 - - 6.930 ms[39m
[2026-07-24 17:11:10:1110] [[35mhttp[39m]: [35mGET /api/v1/survey-assignment 304 - - 6.459 ms[39m
[2026-07-24 17:11:10:1110] [[35mhttp[39m]: [35mGET /api/v1/survey/site/e2d64be8-4b3e-41ff-aa54-cf1fa35580d7 200 3213 - 12.159 ms[39m
[2026-07-24 17:11:10:1110] [[35mhttp[39m]: [35mGET /api/v1/survey/site/e2d64be8-4b3e-41ff-aa54-cf1fa35580d7 304 - - 8.960 ms[39m
[2026-07-24 17:11:45:1145] [[35mhttp[39m]: [35mPOST /api/graphql 404 120 - 0.417 ms[39m
[2026-07-24 17:11:47:1147] [[35mhttp[39m]: [35mPOST /api/gql 404 112 - 0.302 ms[39m
[2026-07-24 17:11:57:1157] [[35mhttp[39m]: [35mPOST /api/v1/survey/step1 201 6206 - 31.187 ms[39m
[2026-07-24 17:11:57:1157] [[35mhttp[39m]: [35mGET /api/v1/survey/24257cc6-df6c-40c2-8675-bfd6c75d8924 200 6186 - 10.158 ms[39m
[2026-07-24 17:11:57:1157] [[35mhttp[39m]: [35mGET /api/v1/survey/24257cc6-df6c-40c2-8675-bfd6c75d8924 304 - - 11.822 ms[39m
[2026-07-24 17:12:12:1212] [[35mhttp[39m]: [35mGET /api/v1/masters/charger-manufacturer?activeOnly=true 200 2252 - 9.137 ms[39m
[2026-07-24 17:12:12:1212] [[35mhttp[39m]: [35mGET /api/v1/survey/24257cc6-df6c-40c2-8675-bfd6c75d8924 304 - - 7.916 ms[39m
[2026-07-24 17:12:12:1212] [[35mhttp[39m]: [35mGET /api/v1/masters/connector?activeOnly=true 200 950 - 4.443 ms[39m
[2026-07-24 17:12:12:1212] [[35mhttp[39m]: [35mGET /api/v1/masters/equipment?activeOnly=true 200 20484 - 5.640 ms[39m
[2026-07-24 17:12:12:1212] [[35mhttp[39m]: [35mGET /api/v1/masters/charger-manufacturer?activeOnly=true 304 - - 4.057 ms[39m
[2026-07-24 17:12:12:1212] [[35mhttp[39m]: [35mGET /api/v1/survey/24257cc6-df6c-40c2-8675-bfd6c75d8924 304 - - 7.852 ms[39m
[2026-07-24 17:12:12:1212] [[35mhttp[39m]: [35mGET /api/v1/masters/connector?activeOnly=true 304 - - 3.945 ms[39m
[2026-07-24 17:12:12:1212] [[35mhttp[39m]: [35mGET /api/v1/masters/equipment?activeOnly=true 304 - - 4.662 ms[39m
[2026-07-24 17:12:12:1212] [[35mhttp[39m]: [35mGET /api/v1/masters/charger-model?activeOnly=true&manufacturerId=bb6413ee-4ed1-4c5f-8154-6ee3bcea4f2a 200 978 - 4.383 ms[39m
[2026-07-24 17:12:13:1213] [[35mhttp[39m]: [35mGET /api/v1/masters/charger-model?activeOnly=true&manufacturerId=bb6413ee-4ed1-4c5f-8154-6ee3bcea4f2a 304 - - 4.573 ms[39m
[2026-07-24 17:12:13:1213] [[35mhttp[39m]: [35mGET /api/v1/photos?surveyId=24257cc6-df6c-40c2-8675-bfd6c75d8924 200 2572 - 4.249 ms[39m
[2026-07-24 17:12:13:1213] [[35mhttp[39m]: [35mGET /api/v1/photos?surveyId=24257cc6-df6c-40c2-8675-bfd6c75d8924 304 - - 3.701 ms[39m
[2026-07-24 17:12:29:1229] [[35mhttp[39m]: [35mGET /api/v1/survey/24257cc6-df6c-40c2-8675-bfd6c75d8924 304 - - 10.254 ms[39m
[2026-07-24 17:12:29:1229] [[35mhttp[39m]: [35mGET /api/v1/survey/24257cc6-df6c-40c2-8675-bfd6c75d8924 304 - - 9.169 ms[39m
[2026-07-24 17:12:41:1241] [[35mhttp[39m]: [35mGET /api/v1/survey-assignment 200 5147 - 5.513 ms[39m
[2026-07-24 17:12:41:1241] [[35mhttp[39m]: [35mGET /api/v1/survey-assignment 304 - - 4.350 ms[39m
[2026-07-24 17:12:41:1241] [[35mhttp[39m]: [35mGET /api/v1/survey/site/e2d64be8-4b3e-41ff-aa54-cf1fa35580d7 200 3213 - 8.006 ms[39m
[2026-07-24 17:12:42:1242] [[35mhttp[39m]: [35mGET /api/v1/survey/site/e2d64be8-4b3e-41ff-aa54-cf1fa35580d7 304 - - 6.589 ms[39m
[2026-07-24 17:13:48:1348] [[35mhttp[39m]: [35mGET /api/v1/auth/me 200 234 - 3.425 ms[39m
[2026-07-24 17:13:48:1348] [[35mhttp[39m]: [35mGET /api/v1/auth/me 304 - - 2.490 ms[39m
[2026-07-24 17:13:48:1348] [[35mhttp[39m]: [35mGET /api/v1/survey-assignment 304 - - 6.758 ms[39m
[2026-07-24 17:13:48:1348] [[35mhttp[39m]: [35mGET /api/v1/survey-assignment 304 - - 3.964 ms[39m
[2026-07-24 17:13:48:1348] [[35mhttp[39m]: [35mGET /api/v1/survey/site/e2d64be8-4b3e-41ff-aa54-cf1fa35580d7 304 - - 7.411 ms[39m
[2026-07-24 17:13:48:1348] [[35mhttp[39m]: [35mGET /api/v1/survey/site/e2d64be8-4b3e-41ff-aa54-cf1fa35580d7 304 - - 10.156 ms[39m
[2026-07-24 17:18:10:1810] [[35mhttp[39m]: [35mPOST /api/v1/auth/login 200 743 - 93.298 ms[39m
[2026-07-24 17:18:14:1814] [[35mhttp[39m]: [35mGET /api/v1/survey-assignment 200 5147 - 5.852 ms[39m
[2026-07-24 17:18:14:1814] [[35mhttp[39m]: [35mGET /api/v1/survey-assignment 304 - - 5.538 ms[39m
[2026-07-24 17:18:16:1816] [[35mhttp[39m]: [35mGET /api/v1/survey-assignment 304 - - 9.123 ms[39m
[2026-07-24 17:18:17:1817] [[35mhttp[39m]: [35mGET /api/v1/survey-assignment 304 - - 6.080 ms[39m
[2026-07-24 17:18:17:1817] [[35mhttp[39m]: [35mGET /api/v1/survey/site/e2d64be8-4b3e-41ff-aa54-cf1fa35580d7 200 3213 - 20.221 ms[39m
[2026-07-24 17:18:17:1817] [[35mhttp[39m]: [35mGET /api/v1/survey/site/e2d64be8-4b3e-41ff-aa54-cf1fa35580d7 304 - - 8.318 ms[39m
[2026-07-24 17:18:20:1820] [[35mhttp[39m]: [35mGET /api/tags 404 114 - 0.265 ms[39m
[2026-07-24 17:18:20:1820] [[35mhttp[39m]: [35mGET /api/tags 404 114 - 0.802 ms[39m
[2026-07-24 17:25:02:252] [[35mhttp[39m]: [35mPOST /api/v1/auth/login 200 743 - 124.092 ms[39m
[2026-07-24 17:25:16:2516] [[35mhttp[39m]: [35mGET /api/v1/survey-assignment 200 5147 - 6.899 ms[39m
[2026-07-24 17:25:16:2516] [[35mhttp[39m]: [35mGET /api/v1/survey-assignment 304 - - 4.708 ms[39m
[2026-07-24 17:25:21:2521] [[35mhttp[39m]: [35mGET /api/v1/survey-assignment 304 - - 5.407 ms[39m
[2026-07-24 17:25:21:2521] [[35mhttp[39m]: [35mGET /api/v1/survey-assignment 304 - - 5.005 ms[39m
[2026-07-24 17:25:21:2521] [[35mhttp[39m]: [35mPOST /api/v1/auth/login 200 743 - 83.924 ms[39m
[2026-07-24 17:25:24:2524] [[35mhttp[39m]: [35mGET /api/v1/survey-assignment 200 5147 - 8.211 ms[39m
[2026-07-24 17:25:24:2524] [[35mhttp[39m]: [35mGET /api/v1/survey-assignment 304 - - 5.037 ms[39m
[2026-07-24 17:25:57:2557] [[35mhttp[39m]: [35mGET /api/v1/survey-assignment 304 - - 5.330 ms[39m
[2026-07-24 17:25:57:2557] [[35mhttp[39m]: [35mGET /api/v1/survey-assignment 304 - - 6.256 ms[39m
[2026-07-24 17:25:57:2557] [[35mhttp[39m]: [35mGET /api/v1/survey/site/e2d64be8-4b3e-41ff-aa54-cf1fa35580d7 200 3213 - 12.512 ms[39m
[2026-07-24 17:25:57:2557] [[35mhttp[39m]: [35mGET /api/v1/survey/site/e2d64be8-4b3e-41ff-aa54-cf1fa35580d7 304 - - 8.261 ms[39m
[2026-07-24 17:26:31:2631] [[35mhttp[39m]: [35mGET /api/v1/survey-assignment 304 - - 5.335 ms[39m
[2026-07-24 17:26:31:2631] [[35mhttp[39m]: [35mGET /api/v1/survey-assignment 304 - - 4.178 ms[39m
[2026-07-24 17:26:43:2643] [[35mhttp[39m]: [35mPOST /api/v1/survey/step1 201 6216 - 30.573 ms[39m
[2026-07-24 17:26:43:2643] [[35mhttp[39m]: [35mGET /api/v1/survey/24257cc6-df6c-40c2-8675-bfd6c75d8924 200 6196 - 9.430 ms[39m
[2026-07-24 17:26:43:2643] [[35mhttp[39m]: [35mGET /api/v1/survey/24257cc6-df6c-40c2-8675-bfd6c75d8924 304 - - 8.270 ms[39m
[2026-07-24 17:26:44:2644] [[35mhttp[39m]: [35mGET /api/v1/survey-assignment 200 5147 - 4.443 ms[39m
[2026-07-24 17:26:44:2644] [[35mhttp[39m]: [35mGET /api/v1/survey-assignment 304 - - 4.132 ms[39m
[2026-07-24 17:26:44:2644] [[35mhttp[39m]: [35mGET /api/v1/survey/site/e2d64be8-4b3e-41ff-aa54-cf1fa35580d7 200 3223 - 7.256 ms[39m
[2026-07-24 17:26:44:2644] [[35mhttp[39m]: [35mGET /api/v1/survey/site/e2d64be8-4b3e-41ff-aa54-cf1fa35580d7 304 - - 9.259 ms[39m
[2026-07-24 17:26:48:2648] [[35mhttp[39m]: [35mGET /api/v1/masters/charger-manufacturer?activeOnly=true 200 2252 - 7.481 ms[39m
[2026-07-24 17:26:48:2648] [[35mhttp[39m]: [35mGET /api/v1/masters/connector?activeOnly=true 200 950 - 16.453 ms[39m
[2026-07-24 17:26:48:2648] [[35mhttp[39m]: [35mGET /api/v1/masters/equipment?activeOnly=true 200 20484 - 7.169 ms[39m
[2026-07-24 17:26:48:2648] [[35mhttp[39m]: [35mGET /api/v1/masters/charger-manufacturer?activeOnly=true 304 - - 3.393 ms[39m
[2026-07-24 17:26:48:2648] [[35mhttp[39m]: [35mGET /api/v1/masters/connector?activeOnly=true 304 - - 3.120 ms[39m
[2026-07-24 17:26:48:2648] [[35mhttp[39m]: [35mGET /api/v1/survey/24257cc6-df6c-40c2-8675-bfd6c75d8924 304 - - 15.863 ms[39m
[2026-07-24 17:26:48:2648] [[35mhttp[39m]: [35mGET /api/v1/survey/24257cc6-df6c-40c2-8675-bfd6c75d8924 304 - - 9.498 ms[39m
[2026-07-24 17:26:48:2648] [[35mhttp[39m]: [35mGET /api/v1/masters/charger-model?activeOnly=true&manufacturerId=bb6413ee-4ed1-4c5f-8154-6ee3bcea4f2a 200 978 - 4.955 ms[39m
[2026-07-24 17:26:48:2648] [[35mhttp[39m]: [35mGET /api/v1/masters/equipment?activeOnly=true 304 - - 8.010 ms[39m
[2026-07-24 17:26:48:2648] [[35mhttp[39m]: [35mGET /api/v1/photos?surveyId=24257cc6-df6c-40c2-8675-bfd6c75d8924 200 2572 - 5.348 ms[39m
[2026-07-24 17:26:48:2648] [[35mhttp[39m]: [35mGET /api/v1/masters/charger-model?activeOnly=true&manufacturerId=bb6413ee-4ed1-4c5f-8154-6ee3bcea4f2a 304 - - 5.109 ms[39m
[2026-07-24 17:26:48:2648] [[35mhttp[39m]: [35mGET /api/v1/photos?surveyId=24257cc6-df6c-40c2-8675-bfd6c75d8924 304 - - 6.047 ms[39m
[2026-07-24 17:26:50:2650] [[35mhttp[39m]: [35mDELETE /api/v1/photos/74fb95d5-5e51-4088-a4e5-11540f2df52b 400 178 - 6.747 ms[39m
[2026-07-24 17:26:51:2651] [[35mhttp[39m]: [35mDELETE /api/v1/photos/74fb95d5-5e51-4088-a4e5-11540f2df52b 400 178 - 5.543 ms[39m
[2026-07-24 17:26:52:2652] [[35mhttp[39m]: [35mDELETE /api/v1/photos/74fb95d5-5e51-4088-a4e5-11540f2df52b 400 178 - 5.058 ms[39m
[2026-07-24 17:26:52:2652] [[35mhttp[39m]: [35mDELETE /api/v1/photos/74fb95d5-5e51-4088-a4e5-11540f2df52b 400 178 - 3.867 ms[39m
[2026-07-24 17:26:53:2653] [[35mhttp[39m]: [35mDELETE /api/v1/photos/3d6f83c2-c674-4d23-8c1b-2f1c8fc0ebb3 400 178 - 4.729 ms[39m
[2026-07-24 17:26:58:2658] [[35mhttp[39m]: [35mDELETE /api/v1/photos/3d6f83c2-c674-4d23-8c1b-2f1c8fc0ebb3 400 178 - 5.896 ms[39m
[2026-07-24 17:27:00:270] [[35mhttp[39m]: [35mGET /api/v1/survey/24257cc6-df6c-40c2-8675-bfd6c75d8924 304 - - 10.949 ms[39m
[2026-07-24 17:27:00:270] [[35mhttp[39m]: [35mGET /api/v1/survey/24257cc6-df6c-40c2-8675-bfd6c75d8924 304 - - 11.032 ms[39m
[2026-07-24 17:27:02:272] [[35mhttp[39m]: [35mGET /api/v1/survey-assignment 200 5147 - 4.684 ms[39m
[2026-07-24 17:27:02:272] [[35mhttp[39m]: [35mGET /api/v1/survey-assignment 304 - - 4.325 ms[39m
[2026-07-24 17:27:02:272] [[35mhttp[39m]: [35mGET /api/v1/survey/site/e2d64be8-4b3e-41ff-aa54-cf1fa35580d7 200 3223 - 6.578 ms[39m
[2026-07-24 17:27:02:272] [[35mhttp[39m]: [35mGET /api/v1/survey/site/e2d64be8-4b3e-41ff-aa54-cf1fa35580d7 304 - - 6.988 ms[39m
[2026-07-24 17:27:03:273] [[35mhttp[39m]: [35mGET /api/v1/survey-assignment 304 - - 5.373 ms[39m
[2026-07-24 17:27:03:273] [[35mhttp[39m]: [35mGET /api/v1/survey-assignment 304 - - 3.926 ms[39m
[2026-07-24 17:27:06:276] [[35mhttp[39m]: [35mGET /api/v1/survey-assignment 304 - - 4.536 ms[39m
[2026-07-24 17:27:06:276] [[35mhttp[39m]: [35mGET /api/v1/survey-assignment 304 - - 5.193 ms[39m
[2026-07-24 17:27:06:276] [[35mhttp[39m]: [35mGET /api/v1/survey/site/db4bc8bf-70c4-43d7-a117-547a52535995 200 28495 - 8.659 ms[39m
[2026-07-24 17:27:07:277] [[35mhttp[39m]: [35mGET /api/v1/survey/site/db4bc8bf-70c4-43d7-a117-547a52535995 304 - - 7.734 ms[39m
[2026-07-24 17:27:08:278] [[35mhttp[39m]: [35mPOST /api/v1/survey/step1 201 31347 - 31.202 ms[39m
[2026-07-24 17:27:08:278] [[35mhttp[39m]: [35mGET /api/v1/survey/0f445b73-105a-4fd3-a8e6-58a41980a5e8 200 31327 - 9.253 ms[39m
[2026-07-24 17:27:08:278] [[35mhttp[39m]: [35mGET /api/v1/survey/0f445b73-105a-4fd3-a8e6-58a41980a5e8 304 - - 11.595 ms[39m
[2026-07-24 17:27:12:2712] [[35mhttp[39m]: [35mGET /api/v1/masters/charger-manufacturer?activeOnly=true 304 - - 5.185 ms[39m
[2026-07-24 17:27:12:2712] [[35mhttp[39m]: [35mGET /api/v1/survey/0f445b73-105a-4fd3-a8e6-58a41980a5e8 304 - - 10.408 ms[39m
[2026-07-24 17:27:12:2712] [[35mhttp[39m]: [35mGET /api/v1/masters/equipment?activeOnly=true 304 - - 10.306 ms[39m
[2026-07-24 17:27:12:2712] [[35mhttp[39m]: [35mGET /api/v1/masters/connector?activeOnly=true 304 - - 18.351 ms[39m
[2026-07-24 17:27:12:2712] [[35mhttp[39m]: [35mGET /api/v1/masters/charger-manufacturer?activeOnly=true 304 - - 4.840 ms[39m
[2026-07-24 17:27:12:2712] [[35mhttp[39m]: [35mGET /api/v1/masters/equipment?activeOnly=true 304 - - 5.003 ms[39m
[2026-07-24 17:27:12:2712] [[35mhttp[39m]: [35mGET /api/v1/masters/connector?activeOnly=true 304 - - 4.080 ms[39m
[2026-07-24 17:27:12:2712] [[35mhttp[39m]: [35mGET /api/v1/photos?surveyId=0f445b73-105a-4fd3-a8e6-58a41980a5e8 200 2467 - 3.652 ms[39m
[2026-07-24 17:27:12:2712] [[35mhttp[39m]: [35mGET /api/v1/survey/0f445b73-105a-4fd3-a8e6-58a41980a5e8 304 - - 13.952 ms[39m
[2026-07-24 17:27:12:2712] [[35mhttp[39m]: [35mGET /api/v1/photos?surveyId=0f445b73-105a-4fd3-a8e6-58a41980a5e8 304 - - 4.133 ms[39m
[2026-07-24 17:27:26:2726] [[35mhttp[39m]: [35mGET /api/v1/auth/me 200 234 - 2.227 ms[39m
[2026-07-24 17:27:26:2726] [[35mhttp[39m]: [35mGET /api/v1/auth/me 304 - - 2.212 ms[39m
[2026-07-24 17:27:26:2726] [[35mhttp[39m]: [35mGET /api/v1/survey/0f445b73-105a-4fd3-a8e6-58a41980a5e8 304 - - 11.705 ms[39m
[2026-07-24 17:27:26:2726] [[35mhttp[39m]: [35mGET /api/v1/masters/connector?activeOnly=true 304 - - 6.209 ms[39m
[2026-07-24 17:27:26:2726] [[35mhttp[39m]: [35mGET /api/v1/masters/charger-manufacturer?activeOnly=true 304 - - 10.247 ms[39m
[2026-07-24 17:27:26:2726] [[35mhttp[39m]: [35mGET /api/v1/masters/equipment?activeOnly=true 304 - - 6.327 ms[39m
[2026-07-24 17:27:26:2726] [[35mhttp[39m]: [35mGET /api/v1/masters/connector?activeOnly=true 304 - - 21.840 ms[39m
[2026-07-24 17:27:26:2726] [[35mhttp[39m]: [35mGET /api/v1/masters/charger-manufacturer?activeOnly=true 304 - - 6.707 ms[39m
[2026-07-24 17:27:26:2726] [[35mhttp[39m]: [35mGET /api/v1/survey/0f445b73-105a-4fd3-a8e6-58a41980a5e8 304 - - 13.179 ms[39m
[2026-07-24 17:27:26:2726] [[35mhttp[39m]: [35mGET /api/v1/masters/equipment?activeOnly=true 304 - - 9.262 ms[39m
[2026-07-24 17:27:26:2726] [[35mhttp[39m]: [35mGET /api/v1/photos?surveyId=0f445b73-105a-4fd3-a8e6-58a41980a5e8 304 - - 6.867 ms[39m
[2026-07-24 17:27:26:2726] [[35mhttp[39m]: [35mGET /api/v1/photos?surveyId=0f445b73-105a-4fd3-a8e6-58a41980a5e8 304 - - 6.130 ms[39m
[2026-07-24 17:27:40:2740] [[35mhttp[39m]: [35mPOST /api/v1/survey/step1 201 6235 - 21.900 ms[39m
[2026-07-24 17:27:40:2740] [[35mhttp[39m]: [35mGET /api/v1/survey/24257cc6-df6c-40c2-8675-bfd6c75d8924 200 6215 - 9.977 ms[39m
[2026-07-24 17:27:41:2741] [[35mhttp[39m]: [35mGET /api/v1/survey/24257cc6-df6c-40c2-8675-bfd6c75d8924 304 - - 10.186 ms[39m
[2026-07-24 17:28:07:287] [[35mhttp[39m]: [35mPOST /api/v1/photos 400 168 - 8.894 ms[39m
[2026-07-24 17:28:32:2832] [[35mhttp[39m]: [35mGET /api/v1/survey-assignment 200 5147 - 5.278 ms[39m
[2026-07-24 17:28:32:2832] [[35mhttp[39m]: [35mGET /api/v1/survey-assignment 304 - - 8.278 ms[39m
[2026-07-24 17:28:32:2832] [[35mhttp[39m]: [35mGET /api/v1/survey/site/e2d64be8-4b3e-41ff-aa54-cf1fa35580d7 200 3242 - 7.213 ms[39m
[2026-07-24 17:28:32:2832] [[35mhttp[39m]: [35mGET /api/v1/survey/site/e2d64be8-4b3e-41ff-aa54-cf1fa35580d7 304 - - 6.512 ms[39m
[2026-07-24 17:29:23:2923] [[35mhttp[39m]: [35mPOST /api/v1/survey/step1 201 7629 - 21.930 ms[39m
[2026-07-24 17:29:23:2923] [[35mhttp[39m]: [35mGET /api/v1/survey/24257cc6-df6c-40c2-8675-bfd6c75d8924 200 7609 - 9.286 ms[39m
[2026-07-24 17:29:23:2923] [[35mhttp[39m]: [35mGET /api/v1/survey/24257cc6-df6c-40c2-8675-bfd6c75d8924 304 - - 8.109 ms[39m
[2026-07-24 17:29:39:2939] [[35mhttp[39m]: [35mGET /api/v1/survey/24257cc6-df6c-40c2-8675-bfd6c75d8924 304 - - 10.150 ms[39m
[2026-07-24 17:29:39:2939] [[35mhttp[39m]: [35mGET /api/v1/masters/charger-manufacturer?activeOnly=true 200 2252 - 4.914 ms[39m
[2026-07-24 17:29:40:2940] [[35mhttp[39m]: [35mGET /api/v1/masters/connector?activeOnly=true 200 950 - 2.923 ms[39m
[2026-07-24 17:29:40:2940] [[35mhttp[39m]: [35mGET /api/v1/masters/equipment?activeOnly=true 200 20484 - 3.420 ms[39m
[2026-07-24 17:29:40:2940] [[35mhttp[39m]: [35mGET /api/v1/masters/connector?activeOnly=true 304 - - 4.422 ms[39m
[2026-07-24 17:29:40:2940] [[35mhttp[39m]: [35mGET /api/v1/survey/24257cc6-df6c-40c2-8675-bfd6c75d8924 304 - - 9.241 ms[39m
[2026-07-24 17:29:40:2940] [[35mhttp[39m]: [35mGET /api/v1/masters/charger-manufacturer?activeOnly=true 304 - - 4.384 ms[39m
[2026-07-24 17:29:40:2940] [[35mhttp[39m]: [35mGET /api/v1/masters/equipment?activeOnly=true 304 - - 4.618 ms[39m
[2026-07-24 17:29:40:2940] [[35mhttp[39m]: [35mGET /api/v1/masters/charger-model?activeOnly=true&manufacturerId=bb6413ee-4ed1-4c5f-8154-6ee3bcea4f2a 200 978 - 3.251 ms[39m
[2026-07-24 17:29:40:2940] [[35mhttp[39m]: [35mGET /api/v1/masters/charger-model?activeOnly=true&manufacturerId=bb6413ee-4ed1-4c5f-8154-6ee3bcea4f2a 304 - - 4.197 ms[39m
[2026-07-24 17:29:40:2940] [[35mhttp[39m]: [35mGET /api/v1/photos?surveyId=24257cc6-df6c-40c2-8675-bfd6c75d8924 200 2572 - 3.650 ms[39m
[2026-07-24 17:29:40:2940] [[35mhttp[39m]: [35mGET /api/v1/photos?surveyId=24257cc6-df6c-40c2-8675-bfd6c75d8924 304 - - 4.802 ms[39m
[2026-07-24 17:29:42:2942] [[35mhttp[39m]: [35mGET /api/v1/auth/me 304 - - 3.089 ms[39m
[2026-07-24 17:29:42:2942] [[35mhttp[39m]: [35mGET /api/v1/auth/me 304 - - 2.686 ms[39m
[2026-07-24 17:29:42:2942] [[35mhttp[39m]: [35mGET /api/v1/masters/charger-manufacturer?activeOnly=true 304 - - 6.725 ms[39m
[2026-07-24 17:29:42:2942] [[35mhttp[39m]: [35mGET /api/v1/masters/connector?activeOnly=true 304 - - 6.239 ms[39m
[2026-07-24 17:29:42:2942] [[35mhttp[39m]: [35mGET /api/v1/survey/0f445b73-105a-4fd3-a8e6-58a41980a5e8 304 - - 13.479 ms[39m
[2026-07-24 17:29:42:2942] [[35mhttp[39m]: [35mGET /api/v1/masters/equipment?activeOnly=true 304 - - 7.588 ms[39m
[2026-07-24 17:29:42:2942] [[35mhttp[39m]: [35mGET /api/v1/masters/charger-manufacturer?activeOnly=true 304 - - 3.419 ms[39m
[2026-07-24 17:29:42:2942] [[35mhttp[39m]: [35mGET /api/v1/survey/0f445b73-105a-4fd3-a8e6-58a41980a5e8 304 - - 11.313 ms[39m
[2026-07-24 17:29:42:2942] [[35mhttp[39m]: [35mGET /api/v1/masters/connector?activeOnly=true 304 - - 4.907 ms[39m
[2026-07-24 17:29:42:2942] [[35mhttp[39m]: [35mGET /api/v1/masters/equipment?activeOnly=true 304 - - 3.478 ms[39m
[2026-07-24 17:29:42:2942] [[35mhttp[39m]: [35mGET /api/v1/photos?surveyId=0f445b73-105a-4fd3-a8e6-58a41980a5e8 304 - - 2.759 ms[39m
[2026-07-24 17:29:44:2944] [[35mhttp[39m]: [35mGET /api/v1/photos?surveyId=0f445b73-105a-4fd3-a8e6-58a41980a5e8 304 - - 3.606 ms[39m
[2026-07-24 17:30:26:3026] [[35mhttp[39m]: [35mDELETE /api/v1/photos/3d6f83c2-c674-4d23-8c1b-2f1c8fc0ebb3 400 178 - 4.732 ms[39m
[2026-07-24 17:31:00:310] [[35mhttp[39m]: [35mGET /api/v1/auth/me 304 - - 2.310 ms[39m
[2026-07-24 17:31:00:310] [[35mhttp[39m]: [35mGET /api/v1/auth/me 304 - - 2.499 ms[39m
[2026-07-24 17:31:00:310] [[35mhttp[39m]: [35mGET /api/v1/masters/charger-manufacturer?activeOnly=true 304 - - 3.745 ms[39m
[2026-07-24 17:31:00:310] [[35mhttp[39m]: [35mGET /api/v1/survey/0f445b73-105a-4fd3-a8e6-58a41980a5e8 304 - - 12.622 ms[39m
[2026-07-24 17:31:00:310] [[35mhttp[39m]: [35mGET /api/v1/masters/connector?activeOnly=true 304 - - 17.091 ms[39m
[2026-07-24 17:31:00:310] [[35mhttp[39m]: [35mGET /api/v1/masters/equipment?activeOnly=true 304 - - 4.519 ms[39m
[2026-07-24 17:31:00:310] [[35mhttp[39m]: [35mGET /api/v1/masters/charger-manufacturer?activeOnly=true 304 - - 3.458 ms[39m
[2026-07-24 17:31:00:310] [[35mhttp[39m]: [35mGET /api/v1/survey/0f445b73-105a-4fd3-a8e6-58a41980a5e8 304 - - 9.800 ms[39m
[2026-07-24 17:31:00:310] [[35mhttp[39m]: [35mGET /api/v1/masters/connector?activeOnly=true 304 - - 2.562 ms[39m
[2026-07-24 17:31:00:310] [[35mhttp[39m]: [35mGET /api/v1/masters/equipment?activeOnly=true 304 - - 3.440 ms[39m
[2026-07-24 17:31:01:311] [[35mhttp[39m]: [35mGET /api/v1/photos?surveyId=0f445b73-105a-4fd3-a8e6-58a41980a5e8 304 - - 3.712 ms[39m
[2026-07-24 17:31:01:311] [[35mhttp[39m]: [35mGET /api/v1/photos?surveyId=0f445b73-105a-4fd3-a8e6-58a41980a5e8 304 - - 4.293 ms[39m
[2026-07-24 17:31:34:3134] [[35mhttp[39m]: [35mGET /api/v1/auth/me 304 - - 3.576 ms[39m
[2026-07-24 17:31:34:3134] [[35mhttp[39m]: [35mGET /api/v1/auth/me 304 - - 2.445 ms[39m
[2026-07-24 17:31:34:3134] [[35mhttp[39m]: [35mGET /api/v1/masters/charger-manufacturer?activeOnly=true 304 - - 5.932 ms[39m
[2026-07-24 17:31:34:3134] [[35mhttp[39m]: [35mGET /api/v1/masters/connector?activeOnly=true 304 - - 3.445 ms[39m
[2026-07-24 17:31:34:3134] [[35mhttp[39m]: [35mGET /api/v1/survey/0f445b73-105a-4fd3-a8e6-58a41980a5e8 304 - - 10.441 ms[39m
[2026-07-24 17:31:34:3134] [[35mhttp[39m]: [35mGET /api/v1/masters/equipment?activeOnly=true 304 - - 4.235 ms[39m
[2026-07-24 17:31:34:3134] [[35mhttp[39m]: [35mGET /api/v1/masters/charger-manufacturer?activeOnly=true 304 - - 4.137 ms[39m
[2026-07-24 17:31:34:3134] [[35mhttp[39m]: [35mGET /api/v1/masters/connector?activeOnly=true 304 - - 5.169 ms[39m
[2026-07-24 17:31:34:3134] [[35mhttp[39m]: [35mGET /api/v1/masters/equipment?activeOnly=true 304 - - 3.927 ms[39m
[2026-07-24 17:31:34:3134] [[35mhttp[39m]: [35mGET /api/v1/survey/0f445b73-105a-4fd3-a8e6-58a41980a5e8 304 - - 11.734 ms[39m
[2026-07-24 17:31:34:3134] [[35mhttp[39m]: [35mGET /api/v1/photos?surveyId=0f445b73-105a-4fd3-a8e6-58a41980a5e8 304 - - 3.348 ms[39m
[2026-07-24 17:31:34:3134] [[35mhttp[39m]: [35mGET /api/v1/photos?surveyId=0f445b73-105a-4fd3-a8e6-58a41980a5e8 304 - - 4.138 ms[39m
[2026-07-24 17:32:40:3240] [[35mhttp[39m]: [35mPOST /api/v1/survey/save-asset 200 1173 - 37.195 ms[39m
[2026-07-24 17:32:40:3240] [[35mhttp[39m]: [35mGET /api/v1/survey/24257cc6-df6c-40c2-8675-bfd6c75d8924 200 7609 - 9.092 ms[39m
[2026-07-24 17:32:40:3240] [[35mhttp[39m]: [35mGET /api/v1/survey/24257cc6-df6c-40c2-8675-bfd6c75d8924 304 - - 8.538 ms[39m
[2026-07-24 17:32:46:3246] [[35mhttp[39m]: [35mGET /api/v1/masters/equipment?activeOnly=true 304 - - 6.903 ms[39m
[2026-07-24 17:32:46:3246] [[35mhttp[39m]: [35mGET /api/v1/survey/24257cc6-df6c-40c2-8675-bfd6c75d8924 304 - - 11.362 ms[39m
[2026-07-24 17:32:46:3246] [[35mhttp[39m]: [35mGET /api/v1/masters/equipment?activeOnly=true 304 - - 5.970 ms[39m
[2026-07-24 17:32:46:3246] [[35mhttp[39m]: [35mGET /api/v1/survey/24257cc6-df6c-40c2-8675-bfd6c75d8924 304 - - 9.469 ms[39m
[2026-07-24 17:32:46:3246] [[35mhttp[39m]: [35mGET /api/v1/photos?surveyId=24257cc6-df6c-40c2-8675-bfd6c75d8924 304 - - 4.314 ms[39m
[2026-07-24 17:32:46:3246] [[35mhttp[39m]: [35mGET /api/v1/photos?surveyId=24257cc6-df6c-40c2-8675-bfd6c75d8924 304 - - 3.638 ms[39m
[2026-07-24 17:37:03:373] [[35mhttp[39m]: [35mGET /api/v1/survey-assignment 200 5147 - 23.024 ms[39m
[2026-07-24 17:37:03:373] [[35mhttp[39m]: [35mGET /api/v1/survey-assignment 304 - - 5.376 ms[39m
[2026-07-24 17:37:09:379] [[35mhttp[39m]: [35mGET /api/v1/survey-assignment 304 - - 5.795 ms[39m
[2026-07-24 17:37:09:379] [[35mhttp[39m]: [35mGET /api/v1/survey-assignment 304 - - 5.719 ms[39m
[2026-07-24 17:37:09:379] [[35mhttp[39m]: [35mGET /api/v1/survey/site/e2d64be8-4b3e-41ff-aa54-cf1fa35580d7 200 4636 - 11.986 ms[39m
[2026-07-24 17:37:09:379] [[35mhttp[39m]: [35mGET /api/v1/survey/site/e2d64be8-4b3e-41ff-aa54-cf1fa35580d7 304 - - 6.962 ms[39m
[2026-07-24 17:37:15:3715] [[35mhttp[39m]: [35mPOST /api/v1/survey/step1 201 7629 - 28.994 ms[39m
[2026-07-24 17:37:15:3715] [[35mhttp[39m]: [35mGET /api/v1/survey/24257cc6-df6c-40c2-8675-bfd6c75d8924 200 7609 - 9.478 ms[39m
[2026-07-24 17:37:15:3715] [[35mhttp[39m]: [35mGET /api/v1/survey/24257cc6-df6c-40c2-8675-bfd6c75d8924 304 - - 9.571 ms[39m
[2026-07-24 17:37:18:3718] [[35mhttp[39m]: [35mGET /api/v1/masters/connector?activeOnly=true 304 - - 3.550 ms[39m
[2026-07-24 17:37:18:3718] [[35mhttp[39m]: [35mGET /api/v1/survey/24257cc6-df6c-40c2-8675-bfd6c75d8924 304 - - 12.767 ms[39m
[2026-07-24 17:37:18:3718] [[35mhttp[39m]: [35mGET /api/v1/masters/charger-manufacturer?activeOnly=true 304 - - 6.544 ms[39m
[2026-07-24 17:37:18:3718] [[35mhttp[39m]: [35mGET /api/v1/masters/equipment?activeOnly=true 304 - - 6.296 ms[39m
[2026-07-24 17:37:19:3719] [[35mhttp[39m]: [35mGET /api/v1/masters/connector?activeOnly=true 304 - - 6.185 ms[39m
[2026-07-24 17:37:19:3719] [[35mhttp[39m]: [35mGET /api/v1/survey/24257cc6-df6c-40c2-8675-bfd6c75d8924 304 - - 11.193 ms[39m
[2026-07-24 17:37:19:3719] [[35mhttp[39m]: [35mGET /api/v1/masters/equipment?activeOnly=true 304 - - 4.643 ms[39m
[2026-07-24 17:37:19:3719] [[35mhttp[39m]: [35mGET /api/v1/masters/charger-manufacturer?activeOnly=true 304 - - 4.282 ms[39m
[2026-07-24 17:37:19:3719] [[35mhttp[39m]: [35mGET /api/v1/masters/charger-model?activeOnly=true&manufacturerId=bb6413ee-4ed1-4c5f-8154-6ee3bcea4f2a 304 - - 4.558 ms[39m
[2026-07-24 17:37:19:3719] [[35mhttp[39m]: [35mGET /api/v1/masters/charger-model?activeOnly=true&manufacturerId=bb6413ee-4ed1-4c5f-8154-6ee3bcea4f2a 304 - - 3.624 ms[39m
[2026-07-24 17:37:19:3719] [[35mhttp[39m]: [35mGET /api/v1/photos?surveyId=24257cc6-df6c-40c2-8675-bfd6c75d8924 304 - - 3.976 ms[39m
[2026-07-24 17:37:19:3719] [[35mhttp[39m]: [35mGET /api/v1/photos?surveyId=24257cc6-df6c-40c2-8675-bfd6c75d8924 304 - - 3.533 ms[39m
[2026-07-24 17:41:26:4126] [[35mhttp[39m]: [35mGET /api/v1/auth/me 200 234 - 12.905 ms[39m
[2026-07-24 17:41:26:4126] [[35mhttp[39m]: [35mGET /api/v1/auth/me 304 - - 2.411 ms[39m
[2026-07-24 17:41:26:4126] [[35mhttp[39m]: [35mGET /api/v1/masters/charger-manufacturer?activeOnly=true 304 - - 6.546 ms[39m
[2026-07-24 17:41:26:4126] [[35mhttp[39m]: [35mGET /api/v1/survey/24257cc6-df6c-40c2-8675-bfd6c75d8924 304 - - 20.288 ms[39m
[2026-07-24 17:41:26:4126] [[35mhttp[39m]: [35mGET /api/v1/masters/connector?activeOnly=true 304 - - 19.849 ms[39m
[2026-07-24 17:41:26:4126] [[35mhttp[39m]: [35mGET /api/v1/masters/equipment?activeOnly=true 304 - - 20.511 ms[39m
[2026-07-24 17:41:26:4126] [[35mhttp[39m]: [35mGET /api/v1/masters/charger-manufacturer?activeOnly=true 304 - - 4.621 ms[39m
[2026-07-24 17:41:27:4127] [[35mhttp[39m]: [35mGET /api/v1/masters/connector?activeOnly=true 304 - - 5.035 ms[39m
[2026-07-24 17:41:27:4127] [[35mhttp[39m]: [35mGET /api/v1/masters/equipment?activeOnly=true 304 - - 7.730 ms[39m
[2026-07-24 17:41:27:4127] [[35mhttp[39m]: [35mGET /api/v1/survey/24257cc6-df6c-40c2-8675-bfd6c75d8924 304 - - 13.934 ms[39m
[2026-07-24 17:41:27:4127] [[35mhttp[39m]: [35mGET /api/v1/masters/charger-model?activeOnly=true&manufacturerId=bb6413ee-4ed1-4c5f-8154-6ee3bcea4f2a 304 - - 2.877 ms[39m
[2026-07-24 17:41:27:4127] [[35mhttp[39m]: [35mGET /api/v1/masters/charger-model?activeOnly=true&manufacturerId=bb6413ee-4ed1-4c5f-8154-6ee3bcea4f2a 304 - - 3.862 ms[39m
[2026-07-24 17:41:27:4127] [[35mhttp[39m]: [35mGET /api/v1/photos?surveyId=24257cc6-df6c-40c2-8675-bfd6c75d8924 304 - - 3.331 ms[39m
[2026-07-24 17:41:27:4127] [[35mhttp[39m]: [35mGET /api/v1/photos?surveyId=24257cc6-df6c-40c2-8675-bfd6c75d8924 304 - - 3.738 ms[39m
[2026-07-24 17:45:23:4523] [[35mhttp[39m]: [35mGET /api/v1/auth/me 304 - - 2.718 ms[39m
[2026-07-24 17:45:23:4523] [[35mhttp[39m]: [35mGET /api/v1/auth/me 304 - - 2.066 ms[39m
[2026-07-24 17:45:23:4523] [[35mhttp[39m]: [35mGET /api/v1/masters/connector?activeOnly=true 304 - - 4.237 ms[39m
[2026-07-24 17:45:23:4523] [[35mhttp[39m]: [35mGET /api/v1/masters/charger-manufacturer?activeOnly=true 304 - - 17.379 ms[39m
[2026-07-24 17:45:23:4523] [[35mhttp[39m]: [35mGET /api/v1/masters/equipment?activeOnly=true 304 - - 5.276 ms[39m
[2026-07-24 17:45:23:4523] [[35mhttp[39m]: [35mGET /api/v1/survey/0f445b73-105a-4fd3-a8e6-58a41980a5e8 304 - - 10.871 ms[39m
[2026-07-24 17:45:23:4523] [[35mhttp[39m]: [35mGET /api/v1/masters/connector?activeOnly=true 304 - - 3.593 ms[39m
[2026-07-24 17:45:23:4523] [[35mhttp[39m]: [35mGET /api/v1/masters/charger-manufacturer?activeOnly=true 304 - - 3.376 ms[39m
[2026-07-24 17:45:23:4523] [[35mhttp[39m]: [35mGET /api/v1/masters/equipment?activeOnly=true 304 - - 5.713 ms[39m
[2026-07-24 17:45:23:4523] [[35mhttp[39m]: [35mGET /api/v1/survey/0f445b73-105a-4fd3-a8e6-58a41980a5e8 304 - - 11.232 ms[39m
[2026-07-24 17:45:23:4523] [[35mhttp[39m]: [35mGET /api/v1/photos?surveyId=0f445b73-105a-4fd3-a8e6-58a41980a5e8 304 - - 4.050 ms[39m
[2026-07-24 17:45:23:4523] [[35mhttp[39m]: [35mGET /api/v1/photos?surveyId=0f445b73-105a-4fd3-a8e6-58a41980a5e8 304 - - 4.989 ms[39m
[2026-07-24 17:45:44:4544] [[35mhttp[39m]: [35mPOST /api/v1/photos 400 168 - 6.228 ms[39m
[2026-07-24 17:52:37:5237] [[35mhttp[39m]: [35mGET /api/v1/auth/me 304 - - 18.940 ms[39m
[2026-07-24 17:52:38:5238] [[35mhttp[39m]: [35mGET /api/v1/auth/me 304 - - 2.695 ms[39m
[2026-07-24 17:52:38:5238] [[35mhttp[39m]: [35mGET /api/v1/masters/equipment?activeOnly=true 304 - - 11.874 ms[39m
[2026-07-24 17:52:38:5238] [[35mhttp[39m]: [35mGET /api/v1/masters/charger-manufacturer?activeOnly=true 304 - - 23.472 ms[39m
[2026-07-24 17:52:38:5238] [[35mhttp[39m]: [35mGET /api/v1/masters/connector?activeOnly=true 304 - - 21.077 ms[39m
[2026-07-24 17:52:38:5238] [[35mhttp[39m]: [35mGET /api/v1/survey/24257cc6-df6c-40c2-8675-bfd6c75d8924 304 - - 32.755 ms[39m
[2026-07-24 17:52:38:5238] [[35mhttp[39m]: [35mGET /api/v1/masters/equipment?activeOnly=true 304 - - 6.504 ms[39m
[2026-07-24 17:52:38:5238] [[35mhttp[39m]: [35mGET /api/v1/masters/charger-manufacturer?activeOnly=true 304 - - 5.656 ms[39m
[2026-07-24 17:52:38:5238] [[35mhttp[39m]: [35mGET /api/v1/masters/connector?activeOnly=true 304 - - 3.229 ms[39m
[2026-07-24 17:52:38:5238] [[35mhttp[39m]: [35mGET /api/v1/survey/24257cc6-df6c-40c2-8675-bfd6c75d8924 304 - - 11.633 ms[39m
[2026-07-24 17:52:38:5238] [[35mhttp[39m]: [35mGET /api/v1/masters/charger-model?activeOnly=true&manufacturerId=bb6413ee-4ed1-4c5f-8154-6ee3bcea4f2a 304 - - 4.141 ms[39m
[2026-07-24 17:52:38:5238] [[35mhttp[39m]: [35mGET /api/v1/masters/charger-model?activeOnly=true&manufacturerId=bb6413ee-4ed1-4c5f-8154-6ee3bcea4f2a 304 - - 4.418 ms[39m
[2026-07-24 17:52:38:5238] [[35mhttp[39m]: [35mGET /api/v1/photos?surveyId=24257cc6-df6c-40c2-8675-bfd6c75d8924 304 - - 3.442 ms[39m
[2026-07-24 17:52:38:5238] [[35mhttp[39m]: [35mGET /api/v1/photos?surveyId=24257cc6-df6c-40c2-8675-bfd6c75d8924 304 - - 3.715 ms[39m
[2026-07-24 17:58:10:5810] [[35mhttp[39m]: [35mGET /api/v1/auth/me 304 - - 15.176 ms[39m
[2026-07-24 17:58:10:5810] [[35mhttp[39m]: [35mGET /api/v1/auth/me 304 - - 4.185 ms[39m
[2026-07-24 17:58:10:5810] [[35mhttp[39m]: [35mGET /api/v1/survey/24257cc6-df6c-40c2-8675-bfd6c75d8924 304 - - 31.684 ms[39m
[2026-07-24 17:58:10:5810] [[35mhttp[39m]: [35mGET /api/v1/masters/equipment?activeOnly=true 304 - - 22.376 ms[39m
[2026-07-24 17:58:10:5810] [[35mhttp[39m]: [35mGET /api/v1/masters/connector?activeOnly=true 304 - - 25.673 ms[39m
[2026-07-24 17:58:10:5810] [[35mhttp[39m]: [35mGET /api/v1/masters/charger-manufacturer?activeOnly=true 304 - - 34.363 ms[39m
[2026-07-24 17:58:10:5810] [[35mhttp[39m]: [35mGET /api/v1/masters/connector?activeOnly=true 304 - - 3.801 ms[39m
[2026-07-24 17:58:10:5810] [[35mhttp[39m]: [35mGET /api/v1/masters/equipment?activeOnly=true 304 - - 8.737 ms[39m
[2026-07-24 17:58:10:5810] [[35mhttp[39m]: [35mGET /api/v1/masters/charger-model?activeOnly=true&manufacturerId=bb6413ee-4ed1-4c5f-8154-6ee3bcea4f2a 304 - - 6.338 ms[39m
[2026-07-24 17:58:10:5810] [[35mhttp[39m]: [35mGET /api/v1/masters/charger-manufacturer?activeOnly=true 304 - - 4.476 ms[39m
[2026-07-24 17:58:10:5810] [[35mhttp[39m]: [35mGET /api/v1/survey/24257cc6-df6c-40c2-8675-bfd6c75d8924 304 - - 18.035 ms[39m
[2026-07-24 17:58:10:5810] [[35mhttp[39m]: [35mGET /api/v1/photos?surveyId=24257cc6-df6c-40c2-8675-bfd6c75d8924 304 - - 4.964 ms[39m
[2026-07-24 17:58:10:5810] [[35mhttp[39m]: [35mGET /api/v1/masters/charger-model?activeOnly=true&manufacturerId=bb6413ee-4ed1-4c5f-8154-6ee3bcea4f2a 304 - - 4.035 ms[39m
[2026-07-24 17:58:10:5810] [[35mhttp[39m]: [35mGET /api/v1/photos?surveyId=24257cc6-df6c-40c2-8675-bfd6c75d8924 304 - - 3.917 ms[39m
[2026-07-24 17:59:18:5918] [[35mhttp[39m]: [35mGET /api/v1/auth/me 304 - - 4.282 ms[39m
[2026-07-24 17:59:18:5918] [[35mhttp[39m]: [35mGET /api/v1/auth/me 304 - - 4.029 ms[39m
[2026-07-24 17:59:18:5918] [[35mhttp[39m]: [35mGET /api/v1/masters/charger-manufacturer?activeOnly=true 304 - - 6.626 ms[39m
[2026-07-24 17:59:18:5918] [[35mhttp[39m]: [35mGET /api/v1/masters/equipment?activeOnly=true 304 - - 9.114 ms[39m
[2026-07-24 17:59:18:5918] [[35mhttp[39m]: [35mGET /api/v1/survey/24257cc6-df6c-40c2-8675-bfd6c75d8924 304 - - 14.089 ms[39m
[2026-07-24 17:59:18:5918] [[35mhttp[39m]: [35mGET /api/v1/masters/connector?activeOnly=true 304 - - 8.991 ms[39m
[2026-07-24 17:59:18:5918] [[35mhttp[39m]: [35mGET /api/v1/masters/charger-manufacturer?activeOnly=true 304 - - 4.211 ms[39m
[2026-07-24 17:59:18:5918] [[35mhttp[39m]: [35mGET /api/v1/masters/connector?activeOnly=true 304 - - 5.521 ms[39m
[2026-07-24 17:59:18:5918] [[35mhttp[39m]: [35mGET /api/v1/survey/24257cc6-df6c-40c2-8675-bfd6c75d8924 304 - - 9.327 ms[39m
[2026-07-24 17:59:18:5918] [[35mhttp[39m]: [35mGET /api/v1/masters/equipment?activeOnly=true 304 - - 6.705 ms[39m
[2026-07-24 17:59:19:5919] [[35mhttp[39m]: [35mGET /api/v1/masters/charger-model?activeOnly=true&manufacturerId=bb6413ee-4ed1-4c5f-8154-6ee3bcea4f2a 304 - - 4.124 ms[39m
[2026-07-24 17:59:19:5919] [[35mhttp[39m]: [35mGET /api/v1/masters/charger-model?activeOnly=true&manufacturerId=bb6413ee-4ed1-4c5f-8154-6ee3bcea4f2a 304 - - 5.295 ms[39m
[2026-07-24 17:59:19:5919] [[35mhttp[39m]: [35mGET /api/v1/photos?surveyId=24257cc6-df6c-40c2-8675-bfd6c75d8924 304 - - 4.129 ms[39m
[2026-07-24 17:59:19:5919] [[35mhttp[39m]: [35mGET /api/v1/photos?surveyId=24257cc6-df6c-40c2-8675-bfd6c75d8924 304 - - 4.463 ms[39m
[2026-07-24 17:59:24:5924] [[35mhttp[39m]: [35mDELETE /api/v1/photos/3d6f83c2-c674-4d23-8c1b-2f1c8fc0ebb3 400 178 - 5.091 ms[39m
[2026-07-24 17:59:27:5927] [[35mhttp[39m]: [35mDELETE /api/v1/photos/3d6f83c2-c674-4d23-8c1b-2f1c8fc0ebb3 400 178 - 5.191 ms[39m
[2026-07-24 17:59:29:5929] [[35mhttp[39m]: [35mDELETE /api/v1/photos/3d6f83c2-c674-4d23-8c1b-2f1c8fc0ebb3 400 178 - 5.012 ms[39m
[2026-07-24 17:59:29:5929] [[35mhttp[39m]: [35mDELETE /api/v1/photos/3d6f83c2-c674-4d23-8c1b-2f1c8fc0ebb3 400 178 - 5.152 ms[39m
[2026-07-24 17:59:44:5944] [[35mhttp[39m]: [35mGET /api/v1/survey/24257cc6-df6c-40c2-8675-bfd6c75d8924 304 - - 11.980 ms[39m
[2026-07-24 17:59:44:5944] [[35mhttp[39m]: [35mGET /api/v1/survey/24257cc6-df6c-40c2-8675-bfd6c75d8924 304 - - 9.448 ms[39m
[2026-07-24 17:59:50:5950] [[35mhttp[39m]: [35mGET /api/v1/masters/connector?activeOnly=true 304 - - 4.346 ms[39m
[2026-07-24 17:59:50:5950] [[35mhttp[39m]: [35mGET /api/v1/masters/charger-manufacturer?activeOnly=true 304 - - 4.047 ms[39m
[2026-07-24 17:59:50:5950] [[35mhttp[39m]: [35mGET /api/v1/survey/24257cc6-df6c-40c2-8675-bfd6c75d8924 304 - - 11.549 ms[39m
[2026-07-24 17:59:50:5950] [[35mhttp[39m]: [35mGET /api/v1/masters/equipment?activeOnly=true 304 - - 9.787 ms[39m
[2026-07-24 17:59:50:5950] [[35mhttp[39m]: [35mGET /api/v1/masters/connector?activeOnly=true 304 - - 5.538 ms[39m
[2026-07-24 17:59:50:5950] [[35mhttp[39m]: [35mGET /api/v1/masters/charger-manufacturer?activeOnly=true 304 - - 4.799 ms[39m
[2026-07-24 17:59:50:5950] [[35mhttp[39m]: [35mGET /api/v1/masters/equipment?activeOnly=true 304 - - 6.511 ms[39m
[2026-07-24 17:59:50:5950] [[35mhttp[39m]: [35mGET /api/v1/masters/charger-model?activeOnly=true&manufacturerId=bb6413ee-4ed1-4c5f-8154-6ee3bcea4f2a 304 - - 6.059 ms[39m
[2026-07-24 17:59:50:5950] [[35mhttp[39m]: [35mGET /api/v1/survey/24257cc6-df6c-40c2-8675-bfd6c75d8924 304 - - 12.631 ms[39m
[2026-07-24 17:59:50:5950] [[35mhttp[39m]: [35mGET /api/v1/photos?surveyId=24257cc6-df6c-40c2-8675-bfd6c75d8924 304 - - 5.915 ms[39m
[2026-07-24 17:59:50:5950] [[35mhttp[39m]: [35mGET /api/v1/masters/charger-model?activeOnly=true&manufacturerId=bb6413ee-4ed1-4c5f-8154-6ee3bcea4f2a 304 - - 5.305 ms[39m
[2026-07-24 17:59:50:5950] [[35mhttp[39m]: [35mGET /api/v1/photos?surveyId=24257cc6-df6c-40c2-8675-bfd6c75d8924 304 - - 3.383 ms[39m
